No;time;zenith angle deg;bearing deg;horizontal distance m;width m;growth area %/min;growth width m/min;tower height m;joined with other cloud;in statistics;cloud base m
1;10:07:54;73.19;22.38;7796;790;;;695;0;yes;2103
1;10:08:09;73.02;21.56;7709;777;8.0;31;707;0;yes;2102
1;10:08:22;72.8;20.49;7602;761;8.8;34;726;0;yes;2101
1;10:08:34;72.59;19.57;7499;759;8.4;32;717;0;yes;2099
1;10:08:47;72.53;18.25;7465;789;7.5;29;728;0;yes;2098
1;10:09:00;72.44;17.15;7420;813;6.2;24;730;0;yes;2097
1;10:09:13;72.34;16.17;7372;814;1.9;8;733;0;yes;2096
1;10:09:26;72.3;15.16;7355;815;-1.9;-8;729;0;yes;2096
1;10:09:39;72.27;13.95;7338;811;-7.2;-29;717;0;yes;2095
1;10:09:52;72.23;12.77;7322;797;-14.2;-58;703;0;yes;2096
1;10:10:05;72.22;11.6;7318;776;-21.3;-89;676;0;yes;2096
1;10:10:18;72.27;10.43;7345;770;-27.9;-117;675;0;yes;2097
1;10:10:33;72.32;9.25;7364;748;-33.6;-142;642;0;yes;2096
1;10:10:46;72.43;8.03;7413;699;-37.6;-157;562;0;yes;2096
1;10:10:59;72.45;7.29;7422;642;-41.2;-170;521;0;yes;2095
1;10:11:12;72.42;6.22;7406;605;-43.2;-174;491;0;yes;2096
1;10:11:25;72.29;5.21;7349;566;-41.8;-160;473;0;yes;2095
1;10:11:38;72.28;3.99;7347;539;-37.3;-132;469;0;yes;2096
1;10:11:51;72.24;2.86;7327;501;-31.5;-102;463;0;yes;2095
1;10:12:04;72.22;1.66;7320;473;-26.6;-81;471;0;yes;2096
1;10:12:17;72.28;0.49;7348;482;-20.9;-59;491;0;yes;2096
1;10:12:30;72.34;359.29;7371;478;-15.2;-40;482;0;yes;2096
1;10:12:43;72.45;358.19;7421;468;-9.4;-23;503;0;yes;2096
1;10:12:55;72.63;357.17;7509;457;-5.6;-14;488;0;yes;2098
1;10:13:08;72.77;356.17;7575;418;-3.3;-8;442;0;yes;2098
1;10:13:21;72.98;354.75;7675;447;-1.0;-2;457;0;yes;2098
1;10:13:34;73.11;353.65;7739;466;3.7;9;479;0;yes;2098
1;10:13:47;73.27;352.54;7818;463;8.6;20;467;0;yes;2099
1;10:14:00;73.4;351.56;7893;459;11.3;26;407;0;yes;2101
1;10:14:13;73.51;350.74;7949;465;13.0;29;366;0;yes;2101
1;10:14:26;73.49;349.69;7940;485;14.4;32;382;0;yes;2101
1;10:14:39;73.5;348.76;7944;495;15.7;35;398;0;yes;2101
1;10:14:52;73.53;347.64;7962;502;17.5;39;405;0;yes;2102
1;10:15:05;73.59;346.19;7997;541;;;390;0;yes;2102
2;10:07:54;71.8;38.65;7167;1628;;;1203;0;yes;2103
2;10:08:09;71.66;38.23;7103;1661;12.6;102;1224;0;yes;2102
2;10:08:22;71.42;37.82;7002;1694;12.1;98;1238;0;yes;2101
2;10:08:34;71.22;37.58;6914;1716;12.2;100;1261;0;yes;2099
2;10:08:47;71.04;37.05;6838;1742;12.3;101;1284;0;yes;2098
2;10:09:00;70.85;36.55;6761;1780;11.8;98;1345;0;yes;2097
2;10:09:13;70.59;36.0;6662;1774;10.3;87;1359;0;yes;2096
2;10:09:26;70.38;35.3;6585;1810;8.2;70;1398;0;yes;2096
2;10:09:39;70.15;34.42;6500;1835;4.1;36;1441;0;yes;2095
2;10:09:52;69.92;33.65;6419;1842;0.3;3;1498;0;yes;2096
2;10:10:05;69.75;32.9;6363;1832;-2.5;-23;1556;0;yes;2096
2;10:10:18;69.58;32.04;6308;1833;-5.3;-49;1600;0;yes;2097
2;10:10:33;69.38;31.03;6239;1786;-6.7;-62;1583;0;yes;2096
2;10:10:46;69.36;30.16;6230;1770;-6.8;-63;1589;0;yes;2096
2;10:10:59;69.31;29.3;6214;1760;-6.6;-61;1587;0;yes;2095
2;10:11:12;69.24;28.42;6193;1747;-6.0;-54;1613;0;yes;2096
2;10:11:25;69.14;27.56;6158;1740;-4.6;-41;1629;0;yes;2095
2;10:11:38;69.1;26.47;6145;1717;-4.2;-38;1423;0;yes;2096
2;10:11:51;69.47;21.0;6091;1393;-4.1;-36;;0;no;2095
2;10:12:04;69.51;19.77;6050;1381;;;;0;no;2096
2;10:12:17;69.45;18.81;6011;1366;;;;0;no;2096
2;10:12:30;69.35;18.03;5970;1359;;;;0;no;2096
2;10:12:43;69.27;17.34;5929;1337;;;;0;no;2096
2;10:12:55;69.16;16.54;5896;1318;;;;0;no;2098
2;10:13:08;69.12;15.97;5859;1256;;;;0;no;2098
2;10:13:21;69.02;15.3;5827;1222;;;;0;no;2098
2;10:13:34;68.99;14.47;5783;1195;;;;0;no;2098
2;10:13:47;69.02;13.53;5750;1168;;;;0;no;2099
2;10:14:00;69.21;12.52;5725;1134;;;;0;no;2101
2;10:14:13;69.5;11.8;5689;1076;;;;0;no;2101
2;10:14:26;69.46;10.8;5651;1029;;;;0;no;2101
2;10:14:39;68.9;10.89;5618;769;;;;0;no;2101
2;10:14:52;67.18;12.41;5597;962;;;;1;no;2102
2;10:15:05;66.87;11.45;5512;965;;;;1;no;2102
2;10:15:18;66.39;10.52;5395;951;;;;1;no;2106
2;10:15:31;65.85;9.48;5260;922;;;;1;no;2106
2;10:15:44;65.25;7.8;5116;850;;;;1;no;2106
2;10:15:57;64.69;6.1;4987;766;;;;1;no;2106
2;10:16:10;64.17;4.07;4871;689;;;914;0;yes;2106
2;10:16:23;62.71;4.27;5112;444;;;;0;no;2106
2;10:16:37;62.74;4.13;5088;315;;;;0;no;2106
2;10:16:51;63.47;0.98;5063;272;;;;0;no;2106
2;10:17:04;61.13;0.9;5049;126;;;;0;no;2107
2;10:17:17;60.74;358.93;5034;70;;;;0;no;2107
3;10:07:54;53.95;99.93;3167;53;;;;0;yes;2103
3;10:08:09;52.29;100.21;2961;65;302.0;71;;0;yes;2102
3;10:08:22;50.24;99.58;2729;119;280.2;75;;0;yes;2101
3;10:08:34;48.85;98.93;2584;127;479.5;141;;0;yes;2099
3;10:08:47;47.17;99.24;2418;174;534.0;164;;0;yes;2098
3;10:09:00;45.67;100.71;2281;252;485.5;184;;1;no;2097
3;10:09:13;44.36;101.1;2167;302;426.6;186;;1;no;2096
3;10:09:26;42.64;101.31;2027;325;363.3;175;;1;no;2096
3;10:09:39;40.81;101.39;1887;345;242.5;143;;1;no;2095
3;10:09:52;38.88;101.65;1750;358;111.4;87;;0;yes;2096
3;10:10:05;36.69;102.13;1604;370;23.9;19;;0;yes;2096
3;10:10:18;34.35;102.54;1458;368;-30.3;-57;;0;yes;2097
3;10:10:33;32.31;103.2;1337;347;-42.8;-84;;0;yes;2096
3;10:10:46;29.89;104.78;1205;314;-55.0;-110;;0;yes;2096
3;10:10:59;28.0;106.91;1114;258;-59.8;-124;;0;yes;2095
3;10:11:12;26.33;109.54;1037;177;-65.0;-139;;0;yes;2096
3;10:11:25;19.75;120.81;752;75;-70.1;-154;;0;no;2095
3;10:11:38;17.31;126.83;653;43;;;;0;no;2096
4;10:07:54;68.33;122.61;5928;799;;;789;0;yes;2103
4;10:08:09;67.85;123.47;5785;775;11.8;44;853;0;yes;2102
4;10:08:22;67.21;124.48;5600;758;12.2;46;939;0;yes;2101
4;10:08:34;66.74;125.52;5470;733;5.8;22;1011;0;yes;2099
4;10:08:47;66.32;125.9;5358;800;-2.1;-7;1112;0;yes;2098
4;10:09:00;65.81;126.51;5228;846;-7.7;-30;1199;0;yes;2097
4;10:09:13;65.22;127.02;5085;852;-11.0;-44;1281;0;yes;2096
4;10:09:26;61.61;125.43;5178;1023;-6.4;-25;;0;no;2096
4;10:09:39;66.0;127.97;5270;690;1.9;10;621;0;yes;2095
4;10:09:52;65.48;128.29;5146;694;11.2;44;675;0;yes;2096
4;10:10:05;64.95;128.94;5023;735;24.3;90;724;0;yes;2096
4;10:10:18;64.39;129.45;4900;825;36.6;128;814;0;yes;2097
4;10:10:33;63.77;129.98;4764;884;41.2;141;900;0;yes;2096
4;10:10:46;63.16;131.16;4639;887;38.5;136;889;0;yes;2096
4;10:10:59;62.58;132.28;4524;917;31.8;120;950;0;yes;2095
4;10:11:12;61.95;133.23;4405;917;23.6;98;970;0;yes;2096
4;10:11:25;61.24;134.28;4276;923;21.2;91;1017;0;yes;2095
4;10:11:38;60.71;135.75;4184;971;23.4;100;1097;0;yes;2096
4;10:11:51;60.14;137.12;4087;1020;24.3;105;1261;0;yes;2095
4;10:12:04;59.14;137.88;3916;1110;;;1556;0;yes;2096
5;10:07:54;75.61;139.15;9182;382;;;263;0;yes;2103
5;10:08:09;75.43;139.21;9060;450;9.1;20;278;0;yes;2102
5;10:08:22;75.24;140.01;8932;468;7.7;17;290;0;yes;2101
5;10:08:34;75.1;140.68;8834;469;5.4;12;316;0;yes;2099
5;10:08:47;74.95;141.42;8736;475;-11.0;-23;319;0;yes;2098
5;10:09:00;74.82;142.23;8657;478;-25.7;-60;329;0;yes;2097
5;10:09:13;74.67;143.06;8560;468;-37.0;-92;324;0;yes;2096
5;10:09:26;74.53;143.87;8480;474;-44.4;-114;322;0;yes;2096
5;10:09:39;74.56;145.93;8498;363;-51.3;-134;227;0;yes;2095
5;10:09:52;74.47;146.77;8445;344;-55.6;-144;217;0;yes;2096
5;10:10:05;74.38;147.64;8393;319;-57.4;-143;198;0;yes;2096
5;10:10:18;74.29;148.56;8349;302;-57.1;-136;173;0;yes;2097
5;10:10:33;74.18;149.25;8282;266;-52.0;-106;155;0;yes;2096
5;10:10:46;74.09;150.15;8235;225;-53.9;-109;121;0;yes;2096
5;10:10:59;74.0;150.73;8182;166;;;86;0;yes;2095
6;10:07:54;60.16;198.0;4106;1263;;;1983;0;yes;2103
6;10:08:09;60.26;199.74;4121;1246;-24.9;-166;1927;0;yes;2102
6;10:08:22;60.48;201.66;4155;1230;-28.1;-188;1830;0;yes;2101
6;10:08:34;60.68;203.29;4187;1177;-30.4;-201;1727;0;yes;2099
6;10:08:47;60.97;204.96;4234;1128;-30.5;-199;1610;0;yes;2098
6;10:09:00;61.73;206.66;4366;1067;-31.1;-201;1484;0;yes;2097
6;10:09:13;62.41;208.31;4491;1012;-28.7;-180;1381;0;yes;2096
6;10:09:26;62.77;209.45;4560;959;-22.5;-133;1182;0;yes;2096
6;10:09:39;63.15;210.72;4636;940;-15.2;-85;929;0;yes;2095
6;10:09:52;63.5;211.66;4708;926;-7.7;-40;928;0;yes;2096
6;10:10:05;63.97;213.1;4807;943;-2.8;-14;929;0;yes;2096
6;10:10:18;64.4;214.4;4902;964;-9.9;-45;952;0;yes;2097
6;10:10:33;64.83;215.54;4996;971;-21.2;-100;974;0;yes;2096
6;10:10:46;65.3;216.73;5102;966;-32.4;-160;960;0;yes;2096
6;10:10:59;65.64;217.53;5182;945;-39.8;-205;940;0;yes;2095
6;10:11:12;65.84;216.66;5231;790;-43.9;-231;880;0;yes;2096
6;10:11:25;66.03;217.43;5277;721;-44.2;-230;782;0;yes;2095
6;10:11:38;66.23;218.35;5329;664;-40.8;-202;692;0;yes;2096
6;10:11:51;66.59;219.28;5420;651;-33.7;-153;643;0;yes;2095
6;10:12:04;66.97;220.28;5521;644;-25.2;-98;620;0;yes;2096
6;10:12:17;67.39;221.14;5635;636;-23.9;-85;599;0;yes;2096
6;10:12:30;67.82;222.0;5756;629;-32.8;-111;590;0;yes;2096
6;10:12:43;68.26;222.67;5886;617;-44.4;-153;578;0;yes;2096
6;10:12:55;68.56;223.23;5984;574;-52.6;-186;517;0;yes;2098
6;10:13:08;68.91;223.73;6093;536;-57.7;-205;471;0;yes;2098
6;10:13:21;68.99;224.71;6116;433;-60.1;-210;354;0;yes;2098
6;10:13:34;69.36;225.42;6237;381;-62.2;-216;298;0;yes;2098
6;10:13:47;69.81;226.28;6392;334;-62.2;-208;245;0;yes;2099
6;10:14:00;70.34;226.99;6585;292;-60.5;-189;204;0;yes;2101
6;10:14:13;71.04;228.34;6850;151;;;;0;no;2101
7;10:07:54;75.88;240.73;9367;362;;;259;0;yes;2103
7;10:08:09;76.03;241.14;9465;373;-6.6;-12;253;0;yes;2102
7;10:08:22;76.18;241.66;9569;368;-7.7;-14;233;0;yes;2101
7;10:08:34;76.35;242.18;9685;367;-9.3;-17;248;0;yes;2099
7;10:08:47;76.43;242.59;9732;358;-10.8;-20;231;0;yes;2098
7;10:09:00;76.51;243.05;9792;350;-12.6;-24;224;0;yes;2097
7;10:09:13;76.61;243.61;9860;333;-14.2;-27;223;0;yes;2096
7;10:09:26;76.92;245.1;10105;444;-15.6;-30;;1;no;2096
7;10:09:39;77.06;245.35;10213;439;;;;1;no;2095
7;10:09:52;77.18;245.59;10311;436;;;;1;no;2096
7;10:10:05;77.29;245.99;10303;440;;;;1;no;2096
7;10:10:18;77.39;246.27;10304;436;;;;1;no;2097
7;10:10:33;77.16;246.92;10297;505;;;;1;no;2096
7;10:10:46;77.27;247.26;10391;499;;;;1;no;2096
7;10:10:59;77.32;247.42;10429;468;;;;1;no;2095
7;10:11:12;77.34;248.37;10447;479;;;;1;no;2096
8;10:07:54;76.07;257.2;9500;1053;;;800;0;yes;2103
8;10:08:09;76.17;257.28;9565;1073;22.9;116;811;0;yes;2102
8;10:08:22;76.3;257.4;9655;1083;19.0;98;813;0;yes;2101
8;10:08:34;76.11;257.27;9509;1166;16.3;85;1090;0;yes;2099
8;10:08:47;76.23;257.41;9586;1176;15.9;84;1079;0;yes;2098
8;10:09:00;76.42;257.59;9720;1176;14.5;78;1075;0;yes;2097
8;10:09:13;76.61;257.79;9857;1185;11.1;61;;0;yes;2096
8;10:09:26;76.77;258.01;9984;1173;6.3;36;;0;yes;2096
8;10:09:39;76.7;258.29;9924;1221;5.6;32;;0;yes;2095
8;10:09:52;76.8;258.39;10005;1218;4.4;26;;0;yes;2096
8;10:10:05;76.89;258.5;10080;1226;3.3;19;;0;yes;2096
8;10:10:18;76.99;258.64;10160;1210;1.6;10;;0;yes;2097
8;10:10:33;77.13;258.63;10273;1220;4.0;25;;0;yes;2096
8;10:10:46;77.28;258.84;10397;1220;7.1;43;;0;yes;2096
8;10:10:59;77.38;258.81;10482;1211;9.3;56;;0;yes;2095
8;10:11:12;77.51;258.73;10599;1211;10.2;61;;0;yes;2096
8;10:11:25;77.56;257.07;10637;1318;9.9;60;;0;yes;2095
8;10:11:38;77.66;257.11;10730;1323;8.3;50;;0;yes;2096
8;10:11:51;77.78;257.17;10838;1302;7.1;43;;0;yes;2095
8;10:12:04;77.85;257.28;10902;1294;4.4;27;;0;yes;2096
8;10:12:17;77.93;257.46;10980;1284;-2.7;-18;;0;yes;2096
8;10:12:30;77.99;257.63;11037;1275;;;;0;yes;2096
9;10:07:54;65.6;291.36;5194;571;;;692;0;yes;2103
9;10:08:09;66.13;290.76;5322;594;-8.3;-25;707;0;yes;2102
9;10:08:22;66.83;290.11;5497;594;-12.3;-37;677;0;yes;2101
9;10:08:34;67.35;289.56;5635;588;-12.9;-39;666;0;yes;2099
9;10:08:47;67.87;289.08;5776;584;-12.7;-38;630;0;yes;2098
9;10:09:00;68.32;288.86;5907;560;-13.5;-41;591;0;yes;2097
9;10:09:13;68.72;288.68;6027;538;-18.3;-55;504;0;yes;2096
9;10:09:26;69.08;288.35;6140;533;-20.6;-62;504;0;yes;2096
9;10:09:39;69.33;288.15;6222;541;-20.3;-59;521;0;yes;2095
9;10:09:52;69.51;288.23;6279;548;-16.8;-48;518;0;yes;2096
9;10:10:05;69.24;288.96;6193;445;-12.0;-33;351;0;yes;2096
9;10:10:18;69.55;288.86;6296;464;-8.1;-22;380;0;yes;2097
9;10:10:33;69.87;288.59;6404;480;-3.2;-9;397;0;yes;2096
9;10:10:46;70.19;288.36;6514;492;2.3;5;391;0;yes;2096
9;10:10:59;70.44;288.14;6604;509;6.9;17;426;0;yes;2095
9;10:11:12;70.73;287.97;6713;510;3.2;8;448;0;yes;2096
9;10:11:25;70.98;287.75;6806;520;-3.5;-8;461;0;yes;2095
9;10:11:38;71.2;287.64;6895;507;-13.1;-33;451;0;yes;2096
9;10:11:51;71.45;287.6;6992;496;-19.1;-50;445;0;yes;2095
9;10:12:04;71.69;287.41;7092;486;-22.8;-60;445;0;yes;2096
9;10:12:17;71.98;287.18;7214;464;-25.3;-67;423;0;yes;2096
9;10:12:30;72.27;286.96;7342;432;-27.4;-72;424;0;yes;2096
9;10:12:43;72.6;286.68;7490;432;-27.9;-71;442;0;yes;2096
9;10:12:55;72.87;286.38;7623;417;-27.5;-67;462;0;yes;2098
9;10:13:08;73.11;286.12;7738;407;-27.6;-64;464;0;yes;2098
9;10:13:21;73.36;285.87;7863;387;-29.2;-66;449;0;yes;2098
9;10:13:34;73.75;285.67;8061;365;-31.4;-71;410;0;yes;2098
9;10:13:47;74.17;285.69;8290;321;-32.2;-72;308;0;yes;2099
9;10:14:00;74.51;285.49;8144;300;-33.9;-75;;0;no;2101
9;10:14:13;74.83;285.38;8242;265;;;;0;no;2101
9;10:14:26;75.13;285.35;8335;205;;;;0;no;2101
9;10:14:39;75.36;285.06;8433;173;;;;0;no;2101
10;10:07:54;75.12;315.5;8867;1326;;;960;0;yes;2103
10;10:08:09;75.15;315.05;8878;1304;-7.3;-48;933;0;yes;2102
10;10:08:22;75.19;314.72;8897;1303;-10.1;-67;910;0;yes;2101
10;10:08:34;75.28;314.31;8949;1308;-12.1;-81;925;0;yes;2099
10;10:08:47;75.35;313.86;8990;1294;-14.6;-98;887;0;yes;2098
10;10:09:00;75.34;313.6;8979;1238;-19.5;-131;863;0;yes;2097
10;10:09:13;75.37;313.2;8993;1217;-21.9;-147;861;0;yes;2096
10;10:09:26;75.41;313.13;9020;1187;-21.9;-146;826;0;yes;2096
10;10:09:39;75.39;312.76;9006;1137;-20.1;-131;819;0;yes;2095
10;10:09:52;75.33;312.56;8968;1087;-16.5;-103;792;0;yes;2096
10;10:10:05;75.38;312.07;8998;1082;-13.2;-80;794;0;yes;2096
10;10:10:18;75.37;311.84;8998;1041;-9.1;-53;726;0;yes;2097
10;10:10:33;75.53;311.25;9094;1071;-4.9;-27;754;0;yes;2096
10;10:10:46;75.67;311.34;9186;1090;-2.5;-14;749;0;yes;2096
10;10:10:59;75.72;310.88;9218;1068;-2.5;-14;723;0;yes;2095
10;10:11:12;75.85;310.53;9307;1069;-4.9;-26;727;0;yes;2096
10;10:11:25;75.96;310.24;9383;1077;-7.3;-39;724;0;yes;2095
10;10:11:38;76.05;310.23;9452;1057;-9.4;-51;713;0;yes;2096
10;10:11:51;76.11;310.32;9490;1058;-10.5;-57;697;0;yes;2095
10;10:12:04;76.17;309.85;9535;1012;-10.7;-58;657;0;yes;2096
10;10:12:17;76.32;309.38;9645;997;-10.0;-54;638;0;yes;2096
10;10:12:30;76.46;308.97;9749;991;-8.3;-44;619;0;yes;2096
10;10:12:43;76.61;308.67;9863;988;-7.0;-36;613;0;yes;2096
10;10:12:55;76.74;308.61;9969;984;-6.2;-31;580;0;yes;2098
10;10:13:08;76.84;308.42;10047;997;-9.1;-46;579;0;yes;2098
10;10:13:21;76.91;308.36;10107;986;-13.4;-68;608;0;yes;2098
10;10:13:34;77.02;308.16;10189;967;-17.6;-90;607;0;yes;2098
10;10:13:47;77.09;308.03;10258;938;-21.1;-108;591;0;yes;2099
10;10:14:00;77.23;308.08;10380;902;-22.4;-114;;0;yes;2101
10;10:14:13;77.3;307.93;10444;870;-21.7;-109;;0;yes;2101
10;10:14:26;77.37;307.42;10503;844;-20.2;-98;;0;yes;2101
10;10:14:39;77.44;307.0;10563;818;-19.8;-93;;0;yes;2101
10;10:14:52;77.52;306.71;10638;819;-21.6;-98;;0;yes;2102
10;10:15:05;77.62;306.28;10727;816;-22.4;-98;;0;yes;2102
10;10:15:18;77.73;306.0;10839;794;-22.4;-97;;0;yes;2106
10;10:15:31;77.77;305.88;10881;751;-23.6;-102;;0;yes;2106
10;10:15:44;77.79;305.72;10901;699;-26.3;-115;;0;yes;2106
10;10:15:57;77.9;305.39;10998;696;-28.2;-124;;0;yes;2106
10;10:16:10;77.99;305.11;11081;654;;;;0;yes;2106
11;10:07:54;64.51;348.86;4849;568;;;;0;no;2103
11;10:08:09;64.54;346.94;4945;569;-6.4;-18;517;0;yes;2102
11;10:08:22;64.67;344.59;4970;565;-10.0;-29;512;0;yes;2101
11;10:08:34;64.83;342.36;5002;572;-12.4;-36;512;0;yes;2099
11;10:08:47;64.99;340.25;5035;569;-18.5;-54;499;0;yes;2098
11;10:09:00;65.16;338.44;5072;541;-29.5;-87;481;0;yes;2097
11;10:09:13;65.36;336.36;5117;515;-33.7;-102;475;0;yes;2096
11;10:09:26;66.17;332.35;5313;406;-38.3;-119;417;0;yes;2096
11;10:09:39;66.69;330.35;5411;391;-18.5;-51;;0;no;2095
11;10:09:52;67.23;328.45;5511;400;-5.0;-13;;0;no;2096
11;10:10:05;67.62;327.09;5625;413;5.5;12;;0;no;2096
11;10:10:18;68.03;325.92;5733;438;14.5;32;;0;no;2097
11;10:10:33;68.41;325.02;5841;442;24.2;51;;0;no;2096
11;10:10:46;68.52;325.45;5965;503;24.6;50;;1;no;2096
11;10:10:59;68.85;323.83;6065;508;-11.1;-29;442;0;yes;2095
11;10:11:12;69.13;323.0;6156;521;-18.2;-48;449;0;yes;2096
11;10:11:25;69.42;322.15;6250;527;-23.4;-62;472;0;yes;2095
11;10:11:38;69.65;321.45;6327;504;-30.2;-82;461;0;yes;2096
11;10:11:51;69.89;320.96;6409;462;-36.9;-102;443;0;yes;2095
11;10:12:04;70.24;319.93;6534;430;-43.5;-120;423;0;yes;2096
11;10:12:17;70.49;319.27;6625;403;-51.0;-138;297;0;yes;2096
11;10:12:30;70.73;318.36;6714;390;-61.7;-163;269;0;yes;2096
11;10:12:43;70.96;317.66;6800;355;-67.6;-170;213;0;yes;2096
11;10:12:55;71.29;317.12;6936;314;-70.2;-170;195;0;yes;2098
11;10:13:08;71.64;316.83;7078;268;-69.9;-160;175;0;yes;2098
11;10:13:21;72.07;315.06;7259;195;-71.8;-162;151;0;yes;2098
11;10:13:34;72.34;314.28;7380;177;-71.7;-154;140;0;yes;2098
11;10:13:47;72.54;313.36;7475;171;-69.0;-134;137;0;yes;2099
11;10:14:00;72.69;312.47;7550;119;;;110;0;yes;2101
12;10:07:54;75.29;349.82;8973;262;;;187;0;yes;2103
12;10:08:09;75.04;348.45;8813;372;114.5;177;347;0;yes;2102
12;10:08:22;75.03;347.41;8801;470;92.5;154;418;0;yes;2101
12;10:08:34;75.03;346.58;8792;524;35.4;71;450;0;yes;2099
12;10:08:47;75.04;345.73;8790;557;-22.4;-30;478;0;yes;2098
12;10:09:00;75.05;344.96;8793;580;-57.4;-140;494;0;yes;2097
12;10:09:13;75.22;347.1;8694;747;-72.3;-218;;1;no;2096
12;10:09:26;75.31;346.77;8606;774;-78.5;-262;;1;no;2096
12;10:09:39;75.38;346.28;8528;804;-82.5;-278;;1;no;2095
12;10:09:52;74.49;338.04;8459;239;-84.8;-268;197;0;yes;2096
12;10:10:05;74.58;336.89;8508;209;-85.9;-229;164;0;yes;2096
12;10:10:18;74.68;335.83;8571;189;-83.1;-167;137;0;yes;2097
12;10:10:33;74.84;334.85;8664;139;-79.0;-112;93;0;yes;2096
12;10:10:46;74.96;334.06;8736;77;-83.6;-125;70;0;yes;2096
12;10:10:59;75.0;332.96;8758;52;;;46;0;yes;2095
13;10:07:54;75.54;356.51;9137;248;;;193;0;yes;2103
13;10:08:09;75.5;355.6;9104;278;97.5;116;196;0;yes;2102
13;10:08:22;75.56;354.72;9136;345;83.7;106;206;0;yes;2101
13;10:08:34;75.52;353.86;9104;376;74.5;99;224;0;yes;2099
13;10:08:47;75.54;353.0;9113;401;74.5;99;233;0;yes;2098
13;10:09:00;75.52;352.33;9093;433;61.4;89;275;0;yes;2097
13;10:09:13;75.22;347.1;9062;747;48.4;77;;1;no;2096
13;10:09:26;75.31;346.77;9036;774;;;;1;no;2096
13;10:09:39;75.38;346.28;9014;804;;;;1;no;2095
13;10:09:52;75.56;346.87;8995;787;;;;0;no;2096
13;10:10:05;75.61;346.59;8990;807;;;;0;no;2096
13;10:10:18;75.67;346.3;8979;836;;;;0;no;2097
13;10:10:33;75.32;347.31;8962;991;;;;1;no;2096
13;10:10:46;75.28;347.05;8934;1054;;;;1;no;2096
13;10:10:59;75.26;346.64;8922;1093;;;;1;no;2095
13;10:11:12;75.25;346.17;8912;1121;;;;1;no;2096
13;10:11:25;75.27;345.87;8924;1165;;;;1;no;2095
13;10:11:38;75.29;345.21;8941;1198;11.5;69;;1;no;2096
13;10:11:51;75.31;344.53;8953;1227;12.0;72;894;0;yes;2095
13;10:12:04;75.35;343.83;8976;1261;12.4;75;912;0;yes;2096
13;10:12:17;75.39;343.14;9003;1283;12.1;74;915;0;yes;2096
13;10:12:30;75.42;342.42;9025;1306;11.2;69;925;0;yes;2096
13;10:12:43;75.48;341.63;9060;1325;10.0;63;930;0;yes;2096
13;10:12:55;75.52;340.86;9100;1343;8.8;56;929;0;yes;2098
13;10:13:08;75.57;340.11;9129;1350;7.6;49;918;0;yes;2098
13;10:13:21;75.59;339.36;9144;1353;6.0;39;925;0;yes;2098
13;10:13:34;75.64;338.58;9178;1358;4.7;31;932;0;yes;2098
13;10:13:47;75.67;337.79;9200;1365;3.7;25;934;0;yes;2099
13;10:14:00;75.74;336.94;9257;1376;3.3;22;935;0;yes;2101
13;10:14:13;75.82;336.19;9315;1380;2.9;20;924;0;yes;2101
13;10:14:26;75.89;335.37;9360;1382;2.1;14;923;0;yes;2101
13;10:14:39;75.98;334.57;9421;1386;0.6;4;912;0;yes;2101
13;10:14:52;76.06;333.78;9488;1383;-1.6;-11;907;0;yes;2102
13;10:15:05;76.16;332.99;9558;1387;-4.3;-30;910;0;yes;2102
13;10:15:18;76.28;332.15;9660;1390;-7.2;-50;925;0;yes;2106
13;10:15:31;76.41;331.42;9752;1371;-10.2;-72;903;0;yes;2106
13;10:15:44;76.54;330.79;9852;1347;-14.5;-103;834;0;yes;2106
13;10:15:57;76.6;330.24;9898;1316;-18.9;-134;810;0;yes;2106
13;10:16:10;76.66;329.71;9945;1291;-22.5;-159;849;0;yes;2106
13;10:16:23;76.74;329.24;10012;1264;-24.0;-168;;0;yes;2106
13;10:16:37;76.8;328.73;10053;1202;-23.3;-161;;0;yes;2106
13;10:16:51;76.91;328.3;10142;1147;-21.2;-142;;0;yes;2106
13;10:17:04;76.96;327.71;10191;1108;-17.7;-115;;0;yes;2107
13;10:17:17;77.02;327.07;10237;1092;-13.0;-81;;0;yes;2107
13;10:17:30;77.08;326.54;10291;1094;-7.1;-42;;0;yes;2107
13;10:17:43;77.17;326.01;10412;1097;-3.3;-19;;0;yes;2117
13;10:17:56;77.26;325.52;10488;1108;-1.5;-8;;0;yes;2118
13;10:18:09;77.34;324.91;10560;1108;-1.6;-9;;0;yes;2118
13;10:18:22;77.43;324.37;10656;1102;-2.6;-14;;0;yes;2121
13;10:18:35;77.52;323.7;10736;1085;-3.8;-21;;0;yes;2122
13;10:18:47;77.61;323.09;10817;1082;-5.9;-33;;0;yes;2122
13;10:19:00;77.71;322.62;10904;1087;-8.1;-45;;0;yes;2122
13;10:19:13;77.77;322.18;10966;1075;-8.9;-50;;0;yes;2123
13;10:19:26;77.86;321.83;11056;1064;-9.4;-52;;0;yes;2123
13;10:19:39;77.94;321.8;11126;1018;-11.1;-62;;0;yes;2123
13;10:19:52;78.0;321.5;11184;993;;;;0;yes;2123
14;10:08:09;71.7;289.05;7117;96;;;95;0;yes;2102
14;10:08:22;72.04;288.21;7260;128;36.0;22;98;0;yes;2101
14;10:08:34;72.28;287.59;7360;137;42.1;25;112;0;yes;2099
14;10:08:47;72.57;287.0;7485;143;71.4;43;117;0;yes;2098
14;10:09:00;72.85;286.46;7610;143;80.9;49;124;0;yes;2097
14;10:09:13;73.19;285.93;7770;153;96.6;59;141;0;yes;2096
14;10:09:26;73.54;285.42;7943;164;100.4;62;145;0;yes;2096
14;10:09:39;74.03;285.58;8202;211;91.8;60;176;0;yes;2095
14;10:09:52;74.35;285.35;8377;228;76.0;53;162;0;yes;2096
14;10:10:05;74.63;284.92;8540;212;28.0;23;122;0;yes;2096
14;10:10:18;74.95;284.8;8734;230;-4.3;-4;138;0;yes;2097
14;10:10:33;75.24;284.53;8910;238;-29.9;-34;147;0;yes;2096
14;10:10:46;75.52;284.31;9091;227;-38.2;-46;133;0;yes;2096
14;10:10:59;75.79;284.77;9268;172;-43.9;-55;122;0;yes;2095
14;10:11:12;75.98;284.31;9396;172;-44.8;-55;124;0;yes;2096
14;10:11:25;76.1;283.73;9480;157;-46.0;-56;111;0;yes;2095
14;10:11:38;76.27;283.16;9604;155;-43.3;-51;108;0;yes;2096
14;10:11:51;76.46;282.73;9746;145;-28.4;-27;108;0;yes;2095
14;10:12:04;76.65;282.38;9893;132;;;92;0;yes;2096
15;10:08:34;60.27;281.52;4117;49;;;;0;no;2099
15;10:08:47;61.12;281.57;4259;90;58.6;25;88;0;yes;2098
15;10:09:00;61.96;282.14;4408;103;54.0;24;95;0;yes;2097
15;10:09:13;62.88;282.51;4583;111;47.0;22;93;0;yes;2096
15;10:09:26;63.63;282.11;4735;125;40.2;19;110;0;yes;2096
15;10:09:39;63.26;280.96;4881;191;22.7;12;;1;no;2095
15;10:09:52;64.96;281.25;5023;126;9.4;5;116;0;yes;2096
15;10:10:05;65.69;280.85;5196;124;-0.1;0;;0;no;2096
15;10:10:18;67.14;278.38;5393;242;-8.8;-6;;1;no;2097
15;10:10:33;67.77;278.21;5587;228;-12.1;-8;;1;no;2096
15;10:10:46;68.34;277.99;5802;214;-11.0;-7;;1;no;2096
15;10:10:59;68.62;280.37;5993;115;-7.8;-5;91;0;yes;2095
15;10:11:12;69.14;280.43;6160;112;-4.1;-2;97;0;yes;2096
15;10:11:25;69.6;280.5;6311;119;-1.4;-1;110;0;yes;2095
15;10:11:38;70.07;280.55;6472;122;-2.0;-1;108;0;yes;2096
15;10:11:51;70.48;280.6;6619;115;-4.4;-2;100;0;yes;2095
15;10:12:04;70.87;280.71;6765;105;-7.0;-4;76;0;yes;2096
15;10:12:17;71.2;281.18;6895;39;;;;0;no;2096
16;10:08:47;65.24;180.64;5093;160;;;158;0;yes;2098
16;10:09:00;65.36;182.06;5120;218;114.3;103;223;0;yes;2097
16;10:09:13;65.51;183.52;5152;265;103.8;100;256;0;yes;2096
16;10:09:26;65.6;185.1;5175;292;88.1;90;281;0;yes;2096
16;10:09:39;65.75;186.54;5210;311;72.4;78;292;0;yes;2095
16;10:09:52;65.88;188.01;5242;328;50.0;61;295;0;yes;2096
16;10:10:05;66.01;189.41;5274;347;30.2;41;301;0;yes;2096
16;10:10:18;66.16;190.83;5314;362;7.6;12;311;0;yes;2097
16;10:10:33;66.3;192.16;5346;363;-11.2;-18;309;0;yes;2096
16;10:10:46;66.46;193.83;5388;347;-32.4;-56;292;0;yes;2096
16;10:10:59;66.64;195.18;5434;339;-46.7;-87;286;0;yes;2095
16;10:11:12;66.8;196.38;5477;301;-55.7;-108;269;0;yes;2096
16;10:11:25;67.01;197.62;5531;275;-65.0;-128;255;0;yes;2095
16;10:11:38;67.09;198.67;5552;219;-69.1;-141;181;0;yes;2096
16;10:11:51;67.39;200.07;5635;181;-72.2;-148;170;0;yes;2095
16;10:12:04;67.55;200.96;5681;108;-73.3;-143;121;0;yes;2096
16;10:12:17;67.61;201.52;5698;57;;;;0;no;2096
17;10:08:47;62.01;278.35;4421;66;;;;0;no;2098
17;10:09:00;62.86;278.24;4581;106;134.8;66;110;0;yes;2097
17;10:09:13;63.82;277.96;4774;136;115.2;61;139;0;yes;2096
17;10:09:26;64.75;277.77;4977;170;98.6;56;169;0;yes;2096
17;10:09:39;65.49;277.47;5148;181;80.0;48;175;0;yes;2095
17;10:09:52;66.13;277.22;5305;198;45.3;32;192;0;yes;2096
17;10:10:05;66.74;277.15;5461;208;17.1;14;198;0;yes;2096
17;10:10:18;67.14;278.38;5570;242;-2.6;-2;;1;no;2097
17;10:10:33;67.77;278.21;5744;228;-15.7;-15;;1;no;2096
17;10:10:46;68.34;277.99;5909;214;-31.8;-32;;1;no;2096
17;10:10:59;68.62;277.45;5994;194;-40.4;-43;266;0;yes;2095
17;10:11:12;69.04;277.41;6126;175;-43.4;-46;255;0;yes;2096
17;10:11:25;69.68;277.45;6337;162;-40.6;-42;195;0;yes;2095
17;10:11:38;70.56;278.17;6649;117;-32.7;-31;103;0;yes;2096
17;10:11:51;70.91;278.07;6782;129;-23.7;-21;114;0;yes;2095
17;10:12:04;71.23;277.95;6905;132;-18.4;-16;122;0;yes;2096
17;10:12:17;71.45;278.01;6993;144;-7.9;-7;198;0;yes;2096
17;10:12:30;71.69;277.91;7093;140;16.5;10;199;0;yes;2096
17;10:12:43;72.41;277.47;7405;87;;;;0;no;2096
18;10:09:13;76.72;50.47;9947;94;;;;0;no;2096
18;10:09:26;76.72;50.03;9943;168;;;192;0;yes;2096
18;10:09:39;76.64;49.78;9852;238;;;;0;no;2095
18;10:09:52;76.49;48.15;9770;414;;;;1;no;2096
18;10:10:05;76.3;47.6;9632;477;519.7;325;;1;no;2096
18;10:10:18;76.13;47.11;9512;509;586.3;348;;1;no;2097
18;10:10:33;75.95;46.64;9377;529;577.8;355;;1;no;2096
18;10:10:46;75.74;46.17;9235;573;451.4;333;;1;no;2096
18;10:10:59;75.6;45.73;9140;607;48.0;138;;1;no;2095
18;10:11:12;75.46;45.25;9051;634;44.8;132;385;0;yes;2096
18;10:11:25;75.38;44.9;8999;686;41.3;125;439;0;yes;2095
18;10:11:38;75.25;43.84;8916;758;41.2;128;479;0;yes;2096
18;10:11:51;75.07;43.16;8804;777;38.6;125;506;0;yes;2095
18;10:12:04;74.97;42.52;8742;799;34.7;118;523;0;yes;2096
18;10:12:17;74.85;41.85;8666;816;29.8;106;525;0;yes;2096
18;10:12:30;74.79;41.35;8635;861;25.1;94;577;0;yes;2096
18;10:12:43;74.69;40.76;8573;878;20.9;80;596;0;yes;2096
18;10:12:55;74.57;40.2;8512;889;15.7;63;606;0;yes;2098
18;10:13:08;74.47;39.6;8457;900;9.5;40;611;0;yes;2098
18;10:13:21;74.36;39.02;8393;911;0.6;3;638;0;yes;2098
18;10:13:34;74.21;38.4;8308;911;-5.2;-23;646;0;yes;2098
18;10:13:47;74.05;37.81;8223;906;-10.1;-46;656;0;yes;2099
18;10:14:00;73.91;37.29;8156;891;-14.3;-66;666;0;yes;2101
18;10:14:13;73.78;36.95;8088;851;-17.4;-81;638;0;yes;2101
18;10:14:26;73.61;36.4;7998;836;-19.6;-91;592;0;yes;2101
18;10:14:39;73.4;35.79;7894;819;-21.3;-98;567;0;yes;2101
18;10:14:52;73.18;35.16;7791;799;-22.1;-99;541;0;yes;2102
18;10:15:05;73.05;34.58;7725;779;-23.8;-103;566;0;yes;2102
18;10:15:18;72.85;34.04;7644;758;-33.9;-145;585;0;yes;2106
18;10:15:31;72.7;33.43;7571;732;-40.7;-174;585;0;yes;2106
18;10:15:44;72.53;32.72;7493;707;-49.8;-212;574;0;yes;2106
18;10:15:57;72.39;32.12;7429;666;-57.2;-242;547;0;yes;2106
18;10:16:10;72.3;30.85;7391;518;-62.8;-262;520;0;yes;2106
18;10:16:23;72.29;31.18;7385;538;-68.3;-275;498;0;yes;2106
18;10:16:37;72.22;29.1;7353;428;-71.9;-273;434;0;yes;2106
18;10:16:51;72.17;28.18;7333;378;-74.1;-255;333;0;yes;2106
18;10:17:04;72.04;27.46;7281;332;-76.6;-229;298;0;yes;2107
18;10:17:17;72.03;26.61;7275;269;-78.8;-230;233;0;yes;2107
18;10:17:30;72.01;26.02;7266;195;-79.6;-213;224;0;yes;2107
18;10:17:43;71.7;24.75;7170;101;-81.6;-210;182;0;yes;2117
18;10:17:56;70.86;23.76;6833;54;;;;0;no;2118
19;10:09:13;76.42;153.25;9714;119;;;95;0;yes;2096
19;10:09:26;76.37;154.1;9681;165;150.7;97;138;0;yes;2096
19;10:09:39;76.31;154.96;9631;185;156.9;105;149;0;yes;2095
19;10:09:52;76.2;155.76;9559;204;153.1;108;150;0;yes;2096
19;10:10:05;76.17;156.53;9537;231;142.2;106;166;0;yes;2096
19;10:10:18;76.15;157.18;9528;274;135.1;108;172;0;yes;2097
19;10:10:33;76.11;157.92;9491;299;115.4;103;171;0;yes;2096
19;10:10:46;76.05;158.86;9446;320;91.8;94;197;0;yes;2096
19;10:10:59;75.99;159.59;9409;333;68.6;81;215;0;yes;2095
19;10:11:12;75.9;160.36;9346;350;48.3;66;237;0;yes;2096
19;10:11:25;75.82;161.03;9291;355;37.9;56;250;0;yes;2095
19;10:11:38;75.76;161.81;9246;376;29.2;46;259;0;yes;2096
19;10:11:51;75.7;162.62;9204;388;22.8;38;256;0;yes;2095
19;10:12:04;75.63;163.44;9162;390;16.9;29;254;0;yes;2096
19;10:12:17;75.59;164.39;9137;395;12.3;22;247;0;yes;2096
19;10:12:30;75.57;165.35;9119;396;10.9;21;236;0;yes;2096
19;10:12:43;75.52;166.35;9088;401;13.8;27;250;0;yes;2096
19;10:12:55;75.45;167.47;9050;398;19.4;37;250;0;yes;2098
19;10:13:08;75.37;168.61;9003;400;25.2;48;256;0;yes;2098
19;10:13:21;75.25;169.83;8923;426;31.2;59;323;0;yes;2098
19;10:13:34;75.14;170.81;8852;458;49.3;94;339;0;yes;2098
19;10:13:47;75.12;171.86;8847;491;62.4;118;364;0;yes;2099
19;10:14:00;74.86;174.75;8822;382;69.3;133;;0;no;2101
19;10:14:13;74.77;175.95;8802;381;66.4;133;;0;no;2101
19;10:14:26;74.74;177.05;8785;390;61.2;128;;0;no;2101
19;10:14:39;74.71;178.14;8771;404;52.0;115;;0;no;2101
19;10:14:52;74.95;176.96;8754;590;44.2;104;346;0;yes;2102
19;10:15:05;74.91;177.83;8735;618;35.8;92;350;0;yes;2102
19;10:15:18;74.89;178.61;8733;632;27.3;79;366;0;yes;2106
19;10:15:31;74.86;179.36;8715;638;31.6;93;371;0;yes;2106
19;10:15:44;74.79;180.14;8672;676;36.5;108;402;0;yes;2106
19;10:15:57;74.74;181.06;8643;705;41.5;124;423;0;yes;2106
19;10:16:10;74.68;182.05;8611;740;43.8;134;455;0;yes;2106
19;10:16:23;74.61;183.1;8566;764;42.1;133;480;0;yes;2106
19;10:16:37;74.59;184.22;8556;798;37.3;124;506;0;yes;2106
19;10:16:51;74.57;185.22;8544;832;35.0;122;518;0;yes;2106
19;10:17:04;74.58;186.25;8554;855;31.3;114;530;0;yes;2107
19;10:17:17;74.59;187.17;8564;868;28.1;107;552;0;yes;2107
19;10:17:30;74.61;188.09;8572;894;23.2;92;578;0;yes;2107
19;10:17:43;74.61;188.92;8614;928;18.4;76;615;0;yes;2117
19;10:17:56;74.64;189.92;8635;938;14.5;61;613;0;yes;2118
19;10:18:09;74.68;190.89;8660;952;10.4;45;623;0;yes;2118
19;10:18:22;74.72;191.9;8696;966;5.8;26;633;0;yes;2121
19;10:18:35;74.74;192.89;8713;965;2.4;11;618;0;yes;2122
19;10:18:47;74.75;193.77;8718;949;0.8;4;587;0;yes;2122
19;10:19:00;74.81;194.66;8754;952;-0.7;-3;588;0;yes;2122
19;10:19:13;74.9;195.65;8809;955;-19.2;-86;582;0;yes;2123
19;10:19:26;74.96;196.62;8850;944;-31.8;-154;594;0;yes;2123
19;10:19:39;75.03;197.6;8905;919;-39.9;-203;;0;no;2123
19;10:19:52;75.14;198.51;8959;895;-44.9;-234;;0;no;2123
19;10:20:05;75.23;199.46;9021;876;-47.4;-248;;0;no;2124
19;10:20:20;75.29;200.77;9088;807;-49.1;-252;;0;no;2126
19;10:20:33;75.42;200.16;9167;683;-46.8;-228;456;0;yes;2129
19;10:20:46;75.42;201.02;9168;641;-41.6;-182;426;0;yes;2129
19;10:20:59;75.41;201.73;9170;599;-31.1;-109;356;0;yes;2132
19;10:21:12;75.4;202.48;9162;547;-31.1;-106;310;0;yes;2132
19;10:21:25;75.55;203.21;9265;544;-29.9;-98;317;0;yes;2132
19;10:21:37;75.74;204.07;9404;519;-33.1;-104;307;0;yes;2134
19;10:21:51;75.88;204.96;9536;499;-39.9;-120;306;0;yes;2142
19;10:22:04;76.0;205.55;9626;478;-44.3;-128;306;0;yes;2142
19;10:22:17;75.98;204.3;9633;351;-47.3;-136;225;0;yes;2148
19;10:22:29;76.08;204.9;9682;348;-46.2;-128;;0;no;2148
19;10:22:42;76.18;205.57;9740;334;-42.9;-113;;0;no;2148
19;10:22:57;76.27;206.32;9808;324;-37.0;-92;;0;no;2149
19;10:23:10;76.33;207.05;9881;300;-27.5;-63;;0;no;2149
19;10:23:23;76.4;208.05;9948;332;-13.2;-26;234;0;yes;2149
19;10:23:36;76.43;209.25;9975;329;-1.8;-3;223;0;yes;2149
19;10:23:49;76.56;210.04;10066;340;-5.0;-8;212;0;yes;2148
19;10:24:02;76.72;210.74;10193;343;-12.2;-20;197;0;yes;2148
19;10:24:15;76.86;211.45;10292;336;-17.5;-30;186;0;yes;2145
19;10:24:28;77.0;212.14;10390;334;-20.3;-35;189;0;yes;2142
19;10:24:41;77.07;212.93;10452;302;-20.6;-36;193;0;yes;2142
19;10:24:54;77.11;213.47;10481;289;-18.8;-32;196;0;yes;2142
19;10:25:07;77.14;213.85;10511;268;-15.1;-26;190;0;yes;2142
19;10:25:22;77.18;214.75;10546;284;-9.5;-15;161;0;yes;2142
19;10:25:35;77.32;215.49;10664;288;-1.3;-2;158;0;yes;2142
19;10:25:48;77.44;216.17;10769;290;0.9;1;155;0;yes;2142
19;10:26:01;77.6;216.8;10910;303;1.1;2;152;0;yes;2142
19;10:26:14;77.73;217.45;11035;296;1.0;2;151;0;yes;2142
19;10:26:27;77.87;218.06;11165;289;0.6;1;;0;yes;2142
19;10:26:40;77.97;218.75;11259;277;;;;0;yes;2142
20;10:09:26;77.74;110.5;10797;93;;;89;0;yes;2096
20;10:09:39;77.5;110.87;10584;110;3.7;3;117;0;yes;2095
20;10:09:52;77.36;111.25;10466;135;-14.2;-8;140;0;yes;2096
20;10:10:05;77.25;111.65;10372;158;-19.6;-12;148;0;yes;2096
20;10:10:18;77.08;112.12;10240;166;-20.8;-13;147;0;yes;2097
20;10:10:33;77.04;112.24;10198;108;-29.3;-20;71;0;yes;2096
20;10:10:46;76.86;112.77;10051;99;-30.7;-22;71;0;yes;2096
20;10:10:59;76.71;113.29;9939;101;-25.0;-17;75;0;yes;2095
20;10:11:12;76.53;113.85;9800;103;-24.9;-16;82;0;yes;2096
20;10:11:25;76.37;114.35;9678;120;-30.7;-16;100;0;yes;2095
20;10:11:38;76.15;114.95;9520;105;-34.3;-18;78;0;yes;2096
20;10:11:51;75.94;115.64;9373;67;-41.4;-23;58;0;yes;2095
20;10:12:04;75.91;114.83;9351;98;-50.4;-30;;1;no;2096
20;10:12:17;75.66;115.53;9184;97;;;;1;no;2096
20;10:12:30;75.48;116.25;9063;90;;;;1;no;2096
21;10:09:26;58.0;121.04;3051;65;;;;0;no;2096
21;10:09:39;53.32;120.63;3076;430;388.6;566;;0;yes;2095
21;10:09:52;54.21;124.03;3188;673;265.4;471;;1;no;2096
21;10:10:05;52.85;125.17;3019;731;192.1;394;1405;0;yes;2096
21;10:10:18;51.07;127.9;2814;1054;145.6;333;2167;0;yes;2097
21;10:10:33;49.83;128.68;2680;1204;73.0;226;2318;0;yes;2096
21;10:10:46;47.95;130.32;2490;973;35.8;139;2361;0;yes;2096
21;10:10:59;46.38;131.8;2343;1020;16.6;77;;0;yes;2095
21;10:11:12;44.91;133.67;2214;1028;10.8;54;;0;yes;2096
21;10:11:25;43.42;135.56;2089;1043;13.2;66;;0;yes;2095
21;10:11:38;41.8;137.57;1962;1071;15.3;77;;0;yes;2096
21;10:11:51;40.33;140.01;1852;1112;17.3;86;;0;yes;2095
21;10:12:04;38.86;142.56;1748;1147;19.0;94;;0;yes;2096
21;10:12:17;42.75;143.5;2036;1460;58.3;299;;1;no;2096
21;10:12:30;42.19;146.17;1992;1499;72.6;364;;1;no;2096
21;10:12:43;41.77;149.1;1960;1523;76.9;385;;1;no;2096
21;10:12:55;41.96;152.0;1976;1574;74.2;378;;1;no;2098
21;10:13:08;43.53;154.83;2100;1590;64.9;344;;1;no;2098
21;10:13:21;35.96;161.09;1558;57;46.0;263;;1;no;2098
21;10:13:34;43.63;159.2;2108;1617;6.3;50;;0;yes;2098
21;10:13:47;43.63;161.07;2110;1631;7.0;56;;0;yes;2099
21;10:14:00;43.6;163.14;2110;1647;7.3;58;;0;yes;2101
21;10:14:13;43.5;165.63;2101;1664;7.4;59;;0;yes;2101
21;10:14:26;43.5;167.94;2102;1686;6.9;56;;0;yes;2101
21;10:14:39;43.52;170.02;2103;1704;5.8;47;;0;yes;2101
21;10:14:52;43.44;171.37;2098;1713;4.1;34;;0;yes;2102
21;10:15:05;43.23;173.1;2081;1722;2.2;18;;0;yes;2102
21;10:15:18;42.91;175.27;2059;1718;0.5;4;;0;yes;2106
21;10:15:31;42.58;177.63;2032;1713;-0.5;-4;;0;yes;2106
21;10:15:44;42.39;179.89;2018;1706;-0.8;-6;;0;yes;2106
21;10:15:57;42.38;182.4;2017;1704;0.3;3;;0;yes;2106
21;10:16:10;42.45;184.91;2022;1703;1.3;11;;0;yes;2106
21;10:16:23;42.52;187.0;2028;1697;2.1;18;;0;yes;2106
21;10:16:37;42.68;189.85;2041;1706;2.6;22;;0;yes;2106
21;10:16:51;42.83;192.69;2053;1732;2.6;22;;0;yes;2106
21;10:17:04;42.95;194.89;2063;1748;1.9;16;;0;yes;2107
21;10:17:17;43.06;196.67;2072;1754;0.8;7;;0;yes;2107
21;10:17:30;43.0;198.09;2067;1735;-0.4;-4;;0;yes;2107
21;10:17:43;43.07;199.98;2083;1732;-1.7;-15;;0;yes;2117
21;10:17:56;43.28;201.69;2100;1720;-1.9;-17;;0;yes;2118
21;10:18:09;43.59;203.72;2125;1710;-2.5;-22;;0;yes;2118
21;10:18:22;44.09;206.03;2171;1715;-3.9;-34;;0;yes;2121
21;10:18:35;44.73;208.4;2225;1715;-6.0;-52;;0;yes;2122
21;10:18:47;45.29;210.81;2275;1712;-8.5;-74;;0;yes;2122
21;10:19:00;45.9;212.9;2329;1693;-11.4;-100;;0;yes;2122
21;10:19:13;46.47;215.04;2382;1659;-14.7;-129;;0;yes;2123
21;10:19:26;46.93;217.22;2425;1624;-18.5;-162;;0;yes;2123
21;10:19:39;47.33;219.39;2462;1585;-22.8;-200;;0;yes;2123
21;10:19:52;47.79;221.42;2507;1550;-26.6;-230;;0;yes;2123
21;10:20:05;48.37;223.18;2566;1502;-28.1;-239;;0;yes;2124
21;10:20:20;48.95;224.89;2626;1430;-30.0;-252;;0;yes;2126
21;10:20:33;49.49;226.84;2686;1347;-33.0;-270;;0;yes;2129
21;10:20:46;50.06;228.27;2746;1280;-34.4;-274;;0;yes;2129
21;10:20:59;50.58;229.79;2807;1197;-39.0;-299;;0;yes;2132
21;10:21:12;51.03;230.75;2856;1082;-47.5;-350;2885;0;yes;2132
21;10:21:25;51.44;231.14;2904;1269;-56.6;-407;2740;0;yes;2132
21;10:21:37;52.33;231.14;3010;1106;-64.9;-465;2285;0;yes;2134
21;10:21:51;53.14;230.85;3121;927;-74.5;-532;1632;0;yes;2142
21;10:22:04;53.87;231.13;3214;751;-81.1;-558;1265;0;yes;2142
21;10:22:17;54.94;231.94;3366;623;-87.0;-564;1137;0;yes;2148
21;10:22:29;55.99;232.57;3514;529;-89.2;-580;1055;0;yes;2148
21;10:22:42;57.11;232.26;3682;378;-90.8;-555;1118;0;yes;2148
21;10:22:57;57.57;236.06;3755;185;-92.0;-518;208;0;yes;2149
21;10:23:10;58.85;237.12;3966;128;;;119;0;yes;2149
22;10:09:39;74.04;142.1;8207;277;;;234;0;yes;2095
22;10:09:52;73.87;142.87;8117;279;-4.7;-7;237;0;yes;2096
22;10:10:05;73.64;143.84;7996;268;-5.6;-8;197;0;yes;2096
22;10:10:18;73.4;144.85;7876;269;-9.9;-14;184;0;yes;2097
22;10:10:33;73.22;145.77;7784;273;-12.3;-17;189;0;yes;2096
22;10:10:46;73.02;146.93;7688;277;-15.5;-22;200;0;yes;2096
22;10:10:59;72.85;147.83;7604;265;-20.1;-28;195;0;yes;2095
22;10:11:12;72.66;148.81;7519;249;-25.5;-36;183;0;yes;2096
22;10:11:25;72.55;149.86;7467;244;-30.1;-42;176;0;yes;2095
22;10:11:38;72.45;150.93;7420;237;-33.8;-47;163;0;yes;2096
22;10:11:51;72.35;152.01;7375;224;-40.3;-55;145;0;yes;2095
22;10:12:04;72.24;153.12;7328;210;-41.8;-56;137;0;yes;2096
22;10:12:17;72.13;154.29;7279;189;-45.3;-61;122;0;yes;2096
22;10:12:30;72.07;155.07;7256;130;-48.7;-66;99;0;yes;2096
22;10:12:43;72.03;156.15;7238;64;;;;0;no;2096
23;10:09:52;77.92;64.29;10962;897;;;;0;yes;2096
23;10:10:05;77.78;63.98;10841;904;-6.0;-27;;0;yes;2096
23;10:10:18;77.66;63.72;10730;882;-6.4;-29;;0;yes;2097
23;10:10:33;77.52;63.41;10604;874;-7.4;-33;;0;yes;2096
23;10:10:46;77.36;63.03;10467;872;-7.5;-34;483;0;yes;2096
23;10:10:59;77.25;62.61;10370;866;-8.3;-37;490;0;yes;2095
23;10:11:12;77.12;62.16;10264;855;-8.6;-38;483;0;yes;2096
23;10:11:25;77.01;61.55;10171;837;-8.4;-37;468;0;yes;2095
23;10:11:38;76.9;60.84;10085;839;-7.7;-34;476;0;yes;2096
23;10:11:51;76.79;60.25;10000;822;-3.9;-17;485;0;yes;2095
23;10:12:04;76.69;59.61;9925;819;1.1;5;491;0;yes;2096
23;10:12:17;76.57;58.85;9826;812;7.3;30;478;0;yes;2096
23;10:12:30;76.45;57.86;9739;813;13.1;53;474;0;yes;2096
23;10:12:43;76.32;57.19;9640;854;18.9;75;516;0;yes;2096
23;10:12:55;76.19;56.67;9558;871;21.0;84;559;0;yes;2098
23;10:13:08;76.04;56.32;9454;896;20.3;81;587;0;yes;2098
23;10:13:21;75.88;56.05;9337;919;16.7;69;607;0;yes;2098
23;10:13:34;75.7;55.68;9215;938;11.0;47;614;0;yes;2098
23;10:13:47;75.55;55.13;9122;949;6.9;30;628;0;yes;2099
23;10:14:00;75.43;54.55;9055;945;3.9;18;652;0;yes;2101
23;10:14:13;75.35;54.13;9003;934;5.1;24;705;0;yes;2101
23;10:14:26;75.27;53.87;8948;929;9.5;44;667;0;yes;2101
23;10:14:39;75.13;53.61;8864;927;16.6;77;682;0;yes;2101
23;10:14:52;75.0;53.17;8789;946;24.4;110;676;0;yes;2102
23;10:15:05;74.8;52.53;8665;994;33.8;151;626;0;yes;2102
23;10:15:18;74.6;51.95;8564;1036;39.6;176;677;0;yes;2106
23;10:15:31;74.42;51.47;8460;1080;42.3;190;714;0;yes;2106
23;10:15:44;74.26;50.96;8369;1120;41.1;191;742;0;yes;2106
23;10:15:57;74.15;51.07;8307;1187;38.1;186;752;0;yes;2106
23;10:16:10;73.98;50.72;8212;1207;33.8;173;766;0;yes;2106
23;10:16:23;73.84;50.35;8139;1237;28.7;154;790;0;yes;2106
23;10:16:37;73.67;49.84;8050;1274;23.7;133;815;0;yes;2106
23;10:16:51;73.58;49.43;8006;1334;22.0;129;852;0;yes;2106
23;10:17:04;73.39;48.8;7914;1344;26.0;156;862;0;yes;2107
23;10:17:17;73.22;48.16;7825;1330;30.1;184;846;0;yes;2107
23;10:17:30;73.07;47.38;7755;1358;33.1;206;891;0;yes;2107
23;10:17:43;72.91;47.33;7713;1435;35.4;224;944;0;yes;2117
23;10:17:56;72.79;47.01;7656;1532;39.3;250;1050;0;yes;2118
23;10:18:09;72.57;46.77;7553;1594;40.3;261;1119;0;yes;2118
23;10:18:22;72.31;46.59;7451;1629;39.0;262;1174;0;yes;2121
23;10:18:35;72.09;46.3;7352;1669;34.7;248;1210;0;yes;2122
23;10:18:47;71.86;46.01;7253;1723;31.3;235;1237;0;yes;2122
23;10:19:00;71.65;45.7;7163;1770;30.2;235;1282;0;yes;2122
23;10:19:13;71.47;45.42;7093;1834;29.6;236;1364;0;yes;2123
23;10:19:26;71.28;44.91;7015;1892;27.6;227;1418;0;yes;2123
23;10:19:39;71.07;44.56;6934;1935;24.9;212;1439;0;yes;2123
23;10:19:52;70.89;44.16;6861;1980;22.0;194;1429;0;yes;2123
23;10:20:05;70.69;43.66;6790;2018;18.5;169;1451;0;yes;2124
23;10:20:20;70.5;43.23;6725;2061;15.8;149;1487;0;yes;2126
23;10:20:33;70.3;42.64;6662;2095;13.5;130;1524;0;yes;2129
23;10:20:46;70.15;42.24;6607;2115;19.3;192;1569;0;yes;2129
23;10:20:59;70.0;41.81;6559;2132;31.7;318;1561;0;yes;2132
23;10:21:12;69.82;41.4;6497;2153;41.6;414;1596;0;yes;2132
23;10:21:25;69.64;41.01;6434;2168;47.8;471;1635;0;yes;2132
23;10:21:37;70.11;40.01;6606;2728;55.4;534;2050;0;yes;2134
23;10:21:51;69.89;39.59;6552;2775;64.5;607;2150;0;yes;2142
23;10:22:04;69.65;39.03;6470;2808;73.2;675;;0;no;2142
23;10:22:17;69.41;38.47;6404;2838;;;;0;no;2148
23;10:22:29;69.16;37.98;6319;2862;;;;0;no;2148
23;10:22:42;68.89;37.49;6231;2884;;;;0;no;2148
23;10:22:57;68.63;36.95;6154;2902;;;;0;no;2149
23;10:23:10;68.32;36.27;6056;2894;;;;0;no;2149
23;10:23:23;68.09;35.68;5985;2861;;;;0;no;2149
23;10:23:36;67.78;35.08;5893;2817;-7.2;-101;;0;no;2149
23;10:23:49;67.53;34.42;5816;2765;-6.9;-97;2717;0;yes;2148
23;10:24:02;67.38;33.64;5774;2685;-6.8;-94;2248;0;yes;2148
23;10:24:15;67.13;33.06;5697;2672;-7.3;-102;2266;0;yes;2145
23;10:24:28;66.87;32.44;5616;2645;-7.6;-104;2199;0;yes;2142
23;10:24:41;66.55;31.75;5531;2627;-7.6;-102;2225;0;yes;2142
23;10:24:54;66.26;30.82;5456;2609;-7.5;-102;2269;0;yes;2142
23;10:25:07;65.94;29.83;5373;2559;-6.8;-91;2290;0;yes;2142
23;10:25:22;65.59;28.99;5286;2526;-5.4;-72;2300;0;yes;2142
23;10:25:35;65.17;28.11;5186;2498;-4.0;-52;2386;0;yes;2142
23;10:25:48;64.84;27.27;5107;2501;-3.2;-41;2470;0;yes;2142
23;10:26:01;64.65;26.1;5064;2549;-2.8;-36;2587;0;yes;2142
23;10:26:14;64.4;25.22;5008;2544;-4.7;-59;2581;0;yes;2142
23;10:26:27;64.2;24.34;4963;2530;-6.9;-88;2643;0;yes;2142
23;10:26:40;64.05;23.37;4930;2494;-9.8;-125;2745;0;yes;2142
23;10:26:53;63.85;22.52;4894;2463;-17.3;-222;2921;0;yes;2145
23;10:27:06;63.62;21.88;4846;2398;-22.5;-292;2922;0;yes;2147
23;10:27:19;63.5;20.74;4826;2378;-25.5;-334;;0;yes;2148
23;10:27:32;63.43;19.82;4810;2314;-26.6;-344;;0;yes;2148
23;10:27:44;65.35;14.21;5242;2069;-26.4;-336;2955;0;yes;2148
23;10:27:57;65.47;12.97;5272;2013;-26.8;-338;2403;0;yes;2148
23;10:28:10;65.62;11.8;5311;1948;-26.8;-336;2452;0;yes;2149
23;10:28:23;65.92;10.24;5251;1846;-23.4;-282;;0;no;2149
23;10:28:36;66.36;8.88;5190;1726;-87.0;-991;;0;no;2149
23;10:28:49;66.58;7.68;5129;1647;-92.1;-1169;;0;no;2149
23;10:29:02;66.65;6.5;5065;1577;-93.1;-1202;;0;no;2148
23;10:29:15;65.64;8.03;5023;1248;-92.5;-1150;;0;no;2155
23;10:29:28;65.97;12.05;4946;960;-89.1;-959;;0;no;2147
23;10:29:41;65.87;11.31;4907;853;;;;0;no;2155
23;10:29:54;63.54;9.27;4830;353;;;419;0;yes;2147
23;10:30:07;63.46;8.57;4832;240;;;263;0;yes;2155
23;10:30:20;63.29;6.75;4778;147;;;;0;no;2147
24;10:10:05;64.03;264.89;4820;114;;;115;0;yes;2096
24;10:10:18;64.84;264.65;5000;120;6.3;4;130;0;yes;2097
24;10:10:33;65.72;264.32;5204;116;6.3;4;94;0;yes;2096
24;10:10:46;66.48;264.47;5393;121;6.3;4;105;0;yes;2096
24;10:10:59;65.88;265.92;5241;315;6.3;4;;1;no;2095
24;10:11:12;66.16;265.61;5311;374;559.8;286;;1;no;2096
24;10:11:25;66.64;265.44;5432;421;906.3;354;;1;no;2095
24;10:11:38;67.13;265.39;5564;467;1017.3;376;;1;no;2096
24;10:11:51;67.65;265.49;5708;500;965.9;374;;1;no;2095
24;10:12:04;68.28;265.92;5892;560;672.8;336;;1;no;2096
24;10:12:17;68.77;266.07;6041;576;32.9;96;;1;no;2096
24;10:12:30;69.05;266.62;6131;622;33.4;98;439;0;yes;2096
24;10:12:43;69.37;267.03;6234;659;33.0;99;453;0;yes;2096
24;10:12:55;69.69;267.41;6347;699;33.2;101;480;0;yes;2098
24;10:13:08;69.99;267.64;6451;725;34.7;108;497;0;yes;2098
24;10:13:21;70.26;267.7;6547;748;35.8;115;500;0;yes;2098
24;10:13:34;70.57;268.04;6662;767;36.1;119;511;0;yes;2098
24;10:13:47;70.85;268.3;6768;794;34.2;117;523;0;yes;2099
24;10:14:00;71.11;268.69;6875;830;31.0;110;548;0;yes;2101
24;10:14:13;71.38;269.06;6984;858;27.1;100;559;0;yes;2101
24;10:14:26;71.62;269.3;7083;881;22.6;86;596;0;yes;2101
24;10:14:39;71.86;269.56;7184;902;19.5;77;601;0;yes;2101
24;10:14:52;72.09;269.77;7286;917;15.5;63;602;0;yes;2102
24;10:15:05;72.38;272.8;7415;1079;42.3;180;;1;no;2102
24;10:15:18;72.64;272.93;7542;1118;52.4;220;;1;no;2106
24;10:15:31;72.83;273.22;7633;1148;56.2;234;;1;no;2106
24;10:15:44;73.06;273.34;7740;1179;54.8;231;;1;no;2106
24;10:15:57;73.25;273.44;7836;1202;48.3;209;;1;no;2106
24;10:16:10;73.41;273.33;7915;1211;36.1;166;;1;no;2106
24;10:16:23;73.56;273.47;7991;1212;6.1;37;815;0;yes;2106
24;10:16:37;73.73;273.57;8083;1221;6.7;40;835;0;yes;2106
24;10:16:51;73.88;273.51;8162;1233;7.2;43;846;0;yes;2106
24;10:17:04;74.07;273.54;8268;1258;7.5;45;850;0;yes;2107
24;10:17:17;74.23;273.76;8357;1258;7.1;43;787;0;yes;2107
24;10:17:30;74.45;273.8;8482;1274;6.0;37;772;0;yes;2107
24;10:17:43;74.65;273.77;8635;1287;3.7;23;772;0;yes;2117
24;10:17:56;74.85;273.7;8761;1293;-0.1;-1;765;0;yes;2118
24;10:18:09;75.03;273.6;8874;1295;-3.1;-20;738;0;yes;2118
24;10:18:22;75.22;273.49;9002;1284;-6.8;-44;727;0;yes;2121
24;10:18:35;75.39;273.5;9115;1269;-9.5;-62;727;0;yes;2122
24;10:18:47;75.57;273.39;9232;1242;-11.7;-76;715;0;yes;2122
24;10:19:00;75.75;273.28;9353;1227;-12.8;-84;703;0;yes;2122
24;10:19:13;75.9;273.14;9464;1205;-13.5;-87;680;0;yes;2123
24;10:19:26;76.09;273.0;9599;1190;-13.2;-84;649;0;yes;2123
24;10:19:39;76.29;272.76;9744;1165;-12.1;-76;622;0;yes;2123
24;10:19:52;76.5;272.7;9900;1155;-11.6;-71;592;0;yes;2123
24;10:20:05;76.68;272.49;10051;1136;-10.8;-66;599;0;yes;2124
24;10:20:20;76.89;272.14;10224;1119;-9.9;-59;599;0;yes;2126
24;10:20:33;77.12;271.89;10428;1115;-8.4;-49;;0;yes;2129
24;10:20:46;77.28;271.9;10565;1087;-8.0;-47;;0;yes;2129
24;10:20:59;77.42;271.63;10694;1083;-7.1;-41;;0;yes;2132
24;10:21:12;77.54;271.5;10537;1077;-6.5;-37;;0;no;2132
24;10:21:25;77.66;271.44;10642;1051;;;;0;no;2132
24;10:21:37;77.79;271.29;10760;1034;;;;0;no;2134
24;10:21:51;77.89;271.17;10908;1001;;;;0;no;2142
24;10:22:04;77.95;271.25;11015;936;;;;0;no;2142
25;10:10:18;49.57;165.01;2654;36;;;;0;no;2097
25;10:10:33;49.02;168.43;2596;61;167.4;43;;0;yes;2096
25;10:10:46;48.72;172.35;2565;71;163.7;44;;0;yes;2096
25;10:10:59;48.88;175.05;2582;103;163.7;44;;0;yes;2095
25;10:11:12;48.89;178.2;2582;124;163.7;44;;0;yes;2096
25;10:11:25;48.1;179.71;2504;192;223.3;74;;1;no;2095
25;10:11:38;48.07;182.83;2502;189;204.9;78;;1;no;2096
25;10:11:51;48.21;186.38;2515;203;185.6;76;;1;no;2095
25;10:12:04;48.14;189.65;2509;205;132.1;63;;1;no;2096
25;10:12:17;48.32;192.97;2526;213;81.5;44;;1;no;2096
25;10:12:30;48.74;196.12;2568;215;19.0;11;;1;no;2096
25;10:12:43;49.32;199.11;2627;208;-52.8;-63;;0;yes;2096
25;10:12:55;50.08;202.06;2708;199;-52.8;-63;;0;yes;2098
25;10:13:08;50.84;205.15;2791;173;-52.8;-63;;0;yes;2098
25;10:13:21;51.75;208.23;2892;127;-58.7;-73;;0;yes;2098
25;10:13:34;53.1;210.41;3052;87;;;;0;yes;2098
26;10:10:18;59.89;177.34;4048;66;;;;0;no;2097
26;10:10:33;59.82;178.63;4033;109;;;;1;no;2096
26;10:10:46;59.92;180.88;4052;118;;;;1;no;2096
26;10:10:59;60.05;182.78;4073;124;;;;1;no;2095
26;10:11:12;60.15;184.6;4089;110;;;;1;no;2096
26;10:11:25;60.14;186.58;4087;117;;;;1;no;2095
26;10:11:38;59.69;188.52;4010;72;22.4;10;;1;no;2096
26;10:11:51;59.9;190.29;4048;89;15.5;7;85;0;yes;2095
26;10:12:04;60.11;192.18;4082;100;11.6;5;95;0;yes;2096
26;10:12:17;60.31;194.25;4118;97;-2.5;-1;91;0;yes;2096
26;10:12:30;60.63;195.99;4170;102;-21.8;-10;89;0;yes;2096
26;10:12:43;60.96;197.71;4227;105;-37.9;-20;91;0;yes;2096
26;10:12:55;61.33;199.59;4296;98;-44.7;-24;83;0;yes;2098
26;10:13:08;61.71;201.43;4365;82;-52.1;-30;71;0;yes;2098
26;10:13:21;62.13;203.12;4443;63;-59.7;-37;55;0;yes;2098
26;10:13:34;62.58;204.6;4529;46;;;44;0;yes;2098
27;10:10:33;69.42;337.31;6250;87;;;;0;no;2096
27;10:10:46;69.06;335.61;6134;156;;;;1;no;2096
27;10:10:59;69.15;334.45;6162;167;;;;1;no;2095
27;10:11:12;69.21;333.24;6183;177;;;;1;no;2096
27;10:11:25;69.33;332.11;6221;182;;;;1;no;2095
27;10:11:38;69.48;331.01;6270;191;;;;1;no;2096
27;10:11:51;69.63;329.97;6320;242;97.6;112;;1;no;2095
27;10:12:04;69.76;328.97;6365;270;135.6;157;256;0;yes;2096
27;10:12:17;70.05;328.1;6467;324;150.6;178;318;0;yes;2096
27;10:12:30;70.17;327.23;6510;354;150.4;186;343;0;yes;2096
27;10:12:43;70.35;326.44;6573;403;150.2;199;383;0;yes;2096
27;10:12:55;70.82;325.26;6752;506;157.3;224;501;0;yes;2098
27;10:13:08;70.96;324.42;6809;545;153.3;235;537;0;yes;2098
27;10:13:21;71.09;323.65;6857;574;130.9;226;561;0;yes;2098
27;10:13:34;71.2;322.92;6902;608;98.8;202;591;0;yes;2098
27;10:13:47;71.26;322.78;6930;694;72.6;177;611;0;yes;2099
27;10:14:00;71.34;321.83;6969;720;63.3;167;629;0;yes;2101
27;10:14:13;71.47;320.89;7021;735;53.9;153;650;0;yes;2101
27;10:14:26;71.48;320.1;7025;769;41.2;128;664;0;yes;2101
27;10:14:39;71.58;319.28;7066;803;28.2;97;681;0;yes;2101
27;10:14:52;71.71;318.33;7124;824;22.7;81;704;0;yes;2102
27;10:15:05;71.86;317.52;7187;843;17.4;64;726;0;yes;2102
27;10:15:18;72.06;316.75;7282;849;11.9;46;737;0;yes;2106
27;10:15:31;72.29;316.13;7383;842;8.2;33;726;0;yes;2106
27;10:15:44;72.43;315.29;7446;855;8.3;34;749;0;yes;2106
27;10:15:57;72.52;314.45;7487;865;8.6;36;764;0;yes;2106
27;10:16:10;72.53;313.6;7494;851;9.2;38;730;0;yes;2106
27;10:16:23;72.67;312.72;7558;872;8.5;36;721;0;yes;2106
27;10:16:37;72.79;311.77;7617;901;5.6;24;731;0;yes;2106
27;10:16:51;72.93;310.84;7683;912;2.2;10;716;0;yes;2106
27;10:17:04;73.08;310.05;7758;917;-1.8;-8;706;0;yes;2107
27;10:17:17;73.21;309.28;7822;897;-4.9;-22;682;0;yes;2107
27;10:17:30;73.32;308.7;7879;873;-7.9;-36;657;0;yes;2107
27;10:17:43;73.49;308.01;8000;867;-10.5;-48;649;0;yes;2117
27;10:17:56;73.66;307.4;8089;856;-13.7;-62;638;0;yes;2118
27;10:18:09;73.84;306.66;8186;857;-18.2;-82;640;0;yes;2118
27;10:18:22;74.02;306.0;8298;848;-24.1;-108;637;0;yes;2121
27;10:18:35;74.15;305.44;8370;810;-30.8;-140;584;0;yes;2122
27;10:18:47;74.32;304.83;8463;780;-35.0;-159;589;0;yes;2122
27;10:19:00;74.44;304.24;8536;732;-37.1;-168;574;0;yes;2122
27;10:19:13;74.61;303.61;8638;675;-37.3;-164;548;0;yes;2123
27;10:19:26;74.88;302.99;8800;633;-35.5;-148;447;0;yes;2123
27;10:19:39;75.08;302.44;8921;604;-34.5;-139;428;0;yes;2123
27;10:19:52;75.28;301.92;9052;556;-31.7;-121;418;0;yes;2123
27;10:20:05;75.51;302.76;8940;374;-27.8;-100;;0;no;2124
27;10:20:20;75.64;302.4;9027;321;;;;0;no;2126
27;10:20:33;75.62;301.96;9131;211;;;;0;no;2129
27;10:20:46;75.77;301.43;9215;153;;;;0;no;2129
28;10:11:12;77.97;133.28;11018;761;;;;0;yes;2096
28;10:11:25;77.78;133.73;10835;791;21.9;83;;0;yes;2095
28;10:11:38;77.64;134.19;10715;825;23.3;89;;0;yes;2096
28;10:11:51;77.53;134.71;10611;839;22.8;88;;0;yes;2095
28;10:12:04;77.42;135.19;10516;860;21.1;82;;0;yes;2096
28;10:12:17;77.33;135.72;10440;882;19.1;76;;0;yes;2096
28;10:12:30;77.23;136.26;10357;909;16.1;66;;0;yes;2096
28;10:12:43;77.11;136.71;10257;931;12.3;52;;0;yes;2096
28;10:12:55;76.99;137.27;10166;937;8.2;36;626;0;yes;2098
28;10:13:08;76.88;137.49;10083;920;4.7;21;606;0;yes;2098
28;10:13:21;76.77;137.75;9995;913;5.2;24;600;0;yes;2098
28;10:13:34;76.61;138.13;9869;929;8.6;40;632;0;yes;2098
28;10:13:47;76.45;138.56;9756;929;13.2;60;637;0;yes;2099
28;10:14:00;76.25;139.02;9613;926;15.9;72;651;0;yes;2101
28;10:14:13;76.03;139.43;9459;975;17.5;79;707;0;yes;2101
28;10:14:26;75.88;139.95;9355;1005;17.1;77;753;0;yes;2101
28;10:14:39;75.71;140.54;9237;1033;14.1;65;802;0;yes;2101
28;10:14:52;75.58;141.07;9159;1043;8.6;40;848;0;yes;2102
28;10:15:05;75.48;141.64;9094;1046;1.3;6;878;0;yes;2102
28;10:15:18;75.34;142.09;9012;1026;-5.4;-28;911;0;yes;2106
28;10:15:31;75.19;142.66;8919;1033;-10.5;-55;967;0;yes;2106
28;10:15:44;75.05;143.22;8830;1009;-14.7;-78;954;0;yes;2106
28;10:15:57;74.93;143.78;8756;997;-19.5;-103;956;0;yes;2106
28;10:16:10;74.79;144.25;8676;957;-22.5;-119;956;0;yes;2106
28;10:16:23;74.71;144.81;8630;936;-23.3;-123;969;0;yes;2106
28;10:16:37;74.6;145.33;8563;898;-22.4;-116;984;0;yes;2106
28;10:16:51;74.51;145.71;8511;853;-20.9;-105;1011;0;yes;2106
28;10:17:04;74.47;146.2;8495;828;-19.1;-92;1026;0;yes;2107
28;10:17:17;74.38;147.0;8442;838;-17.6;-82;779;0;yes;2107
28;10:17:30;74.27;147.79;8379;833;-15.2;-68;802;0;yes;2107
28;10:17:43;74.18;148.52;8368;812;-13.2;-57;836;0;yes;2117
28;10:17:56;74.06;149.18;8304;785;-13.1;-56;859;0;yes;2118
28;10:18:09;74.01;149.93;8279;774;-13.2;-56;877;0;yes;2118
28;10:18:22;74.03;150.7;8304;760;-13.1;-55;773;0;yes;2121
28;10:18:35;73.95;151.42;8260;742;-11.9;-49;763;0;yes;2122
28;10:18:47;72.71;153.84;8001;444;-9.8;-39;;0;no;2122
28;10:19:00;72.49;155.02;7940;395;;;;0;no;2122
28;10:19:13;72.4;156.16;7883;366;;;;0;no;2123
28;10:19:26;72.34;157.32;7823;334;;;;0;no;2123
28;10:19:39;72.37;158.49;7765;280;;;;0;no;2123
28;10:19:52;72.4;159.54;7709;217;;;;0;no;2123
28;10:20:05;72.48;160.92;7658;46;;;;0;no;2124
29;10:11:12;66.05;224.8;5283;438;;;532;0;yes;2096
29;10:11:25;66.16;225.98;5312;432;-18.3;-40;482;0;yes;2095
29;10:11:38;66.41;227.04;5375;460;-25.9;-61;565;0;yes;2096
29;10:11:51;66.65;228.2;5437;470;-27.7;-66;547;0;yes;2095
29;10:12:04;66.94;229.53;5514;464;-27.1;-64;554;0;yes;2096
29;10:12:17;66.62;230.91;5428;353;-29.6;-72;311;0;yes;2096
29;10:12:30;67.11;231.77;5560;363;-28.9;-70;298;0;yes;2096
29;10:12:43;67.62;232.63;5702;370;-26.5;-62;290;0;yes;2096
29;10:12:55;68.14;233.51;5857;367;-21.2;-46;271;0;yes;2098
29;10:13:08;68.64;234.37;6008;362;-13.5;-25;264;0;yes;2098
29;10:13:21;69.14;235.24;6166;359;-16.5;-31;253;0;yes;2098
29;10:13:34;69.67;236.23;6340;342;-20.7;-39;248;0;yes;2098
29;10:13:47;70.13;236.89;6504;337;-28.4;-53;238;0;yes;2099
29;10:14:00;70.58;237.51;6675;323;-32.2;-60;225;0;yes;2101
29;10:14:13;71.04;238.15;6849;316;-32.7;-60;227;0;yes;2101
29;10:14:26;71.38;238.6;6983;298;-29.0;-51;204;0;yes;2101
29;10:14:39;71.7;239.2;7117;264;-18.8;-31;217;0;yes;2101
29;10:14:52;71.96;239.95;7231;238;-0.7;0;204;0;yes;2102
29;10:15:05;72.19;240.39;7328;245;26.2;38;189;0;yes;2102
29;10:15:18;72.48;241.07;7470;272;64.7;83;197;0;yes;2106
29;10:15:31;72.76;241.63;7601;308;105.9;124;220;0;yes;2106
29;10:15:44;73.02;241.98;7722;341;127.3;148;245;0;yes;2106
29;10:15:57;73.29;242.28;7858;384;134.4;161;278;0;yes;2106
29;10:16:10;73.56;242.54;7993;430;123.3;161;302;0;yes;2106
29;10:16:23;73.76;242.91;8095;466;98.4;148;334;0;yes;2106
29;10:16:37;73.99;243.25;8218;498;76.2;130;359;0;yes;2106
29;10:16:51;74.2;243.47;8335;526;54.3;105;371;0;yes;2106
29;10:17:04;74.45;243.76;8483;545;36.7;79;368;0;yes;2107
29;10:17:17;74.67;244.0;8609;558;23.3;55;374;0;yes;2107
29;10:17:30;74.9;244.23;8745;570;12.4;31;384;0;yes;2107
29;10:17:43;75.1;244.49;8912;575;3.4;9;388;0;yes;2117
29;10:17:56;75.31;244.8;9050;576;-4.8;-13;385;0;yes;2118
29;10:18:09;75.52;245.09;9187;563;-11.8;-34;378;0;yes;2118
29;10:18:22;75.76;245.39;9359;557;-17.7;-52;370;0;yes;2121
29;10:18:35;75.98;245.69;9516;544;-20.6;-61;367;0;yes;2122
29;10:18:47;76.17;246.11;9654;520;-33.5;-98;356;0;yes;2122
29;10:19:00;76.31;246.71;9758;484;-41.3;-122;340;0;yes;2122
29;10:19:13;76.3;247.47;9755;479;-44.7;-132;340;0;yes;2123
29;10:19:26;76.43;247.87;9965;468;-44.0;-126;;0;no;2123
29;10:19:39;76.59;248.18;10173;462;-45.2;-128;;0;no;2123
29;10:19:52;77.1;247.8;10379;366;-46.5;-132;238;0;yes;2123
29;10:20:05;77.31;247.91;10562;346;-46.6;-130;219;0;yes;2124
29;10:20:20;77.61;248.7;10627;200;;;;0;no;2126
30;10:11:25;75.25;267.27;8912;80;;;62;0;yes;2095
30;10:11:38;75.29;267.34;8940;119;;;103;0;yes;2096
30;10:11:51;75.47;267.45;9055;126;;;82;0;yes;2095
30;10:12:04;75.8;268.09;9272;205;210.8;107;;1;no;2096
30;10:12:17;75.94;268.15;9376;229;231.9;114;;1;no;2096
30;10:12:30;76.09;268.2;9478;233;262.0;122;;1;no;2096
30;10:12:43;76.25;268.31;9591;248;228.6;111;;1;no;2096
30;10:12:55;76.42;268.49;9729;265;152.6;83;;1;no;2098
30;10:13:08;76.55;268.54;9826;287;61.7;37;;1;no;2098
30;10:13:21;76.69;268.44;9930;288;-40.7;-66;231;0;yes;2098
30;10:13:34;76.83;268.36;10037;281;-46.4;-73;230;0;yes;2098
30;10:13:47;76.75;267.87;9979;219;-50.7;-78;184;0;yes;2099
30;10:14:00;76.92;267.95;10127;217;-57.4;-87;178;0;yes;2101
30;10:14:13;77.1;267.86;10278;225;-60.2;-88;189;0;yes;2101
30;10:14:26;77.17;268.16;10331;175;-59.7;-80;140;0;yes;2101
30;10:14:39;77.27;268.14;10418;154;-61.0;-80;122;0;yes;2101
30;10:14:52;77.42;268.11;10555;134;-63.9;-84;102;0;yes;2102
30;10:15:05;77.6;268.05;10707;121;-65.0;-84;99;0;yes;2102
30;10:15:18;77.76;267.93;10867;87;;;62;0;yes;2106
31;10:11:38;62.98;56.11;4601;43;;;;0;no;2096
31;10:11:51;62.21;55.3;4454;68;503.1;161;71;0;yes;2095
31;10:12:04;62.18;54.53;4448;138;413.0;155;249;0;yes;2096
31;10:12:17;61.94;54.16;4403;213;343.6;150;338;0;yes;2096
31;10:12:30;61.32;53.45;4291;276;343.6;150;384;0;yes;2096
31;10:12:43;60.76;52.66;4193;325;267.1;146;405;0;yes;2096
31;10:12:55;60.09;54.88;4085;491;291.3;238;;1;no;2098
31;10:13:08;59.38;53.92;3961;525;275.7;262;;1;no;2098
31;10:13:21;58.71;52.94;3848;557;249.9;265;;1;no;2098
31;10:13:34;58.08;52.02;3746;584;213.0;252;;1;no;2098
31;10:13:47;57.44;51.0;3647;597;167.5;225;;1;no;2099
31;10:14:00;56.76;49.67;3549;600;106.4;172;;1;no;2101
31;10:14:13;56.01;48.27;3441;613;12.4;37;741;0;yes;2101
31;10:14:26;55.21;46.76;3329;636;11.5;35;795;0;yes;2101
31;10:14:39;54.38;45.11;3219;648;10.8;33;809;0;yes;2101
31;10:14:52;53.62;43.48;3124;658;11.2;35;853;0;yes;2102
31;10:15:05;52.78;41.91;3020;667;14.4;46;906;0;yes;2102
31;10:15:18;51.95;40.29;2927;663;16.5;52;;0;yes;2106
31;10:15:31;51.03;38.99;2822;672;17.0;54;;0;yes;2106
31;10:15:44;50.04;37.38;2714;695;14.0;45;;0;yes;2106
31;10:15:57;49.13;35.73;2619;730;10.7;35;;0;yes;2106
31;10:16:10;48.17;34.04;2523;754;5.6;19;;0;yes;2106
31;10:16:23;47.28;32.24;2438;778;0.3;1;;0;yes;2106
31;10:16:37;46.17;30.02;2336;709;-6.7;-24;;0;yes;2106
31;10:16:51;45.34;27.77;2262;710;-11.8;-44;;0;yes;2106
31;10:17:04;44.76;25.58;2213;695;-13.7;-51;;0;yes;2107
31;10:17:17;44.28;23.44;2172;691;-15.0;-55;;0;yes;2107
31;10:17:30;43.73;21.73;2127;666;-15.9;-58;;0;yes;2107
31;10:17:43;43.14;19.51;2088;656;-18.0;-65;;0;yes;2117
31;10:17:56;42.73;17.33;2056;643;-19.5;-69;;0;yes;2118
31;10:18:09;42.23;14.91;2016;632;-21.1;-74;;0;yes;2118
31;10:18:22;42.12;12.78;2011;614;-21.9;-75;;0;yes;2121
31;10:18:35;42.68;11.23;2056;575;-23.1;-79;;0;yes;2122
31;10:18:47;43.02;9.3;2083;542;-24.3;-82;;0;yes;2122
31;10:19:00;43.35;7.28;1819;507;-25.4;-86;;0;no;2122
31;10:19:13;43.47;4.44;1793;466;;;;0;no;2123
31;10:19:26;43.46;1.49;1774;398;;;;0;no;2123
31;10:19:39;43.94;358.17;1761;298;;;;0;no;2123
31;10:19:52;44.74;353.1;1756;156;;;;0;no;2123
31;10:20:05;45.3;349.89;1758;134;;;;0;no;2124
31;10:20:20;45.18;346.87;1768;47;;;;0;no;2126
32;10:11:38;78.0;86.31;11039;343;;;;1;no;2096
32;10:11:51;77.81;86.37;10862;372;;;;1;no;2095
32;10:12:04;77.62;86.41;10689;400;;;;1;no;2096
32;10:12:17;77.42;86.48;10519;425;;;;1;no;2096
32;10:12:30;77.21;86.48;10340;438;0.0;0;;1;no;2096
32;10:12:43;77.01;86.55;10178;446;-5.8;-13;317;0;yes;2096
32;10:12:55;76.79;86.62;10008;452;-23.9;-54;322;0;yes;2098
32;10:13:08;76.59;86.71;9858;453;-41.4;-95;323;0;yes;2098
32;10:13:21;76.41;86.94;9721;447;-55.4;-137;306;0;yes;2098
32;10:13:34;76.22;87.23;9580;423;-64.0;-167;283;0;yes;2098
32;10:13:47;76.04;87.25;9454;331;-69.5;-184;229;0;yes;2099
32;10:14:00;75.73;87.27;9251;247;-73.7;-203;227;0;yes;2101
32;10:14:13;75.48;87.54;9085;210;-76.8;-217;212;0;yes;2101
32;10:14:26;75.26;87.85;8945;159;-77.2;-208;139;0;yes;2101
32;10:14:39;75.05;88.12;8813;86;;;;0;no;2101
33;10:11:51;68.62;34.31;5993;888;;;1067;0;yes;2095
33;10:12:04;68.66;34.1;6006;839;-18.2;-80;1071;0;yes;2096
33;10:12:17;68.59;34.04;5985;799;-15.9;-69;716;0;yes;2096
33;10:12:30;68.16;33.68;5857;776;-13.9;-59;709;0;yes;2096
33;10:12:43;67.74;33.26;5734;765;-12.7;-54;716;0;yes;2096
33;10:12:55;67.32;32.69;5622;757;-15.0;-61;723;0;yes;2098
33;10:13:08;66.95;31.95;5522;753;-19.2;-77;728;0;yes;2098
33;10:13:21;66.63;31.32;5436;744;-24.5;-97;710;0;yes;2098
33;10:13:34;66.29;30.38;5349;755;-28.3;-113;708;0;yes;2098
33;10:13:47;65.61;31.16;5184;678;-31.2;-125;654;0;yes;2099
33;10:14:00;65.3;30.83;5117;637;-33.7;-134;656;0;yes;2101
33;10:14:13;65.02;30.6;5051;601;-38.3;-149;675;0;yes;2101
33;10:14:26;64.69;29.78;4975;594;-44.6;-167;675;0;yes;2101
33;10:14:39;64.31;28.9;4893;574;-53.0;-186;666;0;yes;2101
33;10:14:52;63.93;27.87;4813;547;-64.9;-225;609;0;yes;2102
33;10:15:05;63.55;26.67;4732;478;-72.7;-253;603;0;yes;2102
33;10:15:18;63.15;25.56;4657;404;-77.9;-271;575;0;yes;2106
33;10:15:31;64.07;22.79;4849;237;-81.1;-288;286;0;yes;2106
33;10:15:44;63.8;21.3;4793;182;-83.6;-296;218;0;yes;2106
33;10:15:57;63.6;19.57;4476;119;-84.6;-283;;0;no;2106
33;10:16:10;63.53;17.68;4391;46;;;;0;no;2106
34;10:12:17;71.04;150.65;6846;87;;;;0;no;2096
34;10:12:30;70.87;152.39;6767;154;53.5;39;154;0;yes;2096
34;10:12:43;70.59;153.86;6660;170;71.1;52;150;0;yes;2096
34;10:12:55;70.35;155.33;6581;176;85.0;62;148;0;yes;2098
34;10:13:08;70.19;156.66;6522;188;95.3;71;157;0;yes;2098
34;10:13:21;70.01;157.95;6457;209;108.3;82;166;0;yes;2098
34;10:13:34;69.81;159.31;6389;234;114.5;89;171;0;yes;2098
34;10:13:47;69.63;160.62;6330;259;109.5;90;205;0;yes;2099
34;10:14:00;69.46;161.94;6279;285;108.3;99;219;0;yes;2101
34;10:14:13;69.32;163.31;6234;308;119.0;122;246;0;yes;2101
34;10:14:26;69.18;164.66;6187;322;124.7;139;269;0;yes;2101
34;10:14:39;69.04;165.96;6131;338;127.1;152;;0;no;2101
34;10:14:52;68.95;167.31;6069;346;127.9;162;;0;no;2102
34;10:15:05;68.6;168.04;6007;377;128.8;171;405;0;yes;2102
34;10:15:18;67.97;168.15;5829;460;117.6;170;599;0;yes;2106
34;10:15:31;67.59;169.17;5719;505;92.6;151;642;0;yes;2106
34;10:15:44;67.35;170.43;5650;533;62.6;122;683;0;yes;2106
34;10:15:57;67.1;171.57;5584;567;42.5;96;720;0;yes;2106
34;10:16:10;66.93;172.74;5535;586;37.7;90;723;0;yes;2106
34;10:16:23;66.83;173.87;5510;590;32.9;83;739;0;yes;2106
34;10:16:37;66.77;175.0;5495;610;27.5;74;691;0;yes;2106
34;10:16:51;66.77;176.15;5495;625;23.2;65;691;0;yes;2106
34;10:17:04;66.72;177.11;5487;647;21.7;62;689;0;yes;2107
34;10:17:17;66.57;177.78;5445;662;21.3;62;664;0;yes;2107
34;10:17:30;66.51;178.71;5430;677;19.9;60;661;0;yes;2107
34;10:17:43;66.25;179.38;5390;668;19.5;61;666;0;yes;2117
34;10:17:56;66.17;180.4;5370;690;19.2;61;709;0;yes;2118
34;10:18:09;66.11;181.43;5356;704;18.7;61;702;0;yes;2118
34;10:18:22;66.06;182.56;5351;723;17.9;59;748;0;yes;2121
34;10:18:35;66.0;183.69;5337;739;15.4;52;776;0;yes;2122
34;10:18:47;66.04;184.76;5347;752;11.9;41;809;0;yes;2122
34;10:19:00;66.08;185.97;5356;755;7.8;28;819;0;yes;2122
34;10:19:13;66.17;187.19;5382;764;4.0;15;874;0;yes;2123
34;10:19:26;66.3;188.57;5416;759;0.3;1;901;0;yes;2123
34;10:19:39;66.47;189.92;5460;762;-3.2;-12;925;0;yes;2123
34;10:19:52;66.65;191.45;5507;755;-6.8;-26;888;0;yes;2123
34;10:20:05;66.86;192.88;5566;754;-13.1;-50;903;0;yes;2124
34;10:20:20;66.95;194.18;5595;741;-19.7;-76;893;0;yes;2126
34;10:20:33;67.11;195.77;5648;726;-24.3;-95;860;0;yes;2129
34;10:20:46;67.2;197.02;5674;681;-26.8;-106;801;0;yes;2129
34;10:20:59;67.31;198.57;5709;625;-26.9;-105;577;0;yes;2132
34;10:21:12;67.58;200.33;5737;582;-24.9;-94;;0;no;2132
34;10:21:25;67.52;201.86;5771;606;-23.9;-89;737;0;yes;2132
34;10:21:37;67.55;203.27;5783;593;-20.8;-75;741;0;yes;2134
34;10:21:51;68.05;204.34;5777;541;-13.9;-46;;0;no;2142
34;10:22:04;67.36;206.65;5752;584;-72.1;-236;;1;no;2142
34;10:22:17;67.3;208.26;5751;543;-81.2;-289;;1;no;2148
34;10:22:29;67.39;209.7;5778;523;-86.1;-315;;1;no;2148
34;10:22:42;67.58;211.0;5831;503;-87.6;-318;;1;no;2148
34;10:22:57;67.66;212.33;5859;465;-86.0;-282;;1;no;2149
34;10:23:10;67.77;214.12;5889;394;-70.1;-85;;1;no;2149
34;10:23:23;67.74;214.48;5880;201;-70.1;-85;216;0;yes;2149
34;10:23:36;68.19;215.46;6016;118;-70.1;-85;118;0;yes;2149
34;10:23:49;68.28;215.88;6039;74;-70.1;-85;65;0;yes;2148
34;10:24:02;68.51;216.6;6110;41;;;;0;no;2148
35;10:12:30;73.66;4.9;7664;110;;;;0;no;2096
35;10:12:43;73.36;3.95;7851;197;99.1;91;195;0;yes;2096
35;10:12:55;73.18;2.89;7770;237;106.3;100;239;0;yes;2098
35;10:13:08;73.01;1.81;7690;260;114.4;111;264;0;yes;2098
35;10:13:21;72.87;0.74;7622;285;125.7;126;293;0;yes;2098
35;10:13:34;72.85;359.57;7615;322;138.0;147;329;0;yes;2098
35;10:13:47;72.81;358.42;7600;348;147.6;165;361;0;yes;2099
35;10:14:00;72.88;357.27;7641;388;143.5;173;392;0;yes;2101
35;10:14:13;73.07;356.32;7733;445;125.1;168;452;0;yes;2101
35;10:14:26;73.23;355.3;7810;484;100.8;154;494;0;yes;2101
35;10:14:39;73.4;354.35;7892;520;79.2;136;523;0;yes;2101
35;10:14:52;73.57;353.55;7985;559;65.3;123;558;0;yes;2102
35;10:15:05;73.67;352.64;8035;584;49.4;104;548;0;yes;2102
35;10:15:18;73.66;348.63;8044;816;110.3;263;;1;no;2106
35;10:15:31;73.7;347.69;8075;834;134.9;318;;1;no;2106
35;10:15:44;73.75;346.68;8109;846;142.9;338;;1;no;2106
35;10:15:57;73.78;345.66;8146;863;136.4;334;;1;no;2106
35;10:16:10;73.86;344.71;8179;902;118.4;308;;1;no;2106
35;10:16:23;73.98;344.45;8215;971;82.9;244;;1;no;2106
35;10:16:37;74.07;343.68;8263;996;15.0;73;555;0;yes;2106
35;10:16:51;74.13;342.94;8299;1029;18.3;90;570;0;yes;2106
35;10:17:04;74.17;342.28;8322;1052;20.0;98;577;0;yes;2107
35;10:17:17;74.22;341.53;8350;1069;21.3;106;569;0;yes;2107
35;10:17:30;74.27;340.73;8381;1103;22.3;112;575;0;yes;2107
35;10:17:43;74.37;340.02;8475;1151;22.0;112;603;0;yes;2117
35;10:17:56;74.45;339.27;8522;1174;19.7;102;620;0;yes;2118
35;10:18:09;74.52;338.65;8562;1186;15.6;84;628;0;yes;2118
35;10:18:22;74.58;338.08;8616;1205;10.5;58;648;0;yes;2121
35;10:18:35;74.67;337.59;8668;1214;5.5;32;682;0;yes;2122
35;10:18:47;74.72;336.82;8700;1230;2.5;14;708;0;yes;2122
35;10:19:00;74.78;336.16;8734;1225;-1.1;-6;733;0;yes;2122
35;10:19:13;74.81;335.54;8757;1215;-4.5;-27;733;0;yes;2123
35;10:19:26;74.86;334.92;8786;1206;-6.3;-39;731;0;yes;2123
35;10:19:39;74.89;334.28;8808;1200;-7.1;-44;733;0;yes;2123
35;10:19:52;74.94;333.82;8838;1172;-7.0;-43;715;0;yes;2123
35;10:20:05;74.97;333.22;8859;1149;-6.1;-37;712;0;yes;2124
35;10:20:20;75.05;333.11;8916;1152;-5.5;-33;732;0;yes;2126
35;10:20:33;75.14;332.69;8990;1158;-4.4;-27;739;0;yes;2129
35;10:20:46;74.87;333.72;9061;1275;-1.8;-11;;0;no;2129
35;10:20:59;74.9;333.18;9139;1301;;;;0;no;2132
35;10:21:12;74.94;332.68;9210;1310;;;;0;no;2132
35;10:21:25;75.02;332.15;9281;1309;;;;0;no;2132
35;10:21:37;75.13;331.68;9364;1285;;;;0;no;2134
35;10:21:51;74.99;331.16;9478;1343;;;;0;no;2142
35;10:22:04;75.08;330.57;9557;1337;;;;0;no;2142
35;10:22:17;75.23;329.91;9668;1336;;;;0;no;2148
35;10:22:29;75.38;329.26;9754;1335;;;;0;no;2148
35;10:22:42;75.49;328.55;9835;1292;-34.2;-160;;0;no;2148
35;10:22:57;76.37;324.49;9924;859;-37.2;-172;667;0;yes;2149
35;10:23:10;76.56;324.24;10070;788;-39.3;-179;631;0;yes;2149
35;10:23:23;76.73;323.63;10208;739;-45.1;-202;540;0;yes;2149
35;10:23:36;76.91;322.78;10352;664;-69.0;-294;486;0;yes;2149
35;10:23:49;77.1;322.3;10500;583;-80.0;-357;380;0;yes;2148
35;10:24:02;77.2;321.47;10585;478;-84.6;-384;296;0;yes;2148
35;10:24:15;77.41;321.31;10586;369;-85.6;-374;;0;no;2145
35;10:24:28;77.49;320.66;10585;339;-83.7;-327;;0;no;2142
35;10:24:41;77.24;320.56;10597;208;-84.3;-321;175;0;yes;2142
35;10:24:54;77.29;319.72;10635;196;-82.8;-291;165;0;yes;2142
35;10:25:07;77.34;318.87;10685;181;-73.4;-198;157;0;yes;2142
35;10:25:22;77.44;318.06;10772;158;;;140;0;yes;2142
36;10:13:08;75.08;161.42;8816;88;;;;0;no;2098
36;10:13:21;75.03;162.2;8787;148;183.1;132;113;0;yes;2098
36;10:13:34;74.78;162.68;8636;223;157.6;125;178;0;yes;2098
36;10:13:47;74.7;163.34;8591;280;144.4;123;205;0;yes;2099
36;10:14:00;74.61;164.14;8549;312;129.9;119;235;0;yes;2101
36;10:14:13;74.52;165.03;8496;327;96.1;105;258;0;yes;2101
36;10:14:26;74.46;165.88;8463;349;72.1;90;264;0;yes;2101
36;10:14:39;74.49;167.03;8480;380;52.0;73;272;0;yes;2101
36;10:14:52;74.48;167.96;8477;394;35.5;55;270;0;yes;2102
36;10:15:05;74.46;168.81;8466;398;24.4;40;270;0;yes;2102
36;10:15:18;74.48;169.72;8490;400;14.4;26;279;0;yes;2106
36;10:15:31;74.51;170.66;8512;404;9.4;18;291;0;yes;2106
36;10:15:44;74.53;171.51;8522;408;13.3;26;290;0;yes;2106
36;10:15:57;74.54;172.3;8526;403;22.0;43;292;0;yes;2106
36;10:16:10;74.53;173.27;8521;399;31.1;60;309;0;yes;2106
36;10:16:23;74.46;174.13;8482;424;36.2;70;348;0;yes;2106
36;10:16:37;74.46;175.16;8480;455;37.7;72;383;0;yes;2106
36;10:16:51;74.45;176.15;8479;487;31.0;61;412;0;yes;2106
36;10:17:04;74.49;177.21;8505;523;18.4;38;419;0;yes;2107
36;10:17:17;74.52;178.03;8524;515;0.6;1;407;0;yes;2107
36;10:17:30;74.52;178.93;8520;505;-16.4;-40;378;0;yes;2107
36;10:17:43;74.48;179.87;8536;481;-28.3;-74;343;0;yes;2117
36;10:17:56;74.49;180.84;8545;460;-37.9;-102;325;0;yes;2118
36;10:18:09;74.48;181.65;8541;425;-46.0;-125;282;0;yes;2118
36;10:18:22;74.54;182.49;8589;398;-49.4;-132;241;0;yes;2121
36;10:18:35;74.65;183.28;8658;377;-48.6;-124;227;0;yes;2122
36;10:18:47;74.77;183.41;8726;296;-49.3;-122;227;0;yes;2122
36;10:19:00;74.77;184.36;8729;290;-48.8;-116;294;0;yes;2122
36;10:19:13;75.05;185.01;8668;238;-48.3;-111;;0;no;2123
36;10:19:26;75.15;185.76;8604;178;;;;0;no;2123
36;10:19:39;75.34;186.76;8543;101;;;;0;no;2123
36;10:19:52;74.17;188.08;8482;167;;;;1;no;2123
36;10:20:05;74.24;188.51;8429;198;;;;1;no;2124
36;10:20:20;74.28;189.04;8473;209;;;;1;no;2126
36;10:20:33;74.38;189.91;8527;240;;;;1;no;2129
36;10:20:46;74.47;190.75;8580;259;;;;1;no;2129
36;10:20:59;74.58;191.63;8654;273;-16.8;-24;;1;no;2132
36;10:21:12;74.71;192.52;8732;278;-23.3;-34;195;0;yes;2132
36;10:21:25;74.8;193.4;8790;276;-35.8;-53;167;0;yes;2132
36;10:21:37;74.93;194.17;8876;272;-46.9;-69;177;0;yes;2134
36;10:21:51;75.04;194.66;8980;245;-56.3;-87;183;0;yes;2142
36;10:22:04;75.16;195.37;9058;232;-60.9;-95;173;0;yes;2142
36;10:22:17;75.21;196.12;9111;187;-64.9;-104;139;0;yes;2148
36;10:22:29;75.24;196.58;9131;150;-68.0;-111;104;0;yes;2148
36;10:22:42;75.36;197.3;9207;139;-68.9;-108;91;0;yes;2148
36;10:22:57;75.49;197.94;9299;116;;;76;0;yes;2149
37;10:13:34;71.99;59.14;7228;169;;;139;0;yes;2098
37;10:13:47;71.59;58.38;7062;217;;;;1;no;2099
37;10:14:00;71.16;57.6;6897;250;;;;1;no;2101
37;10:14:13;70.77;56.83;6748;285;276.6;171;;1;no;2101
37;10:14:26;70.38;56.22;6600;326;223.8;152;;1;no;2101
37;10:14:39;70.02;55.57;6472;350;192.5;139;;1;no;2101
37;10:14:52;69.66;54.83;6353;365;122.9;104;;1;no;2102
37;10:15:05;69.33;54.04;6242;372;0.6;1;299;0;yes;2102
37;10:15:18;68.95;53.14;6126;376;-7.3;-14;294;0;yes;2106
37;10:15:31;68.53;52.23;5996;381;-14.9;-28;312;0;yes;2106
37;10:15:44;68.17;51.41;5888;366;-20.8;-40;338;0;yes;2106
37;10:15:57;67.34;55.18;5799;522;-24.0;-47;;1;no;2106
37;10:16:10;66.84;54.63;5707;552;-24.8;-49;;1;no;2106
37;10:16:23;66.36;54.21;5622;575;-28.3;-55;;1;no;2106
37;10:16:37;66.91;46.95;5533;308;-37.5;-71;353;0;yes;2106
37;10:16:51;66.5;45.8;5425;312;-41.3;-76;365;0;yes;2106
37;10:17:04;65.99;44.95;5299;315;-40.7;-70;344;0;yes;2107
37;10:17:17;65.49;43.75;5176;279;-40.2;-68;304;0;yes;2107
37;10:17:30;65.01;42.77;5065;223;-39.6;-66;246;0;yes;2107
37;10:17:43;64.88;41.81;5057;216;-40.7;-68;250;0;yes;2117
37;10:17:56;64.46;40.7;4964;219;-38.7;-63;240;0;yes;2118
37;10:18:09;63.9;39.33;4842;221;-27.2;-39;241;0;yes;2118
37;10:18:22;63.39;37.62;4742;256;;;304;0;yes;2121
38;10:14:00;64.04;59.38;4061;135;;;;0;no;2101
38;10:14:13;63.84;58.33;3988;232;;;;0;no;2101
38;10:14:26;61.57;58.21;3915;440;63.3;159;;0;no;2101
38;10:14:39;60.73;58.32;4199;561;60.6;158;955;0;yes;2101
38;10:14:52;60.37;57.29;4140;652;76.5;204;1099;0;yes;2102
38;10:15:05;59.71;56.26;4026;705;81.9;223;1206;0;yes;2102
38;10:15:18;59.14;55.03;3934;738;80.9;234;1334;0;yes;2106
38;10:15:31;58.69;53.92;3860;775;81.7;248;1475;0;yes;2106
38;10:15:44;57.82;56.17;3718;930;81.6;259;1604;0;yes;2106
38;10:15:57;57.07;55.72;3603;967;76.0;256;1438;0;yes;2106
38;10:16:10;56.22;55.24;3477;986;65.5;238;1246;0;yes;2106
38;10:16:23;55.55;55.27;3384;1048;51.0;205;1344;0;yes;2106
38;10:16:37;54.48;55.29;3239;1094;36.3;166;1474;0;yes;2106
38;10:16:51;53.44;54.48;3107;1131;32.4;154;1609;0;yes;2106
38;10:17:04;52.44;53.61;2986;1161;26.7;132;1733;0;yes;2107
38;10:17:17;51.59;52.87;2888;1232;18.8;99;1934;0;yes;2107
38;10:17:30;50.61;52.18;2778;1289;25.7;142;2136;0;yes;2107
38;10:17:43;49.17;52.64;2638;1175;31.9;179;2271;0;yes;2117
38;10:17:56;47.68;52.38;2491;1218;35.6;201;;0;yes;2118
38;10:18:09;46.36;51.58;2431;1254;37.5;212;;0;no;2118
38;10:18:22;45.14;50.77;2377;1294;37.4;215;;0;no;2121
38;10:18:35;45.83;49.56;2322;1453;36.6;213;;0;yes;2122
38;10:18:47;44.92;48.79;2242;1472;31.7;190;;0;yes;2122
38;10:19:00;44.13;48.29;2174;1501;21.8;138;;0;yes;2122
38;10:19:13;43.27;47.25;2123;1533;8.5;62;;0;no;2123
38;10:19:26;42.84;45.3;2070;1540;6.4;47;;0;yes;2123
38;10:19:39;42.31;43.56;2028;1545;3.3;24;;0;yes;2123
38;10:19:52;41.83;41.86;1990;1556;-0.7;-5;;0;yes;2123
38;10:20:05;41.04;40.11;1931;1546;-4.5;-34;;0;yes;2124
38;10:20:20;40.27;38.13;1875;1536;-7.1;-56;;0;yes;2126
38;10:20:33;39.47;35.99;1820;1504;-8.5;-67;;0;yes;2129
38;10:20:46;39.01;34.2;1787;1486;-9.4;-73;;0;yes;2129
38;10:20:59;38.66;31.83;1765;1471;-9.4;-74;;0;yes;2132
38;10:21:12;38.31;29.51;1740;1453;-8.4;-65;;0;yes;2132
38;10:21:25;38.36;26.76;1743;1443;-6.6;-50;;0;yes;2132
38;10:21:37;38.67;24.13;1767;1431;-5.8;-43;;0;yes;2134
38;10:21:51;39.01;21.3;1798;1422;-5.7;-42;;0;yes;2142
38;10:22:04;39.91;18.99;1863;1421;-6.5;-47;;0;yes;2142
38;10:22:17;40.75;16.39;1931;1423;-7.5;-54;;0;yes;2148
38;10:22:29;41.41;14.19;1981;1406;-8.2;-59;;0;yes;2148
38;10:22:42;42.07;12.27;2032;1385;-8.8;-64;;0;yes;2148
38;10:22:57;42.8;10.4;2093;1356;-9.4;-67;;0;yes;2149
38;10:23:10;43.64;8.08;2162;1344;-10.4;-74;;0;yes;2149
38;10:23:23;43.87;5.29;2181;1337;-25.4;-173;;0;yes;2149
38;10:23:36;44.13;2.34;2203;1328;-35.5;-250;;0;yes;2149
38;10:23:49;44.22;359.16;2209;1314;-42.3;-307;;0;yes;2148
38;10:24:02;44.22;356.24;2209;1278;-46.5;-343;;0;yes;2148
38;10:24:15;40.8;0.36;1932;935;-48.0;-352;;0;yes;2145
38;10:24:28;40.74;356.54;1925;916;-46.1;-326;;0;yes;2142
38;10:24:41;40.72;352.61;1923;893;-41.4;-274;;0;yes;2142
38;10:24:54;40.91;348.82;1937;864;-33.7;-198;;0;yes;2142
38;10:25:07;41.25;345.06;1963;842;-22.5;-107;;0;yes;2142
38;10:25:22;41.97;341.63;2019;824;-24.0;-112;;0;yes;2142
38;10:25:35;42.77;337.8;2083;803;-24.5;-112;;0;yes;2142
38;10:25:48;43.72;334.77;2161;771;-25.0;-113;;0;yes;2142
38;10:26:01;44.91;332.05;2263;713;-26.4;-119;;0;yes;2142
38;10:26:14;45.9;329.74;2351;665;;;;0;yes;2142
39;10:14:13;60.63;102.26;3824;49;;;;0;no;2101
39;10:14:26;59.33;103.24;3704;152;;;;0;no;2101
39;10:14:39;58.43;105.79;3808;292;;;;1;no;2101
39;10:14:52;57.37;106.76;3643;336;;;;1;no;2102
39;10:15:05;56.37;107.77;3494;398;;;;1;no;2102
39;10:15:18;55.18;108.6;3332;459;;;;1;no;2106
39;10:15:31;54.09;109.39;3187;532;;;;1;no;2106
39;10:15:44;52.93;110.49;3042;592;23.2;71;;1;no;2106
39;10:15:57;51.7;111.67;2898;641;20.3;63;;0;yes;2106
39;10:16:10;50.41;112.72;2754;675;19.6;62;;0;yes;2106
39;10:16:23;49.05;113.72;2612;718;18.4;59;;0;yes;2106
39;10:16:37;47.51;114.51;2460;740;18.0;59;;0;yes;2106
39;10:16:51;45.82;115.48;2304;703;18.9;64;;0;yes;2106
39;10:17:04;44.26;116.75;2170;722;21.5;74;;0;yes;2107
39;10:17:17;42.57;118.28;2033;746;26.0;90;;0;yes;2107
39;10:17:30;40.7;120.03;1890;775;29.9;104;;0;yes;2107
39;10:17:43;39.03;121.81;1778;802;36.3;127;;0;yes;2117
39;10:17:56;37.18;124.11;1652;833;42.2;150;;0;yes;2118
39;10:18:09;35.41;126.86;1538;865;44.5;161;;0;yes;2118
39;10:18:22;33.63;129.71;1431;891;41.6;156;;0;yes;2121
39;10:18:35;32.44;132.3;1362;948;37.4;146;;0;yes;2122
39;10:18:47;30.71;133.44;1264;1000;31.6;129;;0;yes;2122
39;10:19:00;29.19;136.25;1185;1008;24.6;106;;0;yes;2122
39;10:19:13;27.99;140.52;1128;1018;17.3;78;;0;yes;2123
39;10:19:26;26.99;146.04;1081;1033;8.9;43;;0;yes;2123
39;10:19:39;25.85;151.06;1029;1044;4.0;20;;0;yes;2123
39;10:19:52;24.75;156.09;979;1050;1.7;9;;0;yes;2123
39;10:20:05;23.89;161.71;941;1049;-0.5;-3;;0;yes;2124
39;10:20:20;23.23;167.22;912;1033;-2.6;-14;;0;yes;2126
39;10:20:33;22.57;173.73;885;1027;-4.8;-25;;0;yes;2129
39;10:20:46;22.76;179.69;893;1015;-7.4;-39;;0;yes;2129
39;10:20:59;22.47;181.14;882;1051;-10.7;-56;;0;yes;2132
39;10:21:12;22.58;186.32;886;1022;-14.3;-75;;0;yes;2132
39;10:21:25;22.58;190.74;886;964;-16.4;-87;;0;yes;2132
39;10:21:37;22.58;195.12;887;902;-18.7;-100;;0;yes;2134
39;10:21:51;27.7;152.26;1062;1489;-21.4;-116;;1;no;2142
39;10:22:04;27.84;154.92;1135;1500;;;;1;no;2142
39;10:22:17;27.53;156.24;1219;1471;;;;1;no;2148
39;10:22:29;27.27;157.6;1305;1449;;;;1;no;2148
39;10:22:42;26.93;160.33;1402;1430;;;;1;no;2148
39;10:22:57;32.63;206.3;1505;627;;;;0;no;2149
40;10:14:52;70.2;63.16;6223;360;;;;0;no;2102
40;10:15:05;69.94;63.3;6101;458;-1.8;-3;;0;no;2102
40;10:15:18;68.82;61.52;6085;318;27.8;44;307;0;yes;2106
40;10:15:31;68.01;60.48;5841;272;59.5;88;295;0;yes;2106
40;10:15:44;67.56;59.27;5709;328;71.1;103;325;0;yes;2106
40;10:15:57;67.34;55.18;5573;522;90.9;125;;1;no;2106
40;10:16:10;66.84;54.63;5433;552;89.8;126;;1;no;2106
40;10:16:23;66.36;54.21;5298;575;90.8;130;;1;no;2106
40;10:16:37;65.42;56.37;5157;479;83.0;124;552;0;yes;2106
40;10:16:51;64.97;55.59;5052;479;68.3;112;592;0;yes;2106
40;10:17:04;64.65;54.75;4982;488;42.3;89;623;0;yes;2107
40;10:17:17;64.41;53.78;4928;512;38.4;88;544;0;yes;2107
40;10:17:30;63.93;52.9;4824;530;46.8;106;594;0;yes;2107
40;10:17:43;63.38;51.97;4731;560;53.0;119;576;0;yes;2117
40;10:17:56;62.75;50.82;4606;605;58.3;130;653;0;yes;2118
40;10:18:09;62.08;50.16;4476;650;59.6;135;717;0;yes;2118
40;10:18:22;61.3;48.96;4339;694;;;718;0;yes;2121
41;10:14:52;66.21;182.53;5086;64;;;;0;no;2102
41;10:15:05;66.31;184.38;5096;93;;;;0;no;2102
41;10:15:18;65.23;185.8;5110;238;;;;1;no;2106
41;10:15:31;65.29;187.53;5124;270;;;;1;no;2106
41;10:15:44;65.42;188.85;5156;313;;;;1;no;2106
41;10:15:57;65.69;190.43;5221;352;;;;1;no;2106
41;10:16:10;65.89;191.88;5268;396;37.0;76;;1;no;2106
41;10:16:23;65.94;193.15;5283;436;32.0;67;417;0;yes;2106
41;10:16:37;66.14;194.58;5333;480;27.1;58;412;0;yes;2106
41;10:16:51;66.32;195.85;5378;506;22.5;49;404;0;yes;2106
41;10:17:04;66.54;197.06;5439;524;13.0;30;396;0;yes;2107
41;10:17:17;66.75;198.26;5492;539;5.0;12;406;0;yes;2107
41;10:17:30;66.95;199.61;5548;539;-1.0;-3;417;0;yes;2107
41;10:17:43;67.13;200.92;5620;520;-6.6;-17;393;0;yes;2117
41;10:17:56;67.33;202.28;5678;506;-13.6;-36;377;0;yes;2118
41;10:18:09;67.59;203.59;5752;502;-21.2;-57;363;0;yes;2118
41;10:18:22;67.86;204.79;5840;496;-28.9;-78;341;0;yes;2121
41;10:18:35;68.13;205.95;5919;486;-36.5;-99;333;0;yes;2122
41;10:18:47;68.4;206.94;6002;454;-48.4;-132;322;0;yes;2122
41;10:19:00;68.58;207.83;6059;413;-57.1;-158;298;0;yes;2122
41;10:19:13;68.82;208.97;6137;383;-63.6;-175;334;0;yes;2123
41;10:19:26;68.98;209.97;6189;349;-66.9;-177;357;0;yes;2123
41;10:19:39;69.76;212.24;6450;249;-68.2;-166;178;0;yes;2123
41;10:19:52;69.33;211.89;6301;273;-67.9;-150;314;0;yes;2123
41;10:20:05;69.33;211.87;6304;217;-68.3;-144;241;0;yes;2124
41;10:20:20;69.52;212.51;6377;173;-67.2;-131;152;0;yes;2126
41;10:20:33;70.01;213.71;6555;146;-62.6;-103;128;0;yes;2129
41;10:20:46;70.5;215.14;6734;84;;;;0;no;2129
42;10:15:44;66.45;107.71;5411;52;;;48;0;yes;2106
42;10:16:23;64.74;110.08;4999;67;;;65;0;yes;2106
42;10:16:37;64.01;111.1;4839;88;;;95;0;yes;2106
42;10:16:51;63.03;110.82;4635;165;492.2;171;;1;no;2106
42;10:17:04;62.23;111.78;4482;204;666.4;201;;1;no;2107
42;10:17:17;61.6;113.07;4365;253;1348.6;271;;1;no;2107
42;10:17:30;61.16;114.33;4286;319;1481.0;306;;1;no;2107
42;10:17:43;60.56;115.44;4201;367;1317.6;344;;1;no;2117
42;10:17:56;59.97;116.56;4102;409;853.7;353;;1;no;2118
42;10:18:09;59.33;117.6;3990;443;168.4;283;516;0;yes;2118
42;10:18:22;58.75;118.71;3828;457;143.1;258;;0;no;2121
42;10:18:35;58.05;119.86;3661;487;124.7;240;;0;no;2122
42;10:18:47;56.13;117.27;3492;684;121.8;249;934;0;yes;2122
42;10:19:00;55.26;117.95;3369;724;102.6;238;988;0;yes;2122
42;10:19:13;54.38;118.93;3252;756;70.2;203;1096;0;yes;2123
42;10:19:26;53.16;119.16;3096;790;53.5;177;1166;0;yes;2123
42;10:19:39;51.73;119.28;2925;872;53.8;185;1433;0;yes;2123
42;10:19:52;49.77;120.32;2707;971;61.3;217;;0;yes;2123
42;10:20:05;48.15;121.46;2544;914;65.5;242;;0;yes;2124
42;10:20:20;46.57;122.82;2395;956;64.4;252;;0;yes;2126
42;10:20:33;44.36;124.02;2202;1033;58.0;243;;0;yes;2129
42;10:20:46;41.87;128.72;1999;1145;54.1;237;;0;yes;2129
42;10:20:59;40.29;130.37;1882;1203;47.6;219;;0;yes;2132
42;10:21:12;38.77;132.22;1772;1248;39.7;193;;0;yes;2132
42;10:21:25;37.29;134.26;1671;1281;31.8;164;;0;yes;2132
42;10:21:37;35.74;136.74;1571;1313;15.4;88;;0;yes;2134
42;10:21:51;28.08;153.46;1476;1526;11.8;72;;1;no;2142
42;10:22:04;32.47;141.97;1377;1331;12.8;80;;1;no;2142
42;10:22:17;31.04;145.25;1298;1340;13.9;87;;1;no;2148
42;10:22:29;29.67;149.08;1224;1351;13.8;88;;1;no;2148
42;10:22:42;28.56;153.38;1169;1351;13.1;84;;1;no;2148
42;10:22:57;26.69;154.11;1081;1300;11.2;72;;0;yes;2149
42;10:23:10;25.07;167.83;1005;1418;8.3;54;;0;yes;2149
42;10:23:23;23.98;172.2;956;1418;5.2;34;;0;yes;2149
42;10:23:36;23.19;177.05;921;1420;-1.2;-9;;0;yes;2149
42;10:23:49;22.64;182.03;896;1410;-5.7;-41;;0;yes;2148
42;10:24:02;22.42;188.43;886;1405;-8.1;-58;;0;yes;2148
42;10:24:15;22.32;194.55;881;1380;-11.0;-79;;0;yes;2145
42;10:24:28;22.18;201.19;873;1366;-13.6;-98;;0;yes;2142
42;10:24:41;22.42;207.71;884;1347;-16.5;-118;;0;yes;2142
42;10:24:54;23.04;214.38;911;1316;-19.6;-140;;0;yes;2142
42;10:25:07;24.24;220.9;964;1279;-22.4;-158;;0;yes;2142
42;10:25:22;25.73;226.53;1032;1248;-25.2;-177;;0;yes;2142
42;10:25:35;27.73;232.2;1126;1200;-28.2;-195;;0;yes;2142
42;10:25:48;29.42;236.74;1208;1152;-31.9;-216;;0;yes;2142
42;10:26:01;31.32;240.31;1310;1104;-36.2;-240;;0;yes;2142
42;10:26:14;33.2;243.78;1420;1060;-40.7;-264;;0;yes;2142
42;10:26:27;34.92;246.84;1525;1002;-46.6;-294;;0;yes;2142
42;10:26:40;36.32;249.01;1615;926;-55.1;-338;;0;yes;2142
42;10:26:53;37.75;251.21;1713;853;-61.2;-368;;0;yes;2145
42;10:27:06;39.54;252.52;1840;789;-67.4;-393;;0;yes;2147
42;10:27:19;42.27;252.37;2048;676;-70.8;-392;;0;yes;2148
42;10:27:32;45.72;253.31;2341;547;-75.5;-390;;0;yes;2148
42;10:27:44;47.6;253.81;2518;445;-81.9;-389;;0;yes;2148
42;10:27:57;49.43;254.42;2703;369;-83.7;-359;;0;yes;2148
42;10:28:10;50.79;255.69;2833;292;-84.7;-335;;0;no;2149
42;10:28:23;51.76;257.98;2965;178;-85.6;-312;;0;yes;2149
42;10:28:36;53.27;258.23;2926;123;-87.6;-313;;0;no;2149
42;10:28:49;54.37;257.75;3056;77;;;;0;no;2149
43;10:15:44;77.83;124.75;10202;1249;;;;0;no;2106
43;10:15:57;77.61;125.24;10093;1254;;;;0;no;2106
43;10:16:10;77.39;125.74;9986;1253;;;;0;no;2106
43;10:16:23;77.15;126.23;9884;1240;-5.1;-32;;0;no;2106
43;10:16:37;76.9;126.85;10136;1231;-4.1;-25;;0;yes;2106
43;10:16:51;76.68;127.43;9960;1208;-2.8;-17;800;0;yes;2106
43;10:17:04;76.45;128.12;9791;1171;-1.5;-9;763;0;yes;2107
43;10:17:17;76.25;128.37;9644;1191;1.1;6;757;0;yes;2107
43;10:17:30;76.06;128.88;9505;1197;3.2;19;760;0;yes;2107
43;10:17:43;75.84;129.06;9396;1207;4.4;26;769;0;yes;2117
43;10:17:56;75.68;129.31;9295;1218;4.5;27;788;0;yes;2118
43;10:18:09;75.52;129.68;9187;1234;3.5;21;794;0;yes;2118
43;10:18:22;75.33;130.24;9075;1230;1.4;9;755;0;yes;2121
43;10:18:35;75.15;130.7;8962;1238;-2.5;-15;755;0;yes;2122
43;10:18:47;74.98;131.1;8856;1238;-7.2;-45;743;0;yes;2122
43;10:19:00;74.76;131.44;8725;1220;-10.3;-65;704;0;yes;2122
43;10:19:13;74.56;131.77;8609;1207;-12.1;-76;688;0;yes;2123
43;10:19:26;74.3;132.11;8460;1173;-12.4;-78;693;0;yes;2123
43;10:19:39;74.05;132.41;8320;1135;-12.4;-77;670;0;yes;2123
43;10:19:52;73.86;132.72;8218;1134;-12.2;-75;701;0;yes;2123
43;10:20:05;73.67;132.88;8122;1125;-11.5;-69;747;0;yes;2124
43;10:20:20;73.49;133.22;8032;1119;-10.3;-60;784;0;yes;2126
43;10:20:33;73.24;133.66;7918;1100;-9.8;-56;826;0;yes;2129
43;10:20:46;73.04;134.06;7821;1079;-10.3;-59;859;0;yes;2129
43;10:20:59;72.82;134.86;7722;1066;-10.5;-59;858;0;yes;2132
43;10:21:12;72.61;135.82;7625;1056;-12.0;-67;847;0;yes;2132
43;10:21:25;72.39;136.6;7523;1045;-14.0;-78;837;0;yes;2132
43;10:21:37;72.21;137.34;7450;1040;-16.5;-90;861;0;yes;2134
43;10:21:51;72.08;138.02;7419;1024;-19.0;-104;859;0;yes;2142
43;10:22:04;71.87;138.74;7326;984;-23.9;-130;814;0;yes;2142
43;10:22:17;71.67;139.47;7262;946;-28.7;-156;792;0;yes;2148
43;10:22:29;71.46;140.22;7174;919;-32.6;-175;787;0;yes;2148
43;10:22:42;71.26;141.19;7093;897;-34.6;-182;782;0;yes;2148
43;10:22:57;70.98;142.21;6982;826;-35.6;-181;724;0;yes;2149
43;10:23:10;70.81;143.19;6918;776;-35.5;-174;689;0;yes;2149
43;10:23:23;70.67;143.89;6864;739;-36.1;-171;569;0;yes;2149
43;10:23:36;70.6;144.78;6837;715;-35.4;-160;546;0;yes;2149
43;10:23:49;70.54;145.57;6808;679;-33.0;-138;504;0;yes;2148
43;10:24:02;70.45;146.44;6776;662;-31.4;-124;498;0;yes;2148
43;10:24:15;70.41;147.36;6751;619;-30.5;-116;484;0;yes;2145
43;10:24:28;70.3;148.07;6702;582;-30.5;-113;479;0;yes;2142
43;10:24:41;70.22;148.61;6672;542;-29.6;-107;472;0;yes;2142
43;10:24:54;70.5;147.37;6600;443;-29.5;-104;;0;no;2142
43;10:25:07;70.28;147.81;6538;440;;;;0;no;2142
43;10:25:22;70.03;148.53;6479;449;;;;0;no;2142
43;10:25:35;69.77;149.57;6411;472;;;;0;no;2142
43;10:25:48;69.51;150.34;6347;476;;;;0;no;2142
43;10:26:01;67.48;150.17;6283;682;;;;1;no;2142
43;10:26:14;67.27;151.42;6226;707;;;;1;no;2142
43;10:26:27;66.94;152.64;6169;733;;;;1;no;2142
43;10:26:40;66.57;153.94;6109;746;;;;1;no;2142
43;10:26:53;66.2;155.23;6064;752;-61.7;-187;;1;no;2145
43;10:27:06;68.21;157.87;6013;488;-64.8;-196;478;0;yes;2147
43;10:27:19;65.22;157.97;5923;720;-62.8;-183;;1;no;2148
43;10:27:32;64.77;159.58;5838;694;-61.5;-172;;1;no;2148
43;10:27:44;67.33;162.29;5760;382;-69.1;-190;374;0;yes;2148
43;10:27:57;67.29;162.94;5749;280;-78.0;-202;329;0;yes;2148
43;10:28:10;67.24;164.38;5739;260;-81.2;-186;330;0;yes;2149
43;10:28:23;67.27;165.8;5747;233;-82.2;-174;325;0;yes;2149
43;10:28:36;67.29;167.15;5684;184;-83.0;-159;;0;no;2149
43;10:28:49;66.82;167.94;5623;108;-88.1;-186;94;0;yes;2149
43;10:29:02;66.81;169.35;5616;91;;;79;0;yes;2148
44;10:16:23;61.95;118.89;4427;115;;;;0;no;2106
44;10:16:37;60.98;120.6;4252;186;121.8;102;220;0;yes;2106
44;10:16:51;60.14;122.35;4108;222;119.5;104;257;0;yes;2106
44;10:17:04;59.38;124.12;3978;251;108.3;100;293;0;yes;2107
44;10:17:17;58.49;125.64;3830;294;94.8;92;336;0;yes;2107
44;10:17:30;57.64;127.49;3694;318;77.1;82;385;0;yes;2107
44;10:17:43;56.73;129.38;3571;337;57.9;68;437;0;yes;2117
44;10:17:56;55.86;131.4;3446;348;37.1;48;484;0;yes;2118
44;10:18:09;54.98;133.37;3324;351;17.7;27;516;0;yes;2118
44;10:18:22;54.11;135.41;3214;344;10.2;16;528;0;yes;2121
44;10:18:35;53.3;137.57;3112;350;-21.3;-35;;0;yes;2122
44;10:18:47;52.64;136.92;3031;445;-41.7;-75;;1;no;2122
44;10:19:00;51.89;138.84;2942;449;-57.2;-111;;1;no;2122
44;10:19:13;51.11;141.06;2854;459;-68.2;-138;;1;no;2123
44;10:19:26;50.3;143.53;2765;470;-72.2;-148;;1;no;2123
44;10:19:39;49.53;146.14;2682;479;-76.3;-151;;1;no;2123
44;10:19:52;49.52;152.94;2681;251;-79.7;-144;;0;yes;2123
44;10:20:05;48.69;155.34;2598;167;-79.5;-119;;0;yes;2124
44;10:20:20;47.65;158.5;2497;104;-79.5;-119;;0;yes;2126
44;10:20:33;46.88;162.19;2428;60;-78.7;-104;;0;yes;2129
44;10:20:46;46.77;165.59;2417;36;;;;0;no;2129
45;10:16:23;71.11;354.34;6894;81;;;71;0;yes;2106
45;10:16:37;71.11;352.65;6894;123;121.4;61;107;0;yes;2106
45;10:16:51;71.1;351.08;6890;146;103.7;56;127;0;yes;2106
45;10:17:04;71.08;349.6;6887;170;91.5;52;158;0;yes;2107
45;10:17:17;71.11;348.1;6899;178;81.7;49;159;0;yes;2107
45;10:17:30;71.16;346.74;6919;187;63.0;42;162;0;yes;2107
45;10:17:43;71.26;345.4;6987;192;43.8;33;150;0;yes;2117
45;10:17:56;71.34;344.2;7025;201;25.0;21;135;0;yes;2118
45;10:18:09;71.41;342.96;7054;207;7.3;7;153;0;yes;2118
45;10:18:22;71.48;341.75;7093;219;-13.6;-13;167;0;yes;2121
45;10:18:35;71.56;340.48;7125;217;-31.4;-32;173;0;yes;2122
45;10:18:47;71.59;339.32;7141;204;-39.7;-44;173;0;yes;2122
45;10:19:00;71.54;338.31;7119;155;-48.0;-57;139;0;yes;2122
45;10:19:13;71.57;336.9;7135;121;-55.8;-71;120;0;yes;2123
45;10:19:26;71.65;335.6;7168;69;;;;0;no;2123
46;10:16:37;66.37;63.7;5390;53;;;70;0;yes;2106
46;10:16:51;65.94;63.15;5284;55;95.4;22;52;0;yes;2106
46;10:17:04;65.4;62.74;5156;61;92.7;22;55;0;yes;2107
46;10:17:17;64.82;62.13;5019;70;89.9;22;60;0;yes;2107
46;10:17:30;64.12;61.59;4864;78;110.2;28;62;0;yes;2107
46;10:17:43;63.41;60.87;4738;88;119.0;32;86;0;yes;2117
46;10:17:56;62.63;60.92;4581;72;113.3;33;76;0;yes;2118
46;10:18:09;62.36;60.22;4530;83;97.1;31;148;0;yes;2118
46;10:18:22;61.3;59.47;4339;112;87.3;30;220;0;yes;2121
46;10:18:35;60.89;58.91;4268;113;66.2;25;161;0;yes;2122
46;10:18:47;60.36;58.39;4176;115;46.2;19;155;0;yes;2122
46;10:19:00;59.47;57.56;4022;105;22.9;11;128;0;yes;2122
46;10:19:13;58.44;56.94;3850;118;-14.4;-7;158;0;yes;2123
46;10:19:26;57.32;56.42;3671;120;-27.4;-16;167;0;yes;2123
46;10:19:39;56.22;55.67;3507;135;-35.4;-22;211;0;yes;2123
46;10:19:52;54.78;55.31;3305;114;-41.9;-27;227;0;yes;2123
46;10:20:05;53.04;54.31;3083;83;-48.7;-33;;0;yes;2124
46;10:20:20;51.72;53.82;2928;81;-54.4;-39;;0;yes;2126
46;10:20:33;50.21;52.76;2763;84;;;;0;yes;2129
47;10:17:04;73.58;250.75;8007;121;;;85;0;yes;2107
47;10:17:17;73.79;251.22;8117;163;125.2;84;117;0;yes;2107
47;10:17:30;73.94;251.75;8199;202;102.7;74;186;0;yes;2107
47;10:17:43;74.12;252.16;8334;223;82.9;64;198;0;yes;2117
47;10:17:56;74.29;252.54;8431;237;68.0;55;204;0;yes;2118
47;10:18:09;74.43;252.84;8514;253;42.0;39;208;0;yes;2118
47;10:18:22;74.62;253.29;8639;260;21.2;22;197;0;yes;2121
47;10:18:35;74.85;253.96;8779;254;5.7;6;170;0;yes;2122
47;10:18:47;75.05;254.44;8897;255;-3.1;-4;162;0;yes;2122
47;10:19:00;75.2;254.9;8994;248;3.6;5;150;0;yes;2122
47;10:19:13;75.39;255.33;9121;240;20.0;26;135;0;yes;2123
47;10:19:26;75.57;256.2;9241;208;36.5;44;145;0;yes;2123
47;10:19:39;75.68;256.5;9431;210;51.1;59;;0;no;2123
47;10:19:52;75.78;256.81;9621;206;61.1;69;;0;no;2123
47;10:20:05;76.38;257.28;9817;290;61.9;70;321;0;yes;2124
47;10:20:20;76.62;257.62;10010;319;55.2;64;341;0;yes;2126
47;10:20:33;76.8;257.99;10170;339;43.1;55;366;0;yes;2129
47;10:20:46;77.02;258.24;10342;341;25.6;38;389;0;yes;2129
47;10:20:59;77.29;258.64;10584;348;20.1;32;409;0;yes;2132
47;10:21:12;77.55;259.11;10812;342;19.7;32;237;0;yes;2132
47;10:21:25;77.68;259.36;10933;363;20.2;33;;0;yes;2132
47;10:21:37;77.82;259.63;11068;378;23.5;38;;0;yes;2134
47;10:21:51;77.97;259.88;11255;385;;;;0;yes;2142
48;10:17:30;71.21;352.2;6935;83;;;64;0;yes;2107
48;10:17:43;71.19;350.86;6963;109;28.8;15;92;0;yes;2117
48;10:17:56;71.14;349.48;6944;122;24.2;13;110;0;yes;2118
48;10:18:09;71.16;348.04;6951;131;30.7;17;115;0;yes;2118
48;10:18:22;71.28;346.42;7010;122;39.9;22;93;0;yes;2121
48;10:18:35;71.37;345.0;7050;127;46.5;26;93;0;yes;2122
48;10:18:47;71.44;343.57;7079;124;54.4;31;90;0;yes;2122
48;10:19:00;71.57;341.85;7131;156;64.1;36;122;0;yes;2122
48;10:19:13;71.69;340.58;7183;170;74.4;40;145;0;yes;2123
48;10:19:26;71.92;339.95;7282;200;86.2;46;;1;no;2123
48;10:19:39;72.04;338.99;7334;189;;;;1;no;2123
48;10:19:52;72.14;337.81;7381;175;;;;1;no;2123
48;10:20:05;72.21;336.63;7414;175;;;;1;no;2124
48;10:20:20;72.31;335.68;7468;153;;;;1;no;2126
48;10:20:33;72.43;334.25;7533;113;;;;1;no;2129
49;10:17:56;56.29;125.69;3508;76;;;;0;no;2118
49;10:18:09;55.43;126.27;3386;155;55.0;46;206;0;yes;2118
49;10:18:22;54.47;127.77;3262;205;55.0;46;298;0;yes;2121
49;10:18:35;53.62;129.75;3152;238;124.2;105;;0;yes;2122
49;10:18:47;52.64;136.92;3031;445;140.0;118;;1;no;2122
49;10:19:00;51.89;138.84;2942;449;149.5;130;;1;no;2122
49;10:19:13;51.11;141.06;2854;459;154.1;135;;1;no;2123
49;10:19:26;50.3;143.53;2765;470;133.0;124;;1;no;2123
49;10:19:39;49.53;146.14;2682;479;94.0;100;;1;no;2123
49;10:19:52;48.31;145.44;2558;366;52.0;66;;0;yes;2123
49;10:20:05;47.67;147.83;2497;389;7.9;14;;0;yes;2124
49;10:20:20;46.93;150.89;2428;389;7.9;14;;0;yes;2126
49;10:20:33;42.51;152.02;2499;458;3.8;7;;1;no;2129
49;10:20:46;48.34;155.74;2569;219;;;;1;no;2129
49;10:20:59;48.21;159.07;2558;178;;;;1;no;2132
49;10:21:12;48.16;162.79;2553;104;;;;1;no;2132
49;10:21:25;48.41;162.92;2578;42;;;;0;no;2132
50;10:17:56;72.66;256.66;7599;79;;;80;0;yes;2118
50;10:18:09;72.86;257.05;7690;119;209.5;72;121;0;yes;2118
50;10:18:22;72.93;257.0;7739;169;169.1;63;;1;no;2121
50;10:18:35;73.28;257.75;7912;155;133.4;54;;1;no;2122
50;10:18:47;73.52;258.11;8032;172;106.3;46;;1;no;2122
50;10:19:00;73.79;258.62;8176;177;79.6;37;;1;no;2122
50;10:19:13;74.1;259.39;8348;166;42.2;22;126;0;yes;2123
50;10:19:26;74.37;259.91;8497;160;3.8;1;115;0;yes;2123
50;10:19:39;74.55;260.25;8603;160;-21.6;-18;109;0;yes;2123
50;10:19:52;74.7;260.63;8693;154;-31.2;-26;119;0;yes;2123
50;10:20:05;74.87;260.88;8799;147;-37.7;-32;124;0;yes;2124
50;10:20:20;75.08;261.19;8939;143;-41.8;-36;128;0;yes;2126
50;10:20:33;75.33;261.63;9111;129;-45.0;-39;90;0;yes;2129
50;10:20:46;75.54;262.11;9249;111;-47.0;-41;86;0;yes;2129
50;10:20:59;75.69;262.35;9356;106;-49.2;-42;100;0;yes;2132
50;10:21:12;75.8;262.52;9437;100;;;92;0;yes;2132
51;10:18:35;58.06;66.09;3785;72;;;;0;no;2122
51;10:18:47;56.96;65.58;3614;120;187.6;100;150;0;yes;2122
51;10:19:00;55.75;64.7;3438;160;168.7;97;206;0;yes;2122
51;10:19:13;54.66;64.2;3290;183;140.4;87;228;0;yes;2123
51;10:19:26;53.7;63.03;3164;225;113.0;76;;0;yes;2123
51;10:19:39;52.48;62.12;3013;249;77.7;60;;0;yes;2123
51;10:19:52;51.19;61.34;2863;257;47.6;41;;0;yes;2123
51;10:20:05;49.8;60.45;2713;261;16.8;16;;0;yes;2124
51;10:20:20;48.37;59.46;2568;265;-9.7;-12;;0;yes;2126
51;10:20:33;46.61;57.96;2402;252;-26.0;-34;;0;yes;2129
51;10:20:46;45.03;56.42;2259;241;-37.4;-51;;0;yes;2129
51;10:20:59;43.44;54.64;2127;225;-48.6;-67;;0;yes;2132
51;10:21:12;41.79;52.88;1995;213;-60.0;-84;;0;yes;2132
51;10:21:25;40.09;50.96;1867;188;-67.4;-94;;0;yes;2132
51;10:21:37;38.31;48.7;1742;169;-70.8;-99;;0;yes;2134
51;10:21:51;36.22;48.06;1608;112;-74.0;-104;;0;yes;2142
51;10:22:04;34.52;45.13;1500;82;-77.4;-110;;0;yes;2142
51;10:22:17;32.92;40.41;1407;40;;;;0;no;2148
52;10:18:35;77.97;161.03;11153;435;;;;0;yes;2122
52;10:18:47;77.9;161.8;11082;439;2.7;6;;0;yes;2122
52;10:19:00;77.8;162.62;10993;454;6.1;13;;0;yes;2122
52;10:19:13;77.64;163.36;10851;445;9.5;21;;0;yes;2123
52;10:19:26;77.44;164.17;10673;432;11.8;26;278;0;yes;2123
52;10:19:39;77.37;165.03;10611;443;19.7;43;291;0;yes;2123
52;10:19:52;77.31;165.93;10560;461;26.2;56;305;0;yes;2123
52;10:20:05;77.28;166.79;10543;475;29.4;63;307;0;yes;2124
52;10:20:20;77.27;167.67;10538;486;30.6;66;310;0;yes;2126
52;10:20:33;77.18;168.26;10479;527;30.6;67;324;0;yes;2129
52;10:20:46;77.15;169.12;10454;534;26.4;60;329;0;yes;2129
52;10:20:59;77.14;169.92;10460;538;21.1;50;333;0;yes;2132
52;10:21:12;77.1;170.65;10421;545;13.2;33;328;0;yes;2132
52;10:21:25;77.03;171.36;10363;561;1.8;5;344;0;yes;2132
52;10:21:37;76.98;172.11;10336;570;-5.3;-14;356;0;yes;2134
52;10:21:51;76.94;172.85;10347;580;-11.1;-31;365;0;yes;2142
52;10:22:04;76.89;173.34;10300;547;-15.0;-43;357;0;yes;2142
52;10:22:17;76.79;173.85;10252;518;-16.7;-48;336;0;yes;2148
52;10:22:29;76.7;174.46;10175;502;-14.1;-40;307;0;yes;2148
52;10:22:42;76.64;175.23;10129;492;-10.1;-28;293;0;yes;2148
52;10:22:57;76.6;176.04;10107;489;-4.5;-12;283;0;yes;2149
52;10:23:10;76.56;176.9;10074;496;2.0;5;290;0;yes;2149
52;10:23:23;76.57;177.69;10085;510;7.2;18;290;0;yes;2149
52;10:23:36;76.55;178.24;10067;508;10.9;27;318;0;yes;2149
52;10:23:49;76.53;178.96;10041;510;12.4;30;317;0;yes;2148
52;10:24:02;76.54;179.79;10050;519;12.1;30;308;0;yes;2148
52;10:24:15;76.56;180.59;10052;534;9.7;24;302;0;yes;2145
52;10:24:28;76.57;181.45;10045;544;7.7;19;293;0;yes;2142
52;10:24:41;76.6;182.27;10074;557;4.6;12;297;0;yes;2142
52;10:24:54;76.59;183.07;10066;557;-1.4;-4;300;0;yes;2142
52;10:25:07;76.57;183.8;10052;533;-12.0;-32;292;0;yes;2142
52;10:25:22;76.62;184.6;10087;539;-19.9;-55;305;0;yes;2142
52;10:25:35;76.69;185.56;10142;537;-28.1;-79;311;0;yes;2142
52;10:25:48;76.7;186.18;10153;512;-45.7;-130;301;0;yes;2142
52;10:26:01;76.67;186.77;10123;457;-59.8;-176;271;0;yes;2142
52;10:26:14;76.66;187.56;10119;442;-71.2;-218;289;0;yes;2142
52;10:26:27;76.64;188.23;10099;402;-75.7;-231;269;0;yes;2142
52;10:26:40;76.56;190.16;10039;281;-76.2;-220;223;0;yes;2142
52;10:26:53;76.37;191.71;9907;185;-77.7;-218;118;0;yes;2145
52;10:27:06;76.49;192.67;10008;176;-79.3;-220;100;0;yes;2147
52;10:27:19;76.64;193.68;10062;127;-77.7;-195;;0;no;2148
52;10:27:32;76.76;194.48;10074;83;;;;0;no;2148
53;10:18:47;75.17;150.1;8977;501;;;323;0;yes;2122
53;10:19:00;75.07;150.74;8913;515;5.3;14;346;0;yes;2122
53;10:19:13;74.97;151.46;8857;528;2.9;8;369;0;yes;2123
53;10:19:26;74.86;152.25;8789;530;-3.4;-9;375;0;yes;2123
53;10:19:39;74.77;153.04;8735;537;-8.5;-22;371;0;yes;2123
53;10:19:52;74.66;153.87;8667;534;-15.2;-41;375;0;yes;2123
53;10:20:05;74.54;154.63;8603;524;-19.0;-52;380;0;yes;2124
53;10:20:20;74.4;155.43;8529;491;-20.4;-56;362;0;yes;2126
53;10:20:33;74.25;156.37;8454;468;-18.3;-50;324;0;yes;2129
53;10:20:46;74.1;157.43;8372;447;-11.9;-31;320;0;yes;2129
53;10:20:59;73.99;158.6;8322;443;-2.3;-6;322;0;yes;2132
53;10:21:12;73.89;159.66;8265;453;8.4;20;324;0;yes;2132
53;10:21:25;73.81;160.69;8220;468;15.0;34;336;0;yes;2132
53;10:21:37;73.67;161.75;8156;494;16.8;37;412;0;yes;2134
53;10:21:51;73.58;162.71;8142;504;14.4;32;449;0;yes;2142
53;10:22:04;73.44;163.82;8069;519;8.5;20;467;0;yes;2142
53;10:22:17;73.28;164.83;8008;507;-23.3;-51;478;0;yes;2148
53;10:22:29;73.18;165.96;7956;501;-46.5;-118;496;0;yes;2148
53;10:22:42;73.13;167.18;7931;501;-64.6;-181;518;0;yes;2148
53;10:22:57;73.15;168.24;7949;489;-73.6;-220;472;0;yes;2149
53;10:23:10;73.33;169.37;8041;309;-78.0;-238;295;0;yes;2149
53;10:23:23;73.26;170.61;8003;260;-79.0;-234;212;0;yes;2149
53;10:23:36;73.06;171.45;7901;193;-77.2;-209;195;0;yes;2149
53;10:23:49;72.84;172.51;7791;167;-75.6;-186;118;0;yes;2148
53;10:24:02;72.78;173.94;7764;152;-79.1;-122;108;0;yes;2148
53;10:24:15;72.05;176.7;7707;267;-81.2;-106;;1;no;2145
53;10:24:28;71.98;178.14;7647;275;-80.1;-88;;1;no;2142
53;10:24:41;71.83;179.73;7606;272;-82.9;-94;;1;no;2142
53;10:24:54;71.59;181.27;7558;245;-85.6;-100;;1;no;2142
53;10:25:07;72.32;180.76;7527;70;;;;0;no;2142
53;10:25:22;72.37;182.1;7551;60;;;49;0;yes;2142
54;10:19:39;74.93;246.99;8831;101;;;63;0;yes;2123
54;10:19:52;75.1;247.34;8938;127;392.2;155;87;0;yes;2123
54;10:20:05;75.34;247.64;9096;175;409.3;171;114;0;yes;2124
54;10:20:20;75.98;249.28;9265;308;381.2;174;;1;no;2126
54;10:20:33;75.84;248.3;9453;224;323.2;164;155;0;yes;2129
54;10:20:46;75.99;248.44;9461;228;293.6;166;;0;no;2129
54;10:20:59;75.87;248.43;9482;310;214.9;153;263;0;yes;2132
54;10:21:12;75.89;248.49;9496;367;176.2;145;287;0;yes;2132
54;10:21:25;75.99;248.61;9571;406;114.6;120;302;0;yes;2132
54;10:21:37;75.86;250.33;9489;556;177.1;266;;1;no;2134
54;10:21:51;75.99;250.45;9616;596;222.0;326;;1;no;2142
54;10:22:04;76.06;250.55;9667;641;231.0;345;;1;no;2142
54;10:22:17;76.1;250.7;9718;687;223.2;344;;1;no;2148
54;10:22:29;76.17;250.87;9775;744;183.6;313;;1;no;2148
54;10:22:42;76.28;251.05;9850;784;120.2;246;;1;no;2148
54;10:22:57;76.41;251.28;9960;823;15.0;60;445;0;yes;2149
54;10:23:10;76.56;251.5;10072;854;14.7;60;464;0;yes;2149
54;10:23:23;76.69;251.69;10173;878;14.2;58;480;0;yes;2149
54;10:23:36;76.81;251.84;10271;893;15.3;64;495;0;yes;2149
54;10:23:49;76.94;252.04;10371;916;17.6;74;512;0;yes;2148
54;10:24:02;77.05;252.27;10464;935;18.6;80;537;0;yes;2148
54;10:24:15;78.53;252.31;10538;1681;18.2;79;;1;no;2145
54;10:24:28;78.57;252.45;10605;1674;16.3;72;;0;no;2142
54;10:24:41;78.61;252.66;10688;1667;14.0;63;;0;no;2142
54;10:24:54;77.44;253.03;10768;989;11.3;52;;0;yes;2142
54;10:25:07;77.58;253.18;10893;998;8.0;38;;0;yes;2142
54;10:25:22;77.7;253.33;11000;1001;4.3;21;;0;yes;2142
54;10:25:35;77.85;253.53;11142;1009;2.5;12;;0;yes;2142
54;10:25:48;77.98;253.66;11265;1012;2.4;12;;0;yes;2142
54;10:26:01;78.13;253.75;11419;1017;2.6;13;;0;no;2142
54;10:26:14;78.27;253.86;11557;1009;;;;0;no;2142
54;10:26:27;78.43;254.01;11721;1016;;;;0;no;2142
54;10:26:40;78.53;254.15;11824;983;;;;0;no;2142
54;10:26:53;78.61;254.32;11923;953;;;;0;no;2145
54;10:27:06;78.7;254.43;12036;923;;;;0;no;2147
54;10:27:19;78.79;254.46;12142;896;;;;0;no;2148
54;10:27:32;78.9;254.52;12266;879;;;;0;no;2148
54;10:27:44;78.99;254.48;12361;865;;;;0;no;2148
54;10:27:57;77.24;253.25;12267;1326;;;;1;no;2148
54;10:28:10;77.23;253.33;12369;1339;;;;1;no;2149
54;10:28:23;77.22;253.28;12463;1339;;;;1;no;2149
54;10:28:36;77.21;253.27;12557;1329;;;;1;no;2149
54;10:28:49;77.22;253.4;12651;1348;;;;1;no;2149
55;10:20:33;73.58;124.84;8092;71;;;59;0;yes;2129
55;10:20:46;73.29;125.52;7943;87;140.9;49;77;0;yes;2129
55;10:20:59;73.05;126.06;7835;107;130.1;48;91;0;yes;2132
55;10:21:12;72.76;126.45;7694;127;147.0;57;103;0;yes;2132
55;10:21:25;72.51;126.91;7576;123;173.4;71;102;0;yes;2132
55;10:21:37;72.21;127.55;7447;138;201.9;89;134;0;yes;2134
55;10:21:51;71.9;128.26;7341;149;218.0;103;171;0;yes;2142
55;10:22:04;71.72;129.1;7262;183;210.4;109;226;0;yes;2142
55;10:22:17;71.46;129.92;7171;226;198.5;112;264;0;yes;2148
55;10:22:29;71.2;130.74;7068;259;160.6;104;285;0;yes;2148
55;10:22:42;70.93;131.46;6960;276;113.7;87;315;0;yes;2148
55;10:22:57;70.5;132.33;6799;288;63.3;61;330;0;yes;2149
55;10:23:10;70.08;133.36;6642;304;33.4;39;349;0;yes;2149
55;10:23:23;69.66;134.25;6495;299;18.0;24;362;0;yes;2149
55;10:23:36;69.31;135.23;6373;311;10.6;15;352;0;yes;2149
55;10:23:49;68.9;136.38;6233;308;10.1;15;322;0;yes;2148
55;10:24:02;68.46;137.61;6093;297;12.3;18;284;0;yes;2148
55;10:24:15;68.14;138.7;5988;282;17.2;26;265;0;yes;2145
55;10:24:28;67.91;140.04;5913;307;24.6;36;271;0;yes;2142
55;10:24:41;67.6;141.33;5821;328;29.6;43;278;0;yes;2142
55;10:24:54;67.24;142.43;5718;338;30.4;45;303;0;yes;2142
55;10:25:07;66.89;143.54;5624;347;31.1;46;316;0;yes;2142
55;10:25:22;66.58;144.76;5540;365;29.3;45;324;0;yes;2142
55;10:25:35;66.22;146.26;5446;374;25.4;41;348;0;yes;2142
55;10:25:48;65.92;147.53;5368;391;23.9;39;353;0;yes;2142
55;10:26:01;67.48;150.17;5279;682;21.6;36;;1;no;2142
55;10:26:14;67.27;151.42;5198;707;;;;1;no;2142
55;10:26:27;66.94;152.64;5118;733;;;;1;no;2142
55;10:26:40;66.57;153.94;5037;746;;;;1;no;2142
55;10:26:53;66.2;155.23;4970;752;;;;1;no;2145
55;10:27:06;63.86;155.52;4899;463;;;;0;no;2147
55;10:27:19;65.22;157.97;4827;720;;;;1;no;2148
55;10:27:32;64.77;159.58;4761;694;-16.6;-41;;1;no;2148
55;10:27:44;62.91;160.82;4702;474;-22.3;-55;454;0;yes;2148
55;10:27:57;62.6;162.81;4640;466;-25.0;-62;440;0;yes;2148
55;10:28:10;62.25;164.76;4576;453;-26.9;-66;429;0;yes;2149
55;10:28:23;61.93;166.72;4513;425;-30.4;-75;389;0;yes;2149
55;10:28:36;61.72;168.62;4475;398;-34.7;-85;365;0;yes;2149
55;10:28:49;61.62;170.43;4456;384;-39.9;-96;344;0;yes;2149
55;10:29:02;61.55;172.4;4440;367;-44.3;-103;319;0;yes;2148
55;10:29:15;61.51;174.49;4447;353;-47.1;-104;321;0;yes;2155
55;10:29:28;61.56;176.81;4440;323;-49.1;-104;313;0;yes;2147
55;10:29:41;61.66;179.21;4473;289;-50.6;-104;287;0;yes;2155
55;10:29:54;61.86;181.27;4494;264;-55.4;-108;290;0;yes;2147
55;10:30:07;62.12;183.32;4562;244;-63.3;-116;277;0;yes;2155
55;10:30:20;62.48;185.25;4614;218;-64.8;-114;254;0;yes;2147
55;10:30:33;62.65;188.63;4648;131;-66.6;-112;118;0;yes;2147
55;10:30:46;63.01;190.68;4506;103;-70.2;-118;;0;no;2147
55;10:30:59;63.41;192.28;4533;65;;;;0;no;2147
56;10:20:46;62.43;22.71;4567;95;;;126;0;yes;2129
56;10:20:59;62.52;21.14;4590;91;53.4;21;175;0;yes;2132
56;10:21:12;62.64;19.66;4613;67;115.2;43;99;0;yes;2132
56;10:21:25;62.34;18.35;4556;61;175.1;63;98;0;yes;2132
56;10:21:37;61.73;17.4;4444;115;175.1;63;130;0;yes;2134
56;10:21:51;61.32;15.43;4386;190;264.7;80;199;0;yes;2142
56;10:22:04;60.99;14.91;4327;296;458.4;160;;1;no;2142
56;10:22:17;60.71;13.17;4288;370;479.9;174;;1;no;2148
56;10:22:29;60.45;11.11;4244;417;384.1;162;;1;no;2148
56;10:22:42;60.21;9.06;4202;463;232.6;131;;1;no;2148
56;10:22:57;60.05;6.84;4179;455;110.5;83;;1;no;2149
56;10:23:10;60.02;4.28;4172;429;-14.9;-18;;1;no;2149
56;10:23:23;60.19;1.83;4201;369;-81.5;-195;545;0;yes;2149
56;10:23:36;60.31;359.18;4222;326;-84.1;-195;565;0;yes;2149
56;10:23:49;60.56;356.62;4263;275;-84.1;-195;575;0;yes;2148
56;10:24:02;61.81;354.91;4489;149;-87.7;-214;231;0;yes;2148
56;10:24:15;62.1;353.07;4539;100;-91.1;-235;116;0;yes;2145
56;10:24:28;62.32;351.18;4574;66;;;79;0;yes;2142
57;10:21:12;76.57;54.2;10676;151;;;;0;no;2132
57;10:21:25;76.47;54.31;10522;257;;;;0;no;2132
57;10:21:37;76.26;53.95;10378;307;;;;0;no;2134
57;10:21:51;76.09;53.47;10268;352;;;;0;no;2142
57;10:22:04;75.96;53.13;10115;406;;;;0;no;2142
57;10:22:17;75.81;52.76;9989;437;;;;0;no;2148
57;10:22:29;75.64;52.36;9839;461;43.9;117;;0;no;2148
57;10:22:42;75.7;52.48;9434;579;44.2;120;414;0;yes;2148
57;10:22:57;75.59;52.1;9370;622;53.6;147;444;0;yes;2149
57;10:23:10;75.39;51.65;9233;675;57.6;161;499;0;yes;2149
57;10:23:23;75.19;51.25;9105;711;61.4;176;541;0;yes;2149
57;10:23:36;75.01;50.88;8991;735;63.1;187;569;0;yes;2149
57;10:23:49;74.85;51.35;8887;832;59.8;185;581;0;yes;2148
57;10:24:02;74.63;50.98;8752;866;51.0;167;600;0;yes;2148
57;10:24:15;74.41;50.61;8613;896;39.2;138;635;0;yes;2145
57;10:24:28;74.21;50.19;8482;927;26.6;101;684;0;yes;2142
57;10:24:41;74.01;49.61;8374;940;14.0;58;706;0;yes;2142
57;10:24:54;73.85;48.85;8286;936;10.2;44;731;0;yes;2142
57;10:25:07;73.8;48.14;8260;945;6.5;29;783;0;yes;2142
57;10:25:22;73.74;47.93;8097;1013;3.0;14;;0;no;2142
57;10:25:35;73.64;47.6;7919;1048;;;;0;no;2142
57;10:25:48;73.5;47.29;7762;1072;;;;0;no;2142
57;10:26:01;73.25;43.38;7603;857;;;;0;no;2142
57;10:26:14;73.12;46.4;7442;1138;;;;0;no;2142
57;10:26:27;72.85;45.87;7281;1160;;;;0;no;2142
57;10:26:40;72.59;45.49;7126;1192;;;;0;no;2142
57;10:26:53;72.33;45.14;6976;1226;;;;0;no;2145
57;10:27:06;72.09;44.78;6821;1272;;;;0;no;2147
57;10:27:19;71.89;44.43;6670;1326;;;;0;no;2148
57;10:27:32;71.67;43.92;6512;1363;;;;0;no;2148
57;10:27:44;71.42;43.51;6351;1409;;;;0;no;2148
57;10:27:57;71.21;43.06;6194;1450;;;;0;no;2148
57;10:28:10;70.99;42.64;6036;1486;;;;0;no;2149
57;10:28:23;70.8;42.35;5874;1527;;;;0;no;2149
57;10:28:36;70.58;42.09;5713;1554;;;;0;no;2149
57;10:28:49;70.35;41.78;5552;1571;;;;0;no;2149
57;10:29:02;70.14;41.5;5388;1583;;;;0;no;2148
57;10:29:15;69.97;41.14;5247;1612;;;;0;no;2155
57;10:29:28;69.82;40.92;5072;1618;;;;0;no;2147
57;10:29:41;58.88;45.74;4939;2983;;;;1;no;2155
57;10:29:54;58.2;45.0;4768;3052;;;;1;no;2147
57;10:30:07;57.77;44.11;4630;3198;;;;1;no;2155
57;10:30:20;57.04;43.45;4462;3244;;;;0;no;2147
57;10:30:33;56.26;42.68;4309;3281;;;;0;no;2147
57;10:30:46;55.55;42.1;4158;3319;;;;0;no;2147
57;10:30:59;54.79;41.22;4007;1940;;;;0;no;2147
57;10:31:12;54.1;40.22;3858;1934;;;;0;no;2147
57;10:31:25;48.93;39.75;3718;1517;;;;0;no;2151
57;10:31:38;47.85;38.69;3577;1495;;;;0;no;2154
57;10:31:51;46.82;37.23;3433;1468;;;;0;no;2154
57;10:32:04;45.9;35.23;3287;1459;;;;0;no;2154
57;10:32:17;44.93;33.29;3146;1444;;;;0;no;2155
57;10:32:32;43.93;31.81;3004;1426;;;;0;no;2155
57;10:32:45;42.88;30.5;2852;1380;;;;0;no;2155
57;10:32:58;41.91;28.1;2721;1366;;;;0;no;2155
57;10:33:10;40.99;24.96;2596;1362;;;;0;no;2158
57;10:33:23;40.54;20.89;2480;1336;;;;0;no;2163
57;10:33:38;40.55;16.9;2370;1305;-21.8;-113;;0;no;2168
57;10:33:51;44.51;8.1;2262;981;-23.2;-119;;0;yes;2176
57;10:34:04;44.36;4.66;2249;939;-24.9;-126;;0;yes;2176
57;10:34:17;44.56;359.67;2261;886;-26.5;-133;;0;yes;2169
57;10:34:30;45.38;354.42;2332;823;-28.1;-141;;0;yes;2168
57;10:34:43;46.45;349.41;2432;746;-29.6;-148;;0;yes;2169
57;10:34:56;47.39;345.94;2160;663;-31.0;-154;;0;no;2169
57;10:35:09;46.75;344.11;2130;490;;;;0;no;2169
57;10:35:22;47.58;341.01;2112;451;;;;0;no;2169
57;10:35:35;50.28;337.58;2106;495;;;;0;no;2169
57;10:35:48;50.93;335.86;2111;362;;;;0;no;2168
57;10:36:01;50.96;331.83;2128;184;;;;0;no;2168
57;10:36:14;52.29;329.24;2150;68;;;;0;no;2162
58;10:21:12;60.75;173.67;4262;60;;;;0;no;2132
58;10:21:25;60.69;176.68;4253;117;130.1;71;111;0;yes;2132
58;10:21:37;60.57;178.93;4236;151;114.7;67;138;0;yes;2134
58;10:21:51;60.42;181.29;4228;178;99.0;61;185;0;yes;2142
58;10:22:04;60.36;183.59;4217;199;81.8;54;205;0;yes;2142
58;10:22:17;60.37;185.76;4229;211;57.1;43;209;0;yes;2148
58;10:22:29;60.43;187.94;4239;217;35.0;29;211;0;yes;2148
58;10:22:42;60.54;190.11;4259;222;14.0;13;217;0;yes;2148
58;10:22:57;60.69;192.25;4288;225;-1.2;-1;223;0;yes;2149
58;10:23:10;60.81;195.03;4309;222;-13.2;-14;227;0;yes;2149
58;10:23:23;61.06;197.2;4354;214;-24.9;-28;236;0;yes;2149
58;10:23:36;61.34;199.27;4405;203;-40.8;-47;238;0;yes;2149
58;10:23:49;61.63;201.23;4455;202;-55.5;-66;243;0;yes;2148
58;10:24:02;61.95;203.2;4514;186;-68.9;-85;241;0;yes;2148
58;10:24:15;62.25;204.95;4567;165;-76.0;-94;235;0;yes;2145
58;10:24:28;62.35;207.08;4580;129;-79.5;-95;130;0;yes;2142
58;10:24:41;62.59;208.88;4627;104;-82.5;-101;103;0;yes;2142
58;10:24:54;62.84;210.73;4676;75;-84.2;-101;68;0;yes;2142
58;10:25:07;63.35;212.15;4780;60;-84.7;-94;56;0;yes;2142
58;10:25:22;63.8;213.59;4875;41;;;38;0;yes;2142
59;10:21:25;69.26;345.9;6303;155;;;119;0;yes;2132
59;10:21:37;69.19;344.7;6288;221;127.2;114;166;0;yes;2134
59;10:21:51;69.12;343.28;6291;265;102.0;99;197;0;yes;2142
59;10:22:04;69.12;341.95;6288;300;79.3;82;240;0;yes;2142
59;10:22:17;69.12;340.57;6306;326;62.1;68;276;0;yes;2148
59;10:22:29;69.13;339.19;6311;336;37.1;46;302;0;yes;2148
59;10:22:42;69.16;337.82;6320;337;14.0;19;314;0;yes;2148
59;10:22:57;69.23;336.46;6347;345;-5.9;-10;322;0;yes;2149
59;10:23:10;69.41;335.01;6408;332;-19.1;-32;291;0;yes;2149
59;10:23:23;69.59;333.82;6468;325;-27.6;-48;269;0;yes;2149
59;10:23:36;69.67;332.76;6496;308;-34.3;-61;240;0;yes;2149
59;10:23:49;69.81;331.66;6541;289;-39.3;-70;212;0;yes;2148
59;10:24:02;69.89;330.69;6570;271;-42.2;-74;202;0;yes;2148
59;10:24:15;69.92;329.54;6573;254;-42.1;-71;175;0;yes;2145
59;10:24:28;70.02;328.15;6601;237;-37.6;-59;166;0;yes;2142
59;10:24:41;70.1;327.31;6627;205;-35.9;-54;157;0;yes;2142
59;10:24:54;69.89;327.18;6554;211;-33.3;-48;211;0;yes;2142
59;10:25:07;70.31;328.44;6639;393;-29.5;-40;;1;no;2142
59;10:25:22;70.39;327.46;6726;412;;;;1;no;2142
59;10:25:35;70.65;322.31;6832;98;;;;0;no;2142
60;10:21:37;77.91;87.0;11161;477;;;;0;yes;2134
60;10:21:51;77.79;87.07;11086;500;36.0;83;;0;yes;2142
60;10:22:04;77.64;87.1;10953;507;39.2;91;;0;yes;2142
60;10:22:17;77.53;87.15;10882;523;40.4;95;;0;yes;2148
60;10:22:29;77.51;87.49;10862;568;40.4;96;;0;yes;2148
60;10:22:42;77.41;87.64;10772;584;41.7;101;;0;yes;2148
60;10:22:57;77.36;87.74;10735;612;39.1;98;;0;yes;2149
60;10:23:10;77.28;87.82;10665;634;33.1;87;396;0;yes;2149
60;10:23:23;77.19;87.95;10585;653;28.0;79;413;0;yes;2149
60;10:23:36;77.06;88.08;10480;660;27.0;79;409;0;yes;2149
60;10:23:49;76.95;88.22;10377;672;24.1;73;408;0;yes;2148
60;10:24:02;76.8;88.29;10253;684;22.2;69;417;0;yes;2148
60;10:24:15;76.64;88.21;10120;716;20.8;66;450;0;yes;2145
60;10:24:28;76.5;88.2;9992;734;19.7;64;447;0;yes;2142
60;10:24:41;76.34;88.19;9870;736;16.8;56;436;0;yes;2142
60;10:24:54;76.19;88.07;9762;748;13.3;46;435;0;yes;2142
60;10:25:07;76.04;88.02;9649;758;8.9;32;452;0;yes;2142
60;10:25:22;75.91;87.97;9558;778;3.7;14;474;0;yes;2142
60;10:25:35;75.76;87.98;9453;781;-12.3;-43;471;0;yes;2142
60;10:25:48;75.62;88.02;9359;770;-24.3;-93;455;0;yes;2142
60;10:26:01;75.47;87.91;9255;738;-32.5;-131;456;0;yes;2142
60;10:26:14;75.39;87.67;9195;699;-37.6;-156;;0;no;2142
60;10:26:27;75.28;87.69;9133;666;-44.6;-186;;0;no;2142
60;10:26:40;75.19;88.49;9074;591;-53.2;-221;440;0;yes;2142
60;10:26:53;75.01;88.67;8972;579;-60.7;-244;441;0;yes;2145
60;10:27:06;74.82;88.91;8860;556;-65.9;-248;434;0;yes;2147
60;10:27:19;74.65;89.7;8765;468;-68.4;-234;424;0;yes;2148
60;10:27:32;74.55;89.98;8702;380;-72.0;-243;418;0;yes;2148
60;10:27:44;74.5;90.67;8675;317;-72.9;-233;200;0;yes;2148
60;10:27:57;74.34;90.73;8583;269;-69.8;-199;174;0;yes;2148
60;10:28:10;74.15;91.09;8479;242;-60.9;-141;152;0;yes;2149
60;10:28:23;73.96;91.44;8372;204;-49.5;-92;125;0;yes;2149
60;10:28:36;73.9;90.97;8339;209;-37.1;-57;161;0;yes;2149
60;10:28:49;73.82;90.93;8226;193;-25.4;-33;;0;no;2149
60;10:29:02;73.68;90.97;8108;192;-16.7;-20;;0;no;2148
60;10:29:15;73.43;91.28;8021;205;-10.5;-12;;0;no;2155
60;10:29:28;73.12;91.66;7882;203;-7.1;-8;;0;no;2147
60;10:29:41;72.83;92.08;7808;203;-8.4;-9;122;0;yes;2155
60;10:29:54;72.44;92.6;7598;201;-11.1;-12;133;0;yes;2147
60;10:30:07;71.99;93.21;7424;196;-13.4;-14;125;0;yes;2155
60;10:30:20;71.63;93.83;7239;199;-15.6;-16;142;0;yes;2147
60;10:30:33;71.38;94.49;7135;191;-16.8;-17;148;0;yes;2147
60;10:30:46;71.08;95.15;7014;178;-18.2;-19;148;0;yes;2147
60;10:30:59;70.76;95.74;6890;175;-19.3;-20;150;0;yes;2147
60;10:31:12;70.45;96.4;7022;164;-19.4;-20;;0;no;2147
60;10:31:25;70.13;97.03;6946;149;;;;0;no;2151
60;10:31:38;69.78;97.6;6866;130;;;;0;no;2154
60;10:31:51;69.41;98.29;6775;113;;;;0;no;2154
60;10:32:04;69.02;98.34;6681;65;;;;0;no;2154
60;10:32:17;68.54;98.94;6589;58;;;;0;no;2155
61;10:21:37;71.14;311.68;6995;79;;;62;0;yes;2134
61;10:21:51;71.37;310.64;7118;118;125.8;60;89;0;yes;2142
61;10:22:04;71.58;309.49;7202;140;177.2;86;111;0;yes;2142
61;10:22:17;71.79;308.3;7314;160;235.0;117;138;0;yes;2148
61;10:22:29;72.03;307.2;7418;173;249.5;129;164;0;yes;2148
61;10:22:42;72.28;306.17;7531;190;258.3;142;178;0;yes;2148
61;10:22:57;72.5;305.43;7513;225;232.1;141;;0;no;2149
61;10:23:10;72.22;304.2;7508;308;183.1;128;340;0;yes;2149
61;10:23:23;72.37;303.17;7573;332;126.0;103;351;0;yes;2149
61;10:23:36;72.51;302.16;7637;346;56.0;56;358;0;yes;2149
61;10:23:49;72.67;301.16;7709;356;3.6;4;352;0;yes;2148
61;10:24:02;72.8;300.13;7771;345;-18.4;-32;354;0;yes;2148
61;10:24:15;72.89;299.12;7808;326;-23.4;-42;347;0;yes;2145
61;10:24:28;72.83;297.71;7764;278;-22.9;-41;184;0;yes;2142
61;10:24:41;73.0;296.8;7848;286;-23.5;-42;211;0;yes;2142
61;10:24:54;73.19;295.9;7942;291;-22.0;-39;217;0;yes;2142
61;10:25:07;73.36;295.11;8018;299;-4.4;-7;;0;no;2142
61;10:25:22;73.5;294.38;8091;301;4.5;6;;0;no;2142
61;10:25:35;73.66;293.68;8184;300;5.7;8;;0;no;2142
61;10:25:48;73.77;293.22;8263;303;6.6;9;;0;no;2142
61;10:26:01;73.92;292.76;8344;301;6.9;10;;0;no;2142
61;10:26:14;74.01;292.35;8422;290;11.5;17;;0;no;2142
61;10:26:27;74.24;292.06;8502;300;19.3;28;235;0;yes;2142
61;10:26:40;74.4;291.7;8594;296;20.2;29;238;0;yes;2142
61;10:26:53;74.61;291.24;8727;307;19.3;28;251;0;yes;2145
61;10:27:06;74.79;290.8;8842;328;19.6;28;258;0;yes;2147
61;10:27:19;74.99;290.3;8972;334;17.1;25;249;0;yes;2148
61;10:27:32;75.16;289.85;9079;338;12.5;19;235;0;yes;2148
61;10:27:44;75.37;289.41;9215;341;7.0;11;229;0;yes;2148
61;10:27:57;75.55;289.01;9337;338;0.1;0;229;0;yes;2148
61;10:28:10;75.74;288.59;9473;340;-3.6;-6;225;0;yes;2149
61;10:28:23;75.91;288.22;9589;334;-5.2;-9;216;0;yes;2149
61;10:28:36;76.09;287.82;9723;323;-6.3;-11;221;0;yes;2149
61;10:28:49;75.62;289.95;9870;654;-7.8;-13;;1;no;2149
61;10:29:02;76.49;287.13;10010;292;;;;1;no;2148
61;10:29:15;76.68;286.79;9922;263;;;;1;no;2155
61;10:29:28;76.89;286.38;9981;243;;;;1;no;2147
61;10:29:41;77.07;285.92;10109;196;;;;1;no;2155
62;10:22:04;60.62;176.71;4261;42;;;40;0;yes;2142
62;10:22:17;60.27;178.82;4213;51;355.9;58;50;0;yes;2148
62;10:22:29;60.08;180.85;4181;60;349.0;61;63;0;yes;2148
62;10:22:42;59.88;182.85;4145;66;353.1;67;74;0;yes;2148
62;10:22:57;60.02;184.69;4173;93;356.8;73;115;0;yes;2149
62;10:23:10;59.97;186.79;4165;116;381.2;86;138;0;yes;2149
62;10:23:23;59.96;188.76;4161;125;381.9;100;139;0;yes;2149
62;10:23:36;59.84;190.4;4141;150;339.9;108;179;0;yes;2149
62;10:23:49;59.85;192.35;4140;177;260.3;110;209;0;yes;2148
62;10:24:02;60.0;194.62;4166;204;208.8;108;226;0;yes;2148
62;10:24:15;60.23;196.74;4201;236;170.9;102;264;0;yes;2145
62;10:24:28;60.47;198.77;4236;257;117.2;87;282;0;yes;2142
62;10:24:41;60.77;200.8;4287;276;77.0;69;299;0;yes;2142
62;10:24:54;61.05;202.73;4337;285;48.7;51;315;0;yes;2142
62;10:25:07;61.39;204.62;4399;294;31.1;37;324;0;yes;2142
62;10:25:22;61.72;206.46;4459;301;25.2;33;338;0;yes;2142
62;10:25:35;62.15;208.62;4542;299;21.2;29;345;0;yes;2142
62;10:25:48;62.51;210.28;4610;302;17.2;24;383;0;yes;2142
62;10:26:01;62.81;211.8;4670;321;9.6;14;419;0;yes;2142
62;10:26:14;63.28;213.56;4692;293;-1.1;-1;;0;no;2142
62;10:26:27;63.03;214.33;4716;338;-14.3;-22;533;0;yes;2142
62;10:26:40;63.04;215.4;4716;338;-29.4;-48;521;0;yes;2142
62;10:26:53;62.9;216.67;4696;303;-42.2;-73;449;0;yes;2145
62;10:27:06;62.92;217.99;4702;280;-50.9;-92;295;0;yes;2147
62;10:27:19;63.11;219.23;4743;253;-56.7;-102;267;0;yes;2148
62;10:27:32;63.26;220.47;4775;222;-61.5;-106;207;0;yes;2148
62;10:27:44;63.68;221.77;4863;204;-65.9;-107;176;0;yes;2148
62;10:27:57;64.19;222.98;4974;189;-68.7;-103;150;0;yes;2148
62;10:28:10;64.71;224.16;5096;165;-69.8;-100;136;0;yes;2149
62;10:28:23;65.15;224.88;5198;117;-71.0;-96;113;0;yes;2149
62;10:28:36;65.58;225.77;5301;89;-73.4;-98;71;0;yes;2149
62;10:28:49;66.2;227.34;5458;54;;;;0;no;2149
63;10:22:17;67.2;300.34;5722;62;;;;0;no;2148
63;10:22:29;67.39;298.94;5778;99;;;82;0;yes;2148
63;10:22:42;67.59;297.62;5834;117;;;103;0;yes;2148
63;10:22:57;68.8;296.63;6206;247;;;;1;no;2149
63;10:23:10;69.36;295.8;6390;289;254.8;124;;1;no;2149
63;10:23:23;69.77;295.1;6533;307;392.0;165;;1;no;2149
63;10:23:36;70.18;294.49;6677;324;487.1;195;;1;no;2149
63;10:23:49;70.46;293.93;6779;317;503.4;207;;1;no;2148
63;10:24:02;70.86;293.32;6932;329;385.6;195;;1;no;2148
63;10:24:15;71.18;292.66;7050;330;74.4;108;;1;no;2145
63;10:24:28;71.57;292.1;7199;325;55.5;87;328;0;yes;2142
63;10:24:41;72.44;291.19;7580;423;43.3;71;408;0;yes;2142
63;10:24:54;72.72;290.58;7712;438;33.0;56;413;0;yes;2142
63;10:25:07;73.0;289.99;7850;451;12.5;24;430;0;yes;2142
63;10:25:22;73.27;289.42;7981;454;-0.8;-2;437;0;yes;2142
63;10:25:35;73.57;288.85;8136;449;-11.1;-24;446;0;yes;2142
63;10:25:48;73.81;288.33;8266;439;-33.5;-74;439;0;yes;2142
63;10:26:01;74.1;287.78;8424;432;-56.8;-134;427;0;yes;2142
63;10:26:14;74.33;287.29;8552;416;-70.1;-180;410;0;yes;2142
63;10:26:27;74.6;286.87;8712;377;-79.0;-212;382;0;yes;2142
63;10:26:40;74.69;286.76;8763;265;-83.1;-223;283;0;yes;2142
63;10:26:53;75.05;286.92;8999;185;-84.5;-217;201;0;yes;2145
63;10:27:06;75.34;286.42;9192;164;-86.0;-216;172;0;yes;2147
63;10:27:19;75.77;285.86;9485;127;-85.5;-194;103;0;yes;2148
63;10:27:32;76.03;285.38;9668;106;-80.9;-138;79;0;yes;2148
63;10:27:44;76.24;284.92;9827;75;;;65;0;yes;2148
64;10:22:29;54.71;46.87;2814;60;;;;0;no;2148
64;10:22:42;53.83;46.45;2709;128;;;;0;no;2148
64;10:22:57;52.76;45.5;2607;176;168.1;276;;0;no;2149
64;10:23:10;50.72;41.93;2845;370;259.6;362;;0;yes;2149
64;10:23:23;47.85;41.64;2544;561;276.7;380;;1;no;2149
64;10:23:36;46.55;39.6;2419;597;258.9;371;;1;no;2149
64;10:23:49;45.15;37.16;2290;669;282.3;396;;1;no;2148
64;10:24:02;43.7;34.15;2165;741;257.6;387;;1;no;2148
64;10:24:15;42.5;31.12;2064;802;198.5;348;;0;yes;2145
64;10:24:28;41.4;27.86;1975;862;117.4;271;;0;yes;2142
64;10:24:41;40.31;24.4;1892;910;41.2;162;;0;yes;2142
64;10:24:54;39.45;20.45;1830;949;44.0;178;;0;yes;2142
64;10:25:07;38.67;16.95;1774;999;46.8;195;;0;yes;2142
64;10:25:22;37.89;13.4;1720;1043;48.4;207;;0;yes;2142
64;10:25:35;37.16;8.92;1670;1094;56.7;251;;0;yes;2142
64;10:25:48;36.55;5.2;1629;1149;58.2;268;;0;yes;2142
64;10:26:01;36.08;1.12;1599;1198;54.6;263;;0;yes;2142
64;10:26:14;35.6;356.86;1568;1235;47.8;242;;0;yes;2142
64;10:26:27;36.6;347.99;1633;1405;37.4;201;;0;yes;2142
64;10:26:40;36.34;344.66;1616;1421;26.0;148;;0;yes;2142
64;10:26:53;36.22;341.44;1610;1424;15.1;91;;0;yes;2145
64;10:27:06;36.26;338.28;1614;1411;4.7;29;;0;yes;2147
64;10:27:19;36.61;335.07;1638;1402;-5.1;-36;;0;yes;2148
64;10:27:32;36.87;331.83;1655;1389;-7.3;-52;;0;yes;2148
64;10:27:44;37.17;328.27;1675;1378;-9.4;-67;;0;yes;2148
64;10:27:57;37.79;324.32;1718;1361;-11.3;-80;;0;yes;2148
64;10:28:10;38.88;320.52;1795;1347;-14.0;-100;;0;yes;2149
64;10:28:23;40.43;316.93;1908;1323;-16.2;-115;;0;yes;2149
64;10:28:36;41.93;314.16;2023;1297;-16.9;-118;;0;yes;2149
64;10:28:49;43.18;311.6;2124;1273;-16.5;-114;;0;yes;2149
64;10:29:02;44.38;309.34;2223;1219;-15.6;-107;;0;yes;2148
64;10:29:15;45.53;307.05;2331;1194;-15.3;-102;;0;yes;2155
64;10:29:28;46.61;305.07;2422;1173;-15.4;-100;;0;yes;2147
64;10:29:41;47.75;302.95;2540;1133;-20.0;-126;;0;yes;2155
64;10:29:54;49.0;301.41;2657;1250;-27.6;-172;;0;yes;2147
64;10:30:07;50.34;300.81;2810;1188;-38.1;-240;;0;yes;2155
64;10:30:20;51.61;300.26;2944;1102;-49.3;-319;1735;0;yes;2147
64;10:30:33;52.79;300.33;3085;986;-59.1;-388;1680;0;yes;2147
64;10:30:46;53.82;300.15;3214;877;-64.9;-425;1451;0;yes;2147
64;10:30:59;54.75;299.81;3338;771;-68.0;-429;1330;0;yes;2147
64;10:31:12;55.53;298.97;3447;656;-72.2;-427;808;0;yes;2147
64;10:31:25;56.3;297.88;3565;552;-73.0;-409;716;0;yes;2151
64;10:31:38;57.11;296.6;3692;458;-73.7;-388;629;0;yes;2154
64;10:31:51;57.38;294.52;3734;243;-74.0;-362;413;0;yes;2154
64;10:32:04;58.61;291.99;3934;145;;;;0;no;2154
65;10:22:42;67.28;73.59;4897;154;;;;0;no;2148
65;10:22:57;66.69;73.16;4829;240;;;;0;no;2149
65;10:23:10;64.03;75.6;4943;581;;;;1;no;2149
65;10:23:23;63.74;73.48;4879;536;;;;1;no;2149
65;10:23:36;63.1;72.77;4745;581;;;;1;no;2149
65;10:23:49;62.57;72.22;4635;641;32.4;103;;1;no;2148
65;10:24:02;61.87;71.63;4500;682;52.9;168;794;0;yes;2148
65;10:24:15;61.05;71.01;4344;714;62.3;197;835;0;yes;2145
65;10:24:28;60.36;70.15;4216;757;62.8;202;926;0;yes;2142
65;10:24:41;59.71;69.35;4102;799;65.6;215;1040;0;yes;2142
65;10:24:54;59.72;67.63;4105;939;64.6;218;1285;0;yes;2142
65;10:25:07;59.3;66.53;4030;983;59.4;210;1404;0;yes;2142
65;10:25:22;58.81;65.67;3946;1003;50.0;189;1459;0;yes;2142
65;10:25:35;58.23;64.9;3849;1022;35.9;149;1607;0;yes;2142
65;10:25:48;57.94;64.18;3803;1055;21.4;100;1673;0;yes;2142
65;10:26:01;57.42;63.47;3720;1087;31.4;154;1744;0;yes;2142
65;10:26:14;56.81;62.7;3626;1112;41.7;206;1818;0;yes;2142
65;10:26:27;56.47;61.9;3575;1105;49.8;245;1925;0;yes;2142
65;10:26:40;55.94;61.22;3498;1107;55.4;276;1824;0;yes;2142
65;10:26:53;56.52;60.28;3588;1354;59.0;297;2358;0;yes;2145
65;10:27:06;56.37;59.62;3567;1389;59.3;305;2603;0;yes;2147
65;10:27:19;56.13;58.89;3535;1434;55.6;298;2713;0;yes;2148
65;10:27:32;55.92;57.94;3503;1488;43.4;251;2770;0;yes;2148
65;10:27:44;55.77;56.92;3482;1527;24.9;166;2839;0;yes;2148
65;10:27:57;55.34;56.07;3421;1563;16.2;113;2796;0;yes;2148
65;10:28:10;54.8;55.2;3349;1612;3.1;24;2890;0;yes;2149
65;10:28:23;54.15;54.39;3263;1646;-6.8;-52;2940;0;yes;2149
65;10:28:36;53.58;53.54;3188;1678;-12.7;-101;;0;yes;2149
65;10:28:49;53.69;52.95;3202;1403;-17.3;-144;;0;yes;2149
65;10:29:02;53.29;52.03;3148;1424;-22.2;-190;;0;yes;2148
65;10:29:15;53.15;50.36;3043;1476;-25.0;-217;;0;no;2155
65;10:29:28;53.21;49.25;2989;1461;;;;0;no;2147
65;10:29:41;57.02;46.19;2963;1852;;;;1;no;2155
65;10:29:54;40.16;49.98;2915;356;;;;1;no;2147
65;10:30:07;37.95;51.31;2886;257;;;;1;no;2155
65;10:30:20;39.56;42.5;2840;167;;;;0;no;2147
65;10:30:33;38.0;39.5;2803;134;;;;0;no;2147
65;10:30:46;34.38;39.58;2771;69;;;;0;no;2147
66;10:22:57;75.88;332.79;9573;755;;;655;0;yes;2149
66;10:23:10;75.92;332.25;9600;738;-7.3;-28;624;0;yes;2149
66;10:23:23;75.99;331.6;9651;740;-7.5;-28;589;0;yes;2149
66;10:23:36;75.99;331.07;9649;719;-7.2;-27;545;0;yes;2149
66;10:23:49;76.07;330.4;9699;723;-7.0;-26;534;0;yes;2148
66;10:24:02;76.15;329.75;9760;714;-8.2;-30;530;0;yes;2148
66;10:24:15;76.24;329.06;9811;705;-11.9;-44;530;0;yes;2145
66;10:24:28;76.37;328.23;9892;707;-18.5;-68;539;0;yes;2142
66;10:24:41;76.44;327.53;9950;699;-35.8;-130;542;0;yes;2142
66;10:24:54;76.55;326.81;10031;682;-55.4;-209;530;0;yes;2142
66;10:25:07;76.59;326.1;10064;639;-67.8;-270;496;0;yes;2142
66;10:25:22;76.62;325.38;10089;581;-75.8;-313;458;0;yes;2142
66;10:25:35;76.67;323.67;10129;430;-80.2;-350;415;0;yes;2142
66;10:25:48;76.46;322.7;9965;307;-84.0;-383;294;0;yes;2142
66;10:26:01;76.47;321.78;9969;225;-86.9;-405;168;0;yes;2142
66;10:26:14;76.68;320.84;10136;176;;;150;0;yes;2142
67;10:23:10;71.86;171.46;7346;223;;;138;0;yes;2149
67;10:23:23;71.76;172.29;7303;199;3.4;3;147;0;yes;2149
67;10:23:36;71.68;173.67;7268;196;6.1;6;137;0;yes;2149
67;10:23:49;71.66;175.05;7257;199;10.4;10;131;0;yes;2148
67;10:24:02;71.67;176.4;7262;208;10.8;11;126;0;yes;2148
67;10:24:15;72.05;176.7;7419;267;10.7;10;;1;no;2145
67;10:24:28;71.98;178.14;7374;275;3.2;3;;1;no;2142
67;10:24:41;71.83;179.73;7308;272;-9.1;-9;;1;no;2142
67;10:24:54;71.59;181.27;7207;245;-23.2;-24;;1;no;2142
67;10:25:07;71.39;183.02;7124;217;-36.0;-40;191;0;yes;2142
67;10:25:22;71.37;184.38;7117;211;-43.8;-50;194;0;yes;2142
67;10:25:35;71.26;185.87;7073;172;-47.7;-56;130;0;yes;2142
67;10:25:48;71.27;186.68;7075;140;-50.7;-58;132;0;yes;2142
67;10:26:01;71.47;187.72;7158;154;-51.9;-58;142;0;yes;2142
67;10:26:14;71.59;189.02;7208;134;-50.2;-52;135;0;yes;2142
67;10:26:27;71.79;190.16;7294;99;-46.9;-45;67;0;yes;2142
67;10:26:40;71.91;190.98;7343;46;;;;0;no;2142
68;10:23:23;51.17;154.24;2896;49;;;;0;no;2149
68;10:23:36;50.59;156.7;2831;144;;;;0;no;2149
68;10:23:49;51.61;160.18;2945;310;;;;1;no;2148
68;10:24:02;50.97;162.94;2872;410;;;;1;no;2148
68;10:24:15;50.49;165.77;2815;478;;;;1;no;2145
68;10:24:28;50.12;168.71;2770;526;;;;1;no;2142
68;10:24:41;49.82;171.57;2738;568;;;;1;no;2142
68;10:24:54;49.57;174.34;2712;603;27.0;86;;1;no;2142
68;10:25:07;49.0;176.35;2651;670;26.9;87;;0;yes;2142
68;10:25:22;48.72;178.86;2623;711;25.6;84;;0;yes;2142
68;10:25:35;48.61;181.98;2611;743;23.1;77;;0;yes;2142
68;10:25:48;48.44;184.38;2594;770;19.0;65;;0;yes;2142
68;10:26:01;48.42;186.99;2593;787;14.0;50;;0;yes;2142
68;10:26:14;48.43;189.43;2594;803;8.2;30;;0;yes;2142
68;10:26:27;48.52;191.99;2602;804;1.8;7;;0;yes;2142
68;10:26:40;48.62;194.51;2613;796;-4.8;-19;;0;yes;2142
68;10:26:53;48.8;196.88;2635;788;-10.7;-43;;0;yes;2145
68;10:27:06;49.11;199.31;2669;775;-17.3;-71;;0;yes;2147
68;10:27:19;49.52;201.79;2713;761;-26.1;-107;;0;yes;2148
68;10:27:32;50.06;204.18;2771;740;-44.9;-185;;0;yes;2148
68;10:27:44;50.6;206.37;2830;712;-59.7;-256;;0;yes;2148
68;10:27:57;51.22;208.45;2900;666;-70.7;-314;;0;yes;2148
68;10:28:10;51.61;210.32;2947;596;-79.2;-358;1159;0;yes;2149
68;10:28:23;50.74;211.52;2848;414;-85.9;-383;;0;yes;2149
68;10:28:36;51.28;213.4;2909;342;-88.5;-402;;0;yes;2149
68;10:28:49;52.07;215.53;3002;276;-90.6;-410;;0;yes;2149
68;10:29:02;51.95;216.49;2985;141;-91.8;-390;;0;yes;2148
68;10:29:15;52.87;218.56;3106;94;;;;0;yes;2155
69;10:23:36;74.86;42.21;8894;70;;;;0;no;2149
69;10:23:49;74.57;42.39;8716;167;;;;1;no;2148
69;10:24:02;74.54;41.41;8699;216;;;;1;no;2148
69;10:24:15;74.41;40.52;8610;237;;;;1;no;2145
69;10:24:28;74.31;39.64;8540;256;4.3;5;;1;no;2142
69;10:24:41;74.27;38.74;8519;242;-1.8;-2;223;0;yes;2142
69;10:24:54;74.25;37.95;8505;248;-14.5;-18;208;0;yes;2142
69;10:25:07;74.12;37.21;8434;251;-31.0;-38;220;0;yes;2142
69;10:25:22;73.99;36.5;8364;254;-58.2;-75;236;0;yes;2142
69;10:25:35;73.85;35.63;8283;236;-71.5;-101;230;0;yes;2142
69;10:25:48;73.7;35.02;8205;202;-78.0;-117;225;0;yes;2142
69;10:26:01;73.58;34.28;8140;155;-82.6;-133;214;0;yes;2142
69;10:26:14;73.7;33.96;8203;91;-86.8;-150;68;0;yes;2142
69;10:26:27;73.56;33.14;8132;81;-89.1;-156;75;0;yes;2142
69;10:26:40;73.39;32.34;8043;65;;;56;0;yes;2142
70;10:23:49;75.13;267.84;9063;132;;;80;0;yes;2148
70;10:24:02;75.3;267.84;9170;164;286.3;156;99;0;yes;2148
70;10:24:15;75.49;267.74;9283;185;264.1;157;117;0;yes;2145
70;10:24:28;75.85;268.15;9515;241;214.1;142;186;0;yes;2142
70;10:24:41;76.11;268.31;9704;287;177.0;129;227;0;yes;2142
70;10:24:54;76.33;268.42;9866;323;138.7;115;236;0;yes;2142
70;10:25:07;76.58;268.38;10059;349;92.5;92;254;0;yes;2142
70;10:25:22;76.78;268.35;10213;350;43.6;55;253;0;yes;2142
70;10:25:35;76.97;268.32;10371;363;18.3;27;254;0;yes;2142
70;10:25:48;77.13;268.27;10502;362;4.4;7;241;0;yes;2142
70;10:26:01;77.31;268.24;10654;359;-2.9;-5;235;0;yes;2142
70;10:26:14;77.45;268.22;10778;350;-6.2;-11;218;0;yes;2142
70;10:26:27;77.59;268.2;10907;349;-8.7;-16;256;0;yes;2142
70;10:26:40;77.65;268.14;10961;346;-9.8;-18;;0;yes;2142
70;10:26:53;77.75;268.11;11070;336;-10.3;-19;;0;yes;2145
70;10:27:06;77.9;268.05;11216;327;;;;0;yes;2147
71;10:24:02;70.62;334.51;6839;84;;;;0;no;2148
71;10:24:15;70.64;333.45;6838;137;;;134;0;yes;2145
71;10:24:28;70.46;332.83;6759;235;639.8;252;;1;no;2142
71;10:24:41;70.49;331.78;6770;262;542.3;234;;1;no;2142
71;10:24:54;70.56;330.72;6799;287;433.8;211;;1;no;2142
71;10:25:07;70.31;328.44;6706;393;392.0;200;;1;no;2142
71;10:25:22;70.39;327.46;6733;412;286.4;170;;1;no;2142
71;10:25:35;70.47;326.62;6766;415;137.1;107;329;0;yes;2142
71;10:25:48;70.56;325.56;6798;420;-9.8;-20;337;0;yes;2142
71;10:26:01;70.67;324.39;6840;422;-22.4;-46;344;0;yes;2142
71;10:26:14;70.78;323.2;6880;415;-34.5;-75;341;0;yes;2142
71;10:26:27;70.89;321.94;6924;404;-46.9;-106;348;0;yes;2142
71;10:26:40;70.91;320.65;6932;373;-58.0;-135;314;0;yes;2142
71;10:26:53;70.82;319.25;6906;304;-68.0;-162;223;0;yes;2145
71;10:27:06;70.97;318.1;6969;285;-72.5;-179;212;0;yes;2147
71;10:27:19;71.11;317.5;7029;240;-76.1;-191;187;0;yes;2148
71;10:27:32;71.15;316.81;7045;158;-78.3;-191;139;0;yes;2148
71;10:27:44;71.29;315.29;7103;117;;;103;0;yes;2148
72;10:24:41;63.85;145.3;4885;36;;;;0;no;2142
72;10:24:54;63.24;146.75;4758;83;175.9;64;76;0;yes;2142
72;10:25:07;62.62;148.2;4632;106;203.6;77;94;0;yes;2142
72;10:25:22;62.07;149.78;4526;121;233.8;92;100;0;yes;2142
72;10:25:35;61.59;151.32;4435;152;240.3;100;141;0;yes;2142
72;10:25:48;61.1;152.85;4347;167;246.3;111;163;0;yes;2142
72;10:26:01;60.36;154.39;4217;202;246.5;122;233;0;yes;2142
72;10:26:14;59.68;156.07;4097;245;230.0;131;277;0;yes;2142
72;10:26:27;59.13;157.98;4000;267;187.5;131;314;0;yes;2142
72;10:26:40;58.5;159.88;3895;285;165.8;135;351;0;yes;2142
72;10:26:53;57.79;161.8;3784;316;143.7;141;399;0;yes;2145
72;10:27:06;57.22;163.96;3697;348;134.7;152;432;0;yes;2147
72;10:27:19;56.66;166.13;3613;375;140.9;172;480;0;yes;2148
72;10:27:32;56.07;168.22;3526;412;142.5;188;572;0;yes;2148
72;10:27:44;55.71;170.32;3474;464;135.4;197;653;0;yes;2148
72;10:27:57;55.46;172.6;3438;511;125.5;202;729;0;yes;2148
72;10:28:10;55.13;174.71;3395;562;118.0;210;785;0;yes;2149
72;10:28:23;54.9;177.0;3363;601;106.2;212;841;0;yes;2149
72;10:28:36;54.61;179.38;3323;642;93.6;210;883;0;yes;2149
72;10:28:49;54.39;181.79;3294;679;84.7;209;937;0;yes;2149
72;10:29:02;54.15;184.7;3260;739;76.0;204;1012;0;yes;2148
72;10:29:15;53.95;187.11;3244;786;68.5;199;1204;0;yes;2155
72;10:29:28;53.8;189.61;3212;830;59.2;185;1327;0;yes;2147
72;10:29:41;53.76;192.06;3219;872;49.5;167;1433;0;yes;2155
72;10:29:54;53.78;194.47;3209;902;38.2;140;1505;0;yes;2147
72;10:30:07;53.89;196.84;3236;932;29.1;114;1559;0;yes;2155
72;10:30:20;53.96;199.09;3232;950;21.1;88;1570;0;yes;2147
72;10:30:33;54.05;201.3;3245;973;14.2;62;1656;0;yes;2147
72;10:30:46;54.11;203.44;3253;983;8.6;39;1712;0;yes;2147
72;10:30:59;54.12;205.56;3254;980;4.0;19;1727;0;yes;2147
72;10:31:12;54.21;207.67;3266;985;-0.6;-3;1723;0;yes;2147
72;10:31:25;54.49;209.72;3310;985;-5.9;-29;1702;0;yes;2151
72;10:31:38;54.81;211.82;3358;971;-13.0;-64;1636;0;yes;2154
72;10:31:51;55.29;213.99;3424;973;-22.5;-113;1647;0;yes;2154
72;10:32:04;55.85;216.01;3504;946;-33.9;-173;1581;0;yes;2154
72;10:32:17;56.33;218.08;3576;913;-45.9;-240;1521;0;yes;2155
72;10:32:32;56.65;219.99;3624;844;-56.0;-299;1375;0;yes;2155
72;10:32:45;57.09;222.09;3691;758;-64.0;-344;1129;0;yes;2155
72;10:32:58;57.42;223.99;3742;655;-68.2;-357;939;0;yes;2155
72;10:33:10;57.85;225.53;3815;554;-70.1;-346;797;0;yes;2158
72;10:33:23;58.9;225.55;4000;404;-71.4;-341;478;0;yes;2163
72;10:33:38;59.43;226.95;4104;338;-71.4;-319;399;0;yes;2168
72;10:33:51;60.42;228.33;4189;307;-69.8;-282;;0;no;2176
72;10:34:04;61.12;229.87;4278;248;;;;0;no;2176
72;10:34:17;61.94;231.06;4360;199;;;;0;no;2169
72;10:34:30;63.01;231.73;4453;149;;;;0;no;2168
72;10:34:43;63.58;231.75;4553;51;;;;0;no;2169
73;10:24:41;62.19;188.55;4549;48;;;;0;no;2142
73;10:24:54;61.97;190.57;4507;131;151.5;94;190;0;yes;2142
73;10:25:07;61.9;192.36;4493;173;146.8;95;215;0;yes;2142
73;10:25:22;61.98;194.13;4509;192;127.8;88;225;0;yes;2142
73;10:25:35;62.32;195.98;4573;217;107.5;78;270;0;yes;2142
73;10:25:48;62.92;198.05;4693;273;78.6;65;342;0;yes;2142
73;10:26:01;63.3;199.7;4770;291;31.8;31;356;0;yes;2142
73;10:26:14;63.69;201.27;4853;300;-4.0;-5;359;0;yes;2142
73;10:26:27;64.27;202.7;4979;272;-31.9;-42;262;0;yes;2142
73;10:26:40;64.59;204.05;5052;264;-48.6;-73;257;0;yes;2142
73;10:26:53;64.62;204.32;5066;201;-57.9;-89;191;0;yes;2145
73;10:27:06;64.97;205.6;5149;194;-65.1;-100;183;0;yes;2147
73;10:27:19;65.33;206.79;5237;177;-70.3;-104;168;0;yes;2148
73;10:27:32;65.68;208.01;5323;165;-71.7;-102;147;0;yes;2148
73;10:27:44;66.06;209.06;5419;132;-70.5;-88;112;0;yes;2148
73;10:27:57;66.51;209.88;5534;94;-75.2;-97;81;0;yes;2148
73;10:28:10;66.89;211.03;5640;64;;;57;0;yes;2149
74;10:24:54;73.24;249.01;7966;157;;;155;0;yes;2142
74;10:25:07;73.47;248.95;8084;238;228.1;197;185;0;yes;2142
74;10:25:22;73.76;249.01;8238;295;202.7;191;220;0;yes;2142
74;10:25:35;74.1;249.22;8421;362;180.8;185;266;0;yes;2142
74;10:25:48;74.3;249.53;8536;413;162.0;179;295;0;yes;2142
74;10:26:01;74.53;249.68;8667;446;132.5;169;324;0;yes;2142
74;10:26:14;74.7;249.78;8772;476;101.0;152;355;0;yes;2142
74;10:26:27;74.88;249.79;8880;508;88.0;159;376;0;yes;2142
74;10:26:40;75.04;249.83;8982;537;85.1;170;392;0;yes;2142
74;10:26:53;75.22;249.85;9111;552;86.6;184;407;0;yes;2145
74;10:27:06;75.42;249.87;9242;568;85.0;190;422;0;yes;2147
74;10:27:19;75.65;251.47;9401;693;79.6;189;463;0;yes;2148
74;10:27:32;75.84;252.08;9534;755;81.4;196;494;0;yes;2148
74;10:27:44;75.97;252.35;9627;795;83.1;202;519;0;yes;2148
74;10:27:57;77.24;253.28;9722;1328;74.3;191;;1;no;2148
74;10:28:10;77.16;253.18;9826;1311;;;;1;no;2149
74;10:28:23;77.19;253.2;9925;1324;;;;1;no;2149
74;10:28:36;76.49;253.06;10023;972;;;;1;no;2149
74;10:28:49;76.58;253.25;10092;1011;;;;1;no;2149
74;10:29:02;76.47;251.15;9997;1204;;;;1;no;2148
74;10:29:15;76.59;251.55;10120;1250;;;;1;no;2155
74;10:29:28;76.62;252.12;10107;1295;;;;1;no;2147
74;10:29:41;76.7;252.55;10206;1320;;;;1;no;2155
74;10:29:54;76.8;252.9;10247;1358;;;;1;no;2147
74;10:30:07;76.91;253.14;10381;1383;8.4;58;;1;no;2155
74;10:30:20;77.02;253.36;10432;1403;10.1;69;;0;yes;2147
74;10:30:33;77.13;253.55;10524;1418;11.2;77;;0;yes;2147
74;10:30:46;77.23;253.67;10612;1441;11.2;78;;0;yes;2147
74;10:30:59;77.36;253.86;10725;1470;11.5;80;;0;yes;2147
74;10:31:12;77.49;254.06;10840;1496;12.1;84;;0;yes;2147
74;10:31:25;77.63;254.24;10985;1519;12.3;86;;0;yes;2151
74;10:31:38;77.75;254.4;11115;1531;12.0;84;;0;yes;2154
74;10:31:51;77.87;254.63;11228;1535;;;;0;yes;2154
75;10:24:54;75.43;330.85;9229;142;;;122;0;yes;2142
75;10:25:07;75.65;330.32;9376;214;313.5;227;206;0;yes;2142
75;10:25:22;75.77;329.82;9460;277;285.1;228;242;0;yes;2142
75;10:25:35;75.87;329.33;9531;355;254.2;225;274;0;yes;2142
75;10:25:48;75.96;328.79;9593;405;223.0;217;293;0;yes;2142
75;10:26:01;76.06;328.27;9668;461;195.1;225;316;0;yes;2142
75;10:26:14;76.14;327.66;9724;504;157.5;218;342;0;yes;2142
75;10:26:27;76.23;327.07;9788;543;111.3;192;369;0;yes;2142
75;10:26:40;76.29;326.49;9836;570;83.3;166;384;0;yes;2142
75;10:26:53;76.46;325.35;9978;645;59.7;135;430;0;yes;2145
75;10:27:06;76.52;324.79;10032;666;41.7;104;455;0;yes;2147
75;10:27:19;76.63;324.21;10120;676;26.6;73;460;0;yes;2148
75;10:27:32;76.7;323.63;10175;677;12.5;37;479;0;yes;2148
75;10:27:44;76.79;323.11;10247;677;-2.1;-7;498;0;yes;2148
75;10:27:57;76.86;322.55;10305;679;-10.9;-37;491;0;yes;2148
75;10:28:10;76.96;322.03;10395;676;-22.3;-77;469;0;yes;2149
75;10:28:23;77.03;321.56;10453;658;-34.9;-124;448;0;yes;2149
75;10:28:36;77.15;321.06;10557;629;-43.5;-159;425;0;yes;2149
75;10:28:49;77.27;320.48;10658;592;-49.3;-182;390;0;yes;2149
75;10:29:02;77.4;318.79;10766;449;-53.3;-202;357;0;yes;2148
75;10:29:15;77.53;317.95;10909;403;-56.5;-217;;0;yes;2155
75;10:29:28;77.65;317.1;10884;344;-58.7;-224;;0;no;2147
75;10:29:41;77.88;316.34;11002;277;;;;0;no;2155
76;10:25:07;71.75;173.18;7276;116;;;;0;no;2142
76;10:25:22;71.42;174.71;7138;187;194.1;164;204;0;yes;2142
76;10:25:35;71.24;176.32;7065;256;187.7;170;255;0;yes;2142
76;10:25:48;71.26;177.52;7072;312;178.5;173;303;0;yes;2142
76;10:26:01;71.34;178.75;7105;363;165.6;172;358;0;yes;2142
76;10:26:14;71.38;179.84;7122;405;150.5;178;373;0;yes;2142
76;10:26:27;71.43;180.98;7140;444;133.5;179;392;0;yes;2142
76;10:26:40;71.51;182.04;7174;482;113.7;174;407;0;yes;2142
76;10:26:53;71.6;183.04;7223;511;92.1;162;417;0;yes;2145
76;10:27:06;71.77;183.66;7298;560;76.9;151;460;0;yes;2147
76;10:27:19;71.86;184.49;7344;587;63.1;137;462;0;yes;2148
76;10:27:32;71.91;185.19;7366;615;51.0;121;466;0;yes;2148
76;10:27:44;72.0;185.9;7402;639;41.9;107;456;0;yes;2148
76;10:27:57;72.09;186.65;7444;660;32.9;91;454;0;yes;2148
76;10:28:10;72.14;187.3;7472;672;28.8;84;449;0;yes;2149
76;10:28:23;72.17;188.0;7485;686;29.5;90;454;0;yes;2149
76;10:28:36;72.15;188.31;7477;707;30.0;94;502;0;yes;2149
76;10:28:49;72.15;188.7;7476;720;31.7;102;543;0;yes;2149
76;10:29:02;72.16;189.01;7476;740;33.1;108;561;0;yes;2148
76;10:29:15;72.25;189.41;7538;793;34.2;114;598;0;yes;2155
76;10:29:28;72.16;190.16;7472;804;34.1;117;628;0;yes;2147
76;10:29:41;72.18;190.88;7508;830;31.6;112;660;0;yes;2155
76;10:29:54;72.16;191.67;7471;849;26.6;99;661;0;yes;2147
76;10:30:07;72.17;192.37;7502;880;20.7;81;669;0;yes;2155
76;10:30:20;72.17;192.87;7476;904;17.5;70;663;0;yes;2147
76;10:30:33;72.15;193.61;7466;906;12.9;54;680;0;yes;2147
76;10:30:46;72.12;194.31;7454;913;10.5;45;697;0;yes;2147
76;10:30:59;72.1;195.05;7443;924;9.0;40;701;0;yes;2147
76;10:31:12;72.11;195.73;7448;922;9.9;44;706;0;yes;2147
76;10:31:25;72.1;196.41;7462;925;12.8;57;695;0;yes;2151
76;10:31:38;72.16;197.18;7496;946;13.9;63;704;0;yes;2154
76;10:31:51;72.23;198.03;7529;965;13.8;62;709;0;yes;2154
76;10:32:04;72.32;198.86;7568;986;13.7;63;702;0;yes;2154
76;10:32:17;72.42;199.74;7616;1010;12.2;56;702;0;yes;2155
76;10:32:32;72.55;200.58;7679;1034;9.1;43;693;0;yes;2155
76;10:32:45;72.62;201.44;7713;1027;6.5;32;655;0;yes;2155
76;10:32:58;72.66;202.18;7732;1011;4.3;21;628;0;yes;2155
76;10:33:10;72.74;202.96;7780;1010;2.8;14;617;0;yes;2158
76;10:33:23;72.85;203.77;7851;1024;2.7;13;628;0;yes;2163
76;10:33:38;72.95;204.57;7920;1031;2.1;11;632;0;yes;2168
76;10:33:51;73.05;205.48;7996;1033;1.3;7;621;0;yes;2176
76;10:34:04;73.15;206.15;8046;1031;1.1;5;616;0;yes;2176
76;10:34:17;73.26;206.84;8077;1034;-0.4;-2;610;0;yes;2169
76;10:34:30;73.38;207.49;8137;1041;-1.8;-9;581;0;yes;2168
76;10:34:43;73.45;208.05;8178;1040;-3.3;-17;570;0;yes;2169
76;10:34:56;73.54;208.64;8225;1033;-5.8;-30;589;0;yes;2169
76;10:35:09;73.59;209.12;8251;1014;-7.5;-39;595;0;yes;2169
76;10:35:22;73.67;209.77;8294;1015;-8.2;-43;604;0;yes;2169
76;10:35:35;73.73;210.5;8326;1000;-8.1;-42;602;0;yes;2169
76;10:35:48;73.79;211.19;8353;976;-6.8;-35;591;0;yes;2168
76;10:36:01;73.87;211.89;8398;967;-4.7;-24;581;0;yes;2168
76;10:36:14;73.97;212.64;8427;965;-3.1;-16;570;0;yes;2162
76;10:36:27;74.07;213.35;8485;973;-1.7;-8;566;0;yes;2162
76;10:36:40;74.18;214.11;8569;979;-0.6;-3;563;0;yes;2168
76;10:36:55;74.29;214.86;8630;980;-4.3;-21;558;0;yes;2168
76;10:37:08;74.41;215.74;8701;978;-10.7;-52;559;0;yes;2168
76;10:37:20;74.54;216.43;8781;966;-17.5;-87;556;0;yes;2168
76;10:37:33;74.67;217.04;8864;967;-23.3;-118;561;0;yes;2169
76;10:37:46;74.77;217.45;8923;911;-26.3;-135;521;0;yes;2169
76;10:37:59;74.86;217.79;8995;854;-27.8;-142;479;0;yes;2173
76;10:38:12;74.99;218.05;9074;815;-29.0;-145;442;0;yes;2173
76;10:38:25;75.1;218.4;9155;789;-29.5;-143;449;0;yes;2175
76;10:38:38;75.22;218.86;9236;791;-28.2;-129;470;0;yes;2176
76;10:38:51;75.3;219.26;9289;765;-26.2;-113;470;0;yes;2176
76;10:39:04;75.35;219.22;9318;723;-25.8;-108;457;0;yes;2176
76;10:39:17;75.42;219.35;9407;694;-26.2;-107;456;0;yes;2184
76;10:39:30;75.46;219.43;9441;665;-26.5;-106;442;0;yes;2187
76;10:39:43;75.57;220.02;9525;662;-25.0;-96;445;0;yes;2188
76;10:39:56;75.66;220.77;9584;640;-22.9;-83;442;0;yes;2188
76;10:40:09;75.75;221.52;9664;619;-22.3;-78;426;0;yes;2191
76;10:40:22;75.87;222.15;9748;603;-22.0;-75;393;0;yes;2192
76;10:40:35;76.01;222.7;9856;587;-22.4;-75;367;0;yes;2193
76;10:40:48;76.16;223.23;9973;574;-22.9;-74;343;0;yes;2193
76;10:41:01;76.31;223.77;10082;555;-25.0;-79;329;0;yes;2193
76;10:41:14;76.49;224.28;10213;531;-25.8;-80;330;0;yes;2192
76;10:41:27;76.68;224.46;10366;474;-26.8;-83;331;0;yes;2192
76;10:41:40;76.9;224.62;10145;397;-28.5;-88;;0;no;2193
76;10:41:53;77.0;225.21;10208;328;;;;0;no;2193
76;10:42:06;77.07;226.11;10278;231;;;;0;no;2194
76;10:42:19;77.16;226.85;10359;126;;;;0;no;2197
77;10:26:14;68.42;273.09;6065;105;;;111;0;yes;2142
77;10:26:27;68.9;272.94;6218;137;198.7;103;133;0;yes;2142
77;10:26:40;69.37;272.82;6374;184;168.0;96;140;0;yes;2142
77;10:26:53;69.79;272.72;6526;202;143.1;89;164;0;yes;2145
77;10:27:06;70.25;272.67;6694;239;119.9;80;199;0;yes;2147
77;10:27:19;70.65;272.73;6851;242;85.5;68;185;0;yes;2148
77;10:27:32;70.98;272.64;6980;258;61.5;56;181;0;yes;2148
77;10:27:44;71.28;272.57;7101;266;45.8;48;172;0;yes;2148
77;10:27:57;71.57;272.51;7220;268;31.5;37;177;0;yes;2148
77;10:28:10;71.87;272.41;7353;278;27.4;33;195;0;yes;2149
77;10:28:23;72.16;272.41;7478;288;20.4;26;199;0;yes;2149
77;10:28:36;72.41;272.62;7592;299;14.1;19;203;0;yes;2149
77;10:28:49;72.62;272.64;7693;302;8.8;12;200;0;yes;2149
77;10:29:02;72.82;272.73;7782;298;6.3;9;187;0;yes;2148
77;10:29:15;73.03;272.88;7907;291;6.7;10;192;0;yes;2155
77;10:29:28;73.32;272.89;8024;291;8.4;12;208;0;yes;2147
77;10:29:41;73.63;273.09;8213;317;14.6;21;248;0;yes;2155
77;10:29:54;73.96;273.77;8361;285;21.2;30;295;0;yes;2147
77;10:30:07;74.15;273.72;8497;307;27.1;38;287;0;yes;2155
77;10:30:20;74.31;273.63;8558;320;31.6;45;289;0;yes;2147
77;10:30:33;74.52;273.57;8682;337;32.4;47;305;0;yes;2147
77;10:30:46;74.7;273.57;8787;347;29.7;45;307;0;yes;2147
77;10:30:59;74.87;273.55;8892;355;27.0;42;312;0;yes;2147
77;10:31:12;75.06;273.45;9009;364;23.2;37;316;0;yes;2147
77;10:31:25;75.22;273.33;9130;375;14.4;24;317;0;yes;2151
77;10:31:38;75.38;273.29;9252;383;6.0;10;318;0;yes;2154
77;10:31:51;75.55;273.28;9362;384;-2.4;-4;299;0;yes;2154
77;10:32:04;75.72;273.19;9477;384;-12.0;-23;281;0;yes;2154
77;10:32:17;75.89;273.23;9603;370;-19.9;-39;261;0;yes;2155
77;10:32:32;76.07;273.22;9733;360;-27.3;-54;253;0;yes;2155
77;10:32:45;76.26;273.16;9870;347;-34.4;-69;261;0;yes;2155
77;10:32:58;76.42;273.23;9994;325;-43.0;-86;254;0;yes;2155
77;10:33:10;76.56;273.22;10115;313;-46.7;-91;241;0;yes;2158
77;10:33:23;76.68;273.24;10234;289;-47.7;-91;239;0;yes;2163
77;10:33:38;76.8;273.41;10353;262;-45.5;-82;223;0;yes;2168
77;10:33:51;76.82;273.66;10406;223;-40.7;-68;177;0;yes;2176
77;10:34:04;76.93;273.65;10498;218;-35.5;-56;154;0;yes;2176
77;10:34:17;77.02;273.6;10545;219;-32.6;-46;152;0;yes;2169
77;10:34:30;77.13;273.54;10626;221;-30.4;-38;165;0;yes;2168
77;10:34:43;77.24;273.48;10731;216;-30.3;-35;167;0;yes;2169
77;10:34:56;77.39;273.39;10865;209;-34.1;-40;175;0;yes;2169
77;10:35:09;77.57;273.37;11019;184;-38.6;-47;106;0;yes;2169
77;10:35:22;77.71;273.41;11152;164;-43.8;-55;107;0;yes;2169
77;10:35:35;77.81;273.5;11251;127;;;85;0;yes;2169
78;10:26:14;74.15;297.78;8453;95;;;72;0;yes;2142
78;10:26:27;74.39;296.95;8587;103;347.6;120;80;0;yes;2142
78;10:26:40;74.56;296.19;8686;101;366.9;130;80;0;yes;2142
78;10:27:06;74.59;295.56;8724;133;367.5;139;83;0;yes;2147
78;10:27:19;74.77;295.71;8839;206;362.1;149;109;0;yes;2148
78;10:27:32;74.99;295.11;8969;264;382.4;166;156;0;yes;2148
78;10:27:44;75.13;294.61;9059;281;340.2;172;172;0;yes;2148
78;10:27:57;75.31;294.09;9177;322;234.8;165;220;0;yes;2148
78;10:28:10;75.36;293.43;9218;372;137.1;141;286;0;yes;2149
78;10:28:23;75.5;292.87;9310;405;141.4;178;316;0;yes;2149
78;10:28:36;75.59;292.36;9370;457;146.7;200;350;0;yes;2149
78;10:28:49;75.62;289.95;9423;654;130.1;199;;1;no;2149
78;10:29:02;75.55;290.17;9471;608;108.9;183;;0;no;2148
78;10:29:15;75.69;289.62;9556;637;89.9;162;;0;no;2155
78;10:29:28;75.85;289.16;9575;645;62.0;122;;0;no;2147
78;10:29:41;75.98;288.76;9661;646;33.0;72;394;0;yes;2155
78;10:29:54;76.13;288.46;9738;627;8.3;17;400;0;yes;2147
78;10:30:07;76.31;288.31;9908;611;-12.0;-39;421;0;yes;2155
78;10:30:20;76.5;288.39;10013;591;-10.8;-35;455;0;yes;2147
78;10:30:33;76.64;288.03;10125;586;-10.0;-32;457;0;yes;2147
78;10:30:46;76.76;287.66;10221;585;-11.1;-34;456;0;yes;2147
78;10:30:59;76.9;287.22;10332;585;-15.2;-46;447;0;yes;2147
78;10:31:12;77.02;286.8;10427;579;-20.9;-63;437;0;yes;2147
78;10:31:25;77.15;286.4;10561;569;-30.4;-93;413;0;yes;2151
78;10:31:38;77.23;286.01;10650;545;-44.0;-137;373;0;yes;2154
78;10:31:51;77.3;285.66;10706;505;-53.3;-169;348;0;yes;2154
78;10:32:04;77.43;285.35;10822;471;-58.0;-184;327;0;yes;2154
78;10:32:17;77.5;285.12;10883;418;-59.8;-185;288;0;yes;2155
78;10:32:32;77.52;285.04;10902;334;-61.6;-188;205;0;yes;2155
78;10:32:45;77.67;284.65;11041;306;-62.3;-184;169;0;yes;2155
78;10:32:58;77.83;284.4;11187;281;-62.0;-176;;0;yes;2155
78;10:33:10;77.98;284.1;11348;250;;;;0;yes;2158
79;10:26:27;68.9;68.33;5647;72;;;;0;no;2142
79;10:26:40;68.41;68.13;5533;108;;;;0;no;2142
79;10:26:53;67.98;67.95;5424;143;;;;0;no;2145
79;10:27:06;67.48;67.83;5310;168;17.9;38;;0;no;2147
79;10:27:19;65.58;71.56;5299;437;23.1;48;472;0;yes;2148
79;10:27:32;64.98;71.34;5153;450;27.4;58;484;0;yes;2148
79;10:27:44;64.4;71.02;5020;459;32.5;69;492;0;yes;2148
79;10:27:57;63.78;70.77;4884;482;39.2;83;501;0;yes;2148
79;10:28:10;63.14;70.53;4754;504;41.8;90;518;0;yes;2149
79;10:28:23;62.5;70.37;4624;527;42.5;93;559;0;yes;2149
79;10:28:36;61.9;70.2;4509;561;40.8;92;633;0;yes;2149
79;10:28:49;61.23;70.14;4385;582;35.1;84;686;0;yes;2149
79;10:29:02;60.58;70.28;4266;580;29.7;75;707;0;yes;2148
79;10:29:15;59.86;70.61;4153;599;24.4;65;731;0;yes;2155
79;10:29:28;59.07;71.37;3999;618;20.0;56;752;0;yes;2147
79;10:29:41;58.39;71.74;3898;627;18.9;54;767;0;yes;2155
79;10:29:54;57.68;71.72;3769;638;19.2;56;803;0;yes;2147
79;10:30:07;56.89;71.66;3660;646;17.8;53;835;0;yes;2155
79;10:30:20;56.06;71.54;3522;657;16.7;51;887;0;yes;2147
79;10:30:33;55.19;71.32;3398;670;15.5;48;877;0;yes;2147
79;10:30:46;54.29;71.04;3276;685;13.3;42;903;0;yes;2147
79;10:30:59;53.37;70.67;3157;695;10.1;33;936;0;yes;2147
79;10:31:12;52.39;70.38;3036;703;5.6;18;1004;0;yes;2147
79;10:31:25;51.42;70.01;2928;710;-0.9;-3;;0;yes;2151
79;10:31:38;50.49;69.51;2827;706;-8.1;-28;;0;yes;2154
79;10:31:51;49.52;68.88;2722;697;-19.6;-69;;0;yes;2154
79;10:32:04;48.47;68.44;2612;686;-28.4;-104;;0;yes;2154
79;10:32:17;47.42;67.82;2509;659;-35.3;-131;;0;yes;2155
79;10:32:32;46.16;67.57;2389;630;-57.6;-212;;0;yes;2155
79;10:32:45;44.82;67.13;2268;548;-69.2;-265;;0;yes;2155
79;10:32:58;43.58;66.74;2162;522;-75.4;-292;;0;yes;2155
79;10:33:10;42.17;66.3;2050;492;-79.1;-298;;0;yes;2158
79;10:33:23;41.15;68.6;1975;263;-80.4;-284;;0;yes;2163
79;10:33:38;39.78;68.59;1876;244;-79.1;-246;;0;yes;2168
79;10:33:51;37.89;68.64;1747;223;-76.7;-208;;0;yes;2176
79;10:34:04;36.03;68.7;1621;191;-72.5;-156;;0;yes;2176
79;10:34:17;34.05;68.4;1490;173;-63.0;-92;;0;yes;2169
79;10:34:30;32.12;67.53;1373;144;-64.7;-92;;0;yes;2168
79;10:34:43;29.58;65.57;1231;97;-65.0;-88;;0;yes;2169
79;10:34:56;27.24;63.94;1117;53;;;;0;no;2169
80;10:26:40;78.0;143.15;11285;655;;;;0;yes;2142
80;10:26:53;77.91;143.71;11221;650;-19.9;-68;;0;yes;2145
80;10:27:06;77.85;144.24;11165;633;-21.2;-72;;0;yes;2147
80;10:27:19;77.74;144.81;11068;613;-23.2;-78;;0;yes;2148
80;10:27:32;77.68;145.39;11017;598;-25.2;-84;;0;yes;2148
80;10:27:44;77.61;145.93;10946;578;-30.1;-100;;0;yes;2148
80;10:27:57;77.55;146.62;10894;560;-36.4;-119;;0;yes;2148
80;10:28:10;77.47;147.29;10828;533;-44.5;-144;328;0;yes;2149
80;10:28:23;77.4;147.89;10767;506;-50.3;-161;322;0;yes;2149
80;10:28:36;77.33;148.48;10708;465;-56.6;-177;313;0;yes;2149
80;10:28:49;77.22;148.95;10616;418;-64.0;-196;296;0;yes;2149
80;10:29:02;77.08;149.76;10489;355;-68.6;-201;257;0;yes;2148
80;10:29:15;77.01;150.47;10458;333;-71.4;-197;259;0;yes;2155
80;10:29:28;76.93;151.11;10354;282;-72.8;-194;241;0;yes;2147
80;10:29:41;76.77;151.73;10266;226;-73.8;-186;184;0;yes;2155
80;10:29:54;76.82;152.18;10270;179;-74.3;-176;150;0;yes;2147
80;10:30:07;76.77;153.03;10266;127;;;124;0;yes;2155
81;10:26:40;76.63;186.88;8767;198;;;;0;no;2142
81;10:26:53;76.54;187.5;8810;181;;;;0;no;2145
81;10:27:06;76.38;188.01;8845;148;;;;0;no;2147
81;10:27:19;76.41;188.71;8879;163;;;;0;no;2148
81;10:27:32;76.4;189.44;8913;180;;;;0;no;2148
81;10:27:44;75.13;189.85;9060;499;32.4;78;;1;no;2148
81;10:27:57;75.13;190.56;9062;516;33.4;81;271;0;yes;2148
81;10:28:10;75.14;191.17;9071;538;32.0;79;291;0;yes;2149
81;10:28:23;75.22;192.0;9127;574;29.4;74;318;0;yes;2149
81;10:28:36;75.31;192.78;9186;600;26.2;68;325;0;yes;2149
81;10:28:49;75.4;193.57;9242;618;21.9;58;336;0;yes;2149
81;10:29:02;75.46;194.27;9276;626;18.5;52;350;0;yes;2148
81;10:29:15;75.51;195.08;9341;629;14.8;43;349;0;yes;2155
81;10:29:28;75.58;195.8;9347;634;11.4;34;358;0;yes;2147
81;10:29:41;75.6;196.5;9400;637;9.7;30;351;0;yes;2155
81;10:29:54;75.65;197.34;9399;657;8.8;27;356;0;yes;2147
81;10:30:07;75.72;198.21;9480;659;7.6;24;363;0;yes;2155
81;10:30:20;75.8;199.04;9502;663;5.8;18;365;0;yes;2147
81;10:30:33;75.89;199.81;9563;666;1.4;5;368;0;yes;2147
81;10:30:46;76.01;200.65;9647;671;-4.7;-15;369;0;yes;2147
81;10:30:59;76.12;201.44;9729;670;-11.6;-39;355;0;yes;2147
81;10:31:12;76.26;202.27;9836;665;-19.1;-65;331;0;yes;2147
81;10:31:25;76.36;202.98;9927;642;-28.2;-98;318;0;yes;2151
81;10:31:38;76.44;203.73;10007;620;-39.0;-137;307;0;yes;2154
81;10:31:51;76.54;204.37;10079;579;-47.2;-168;278;0;yes;2154
81;10:32:04;76.65;204.98;10168;546;-51.7;-184;263;0;yes;2154
81;10:32:17;76.76;205.26;10259;492;-53.3;-183;244;0;yes;2155
81;10:32:32;76.83;205.58;10318;422;-52.5;-171;224;0;yes;2155
81;10:32:45;76.98;206.17;10439;386;-50.1;-150;207;0;yes;2155
81;10:32:58;77.09;206.62;10531;367;-47.4;-129;178;0;yes;2155
81;10:33:10;77.2;207.08;10634;352;-45.7;-110;173;0;yes;2158
81;10:33:23;77.31;207.72;10761;341;-42.5;-93;162;0;yes;2163
81;10:33:38;77.4;208.26;10864;296;-42.1;-88;134;0;yes;2168
81;10:33:51;77.53;209.3;11022;228;-44.2;-92;102;0;yes;2176
81;10:34:04;77.65;209.94;11131;117;;;;0;no;2176
82;10:27:06;77.32;56.05;10516;139;;;;0;no;2147
82;10:27:19;77.19;56.18;10581;253;193.0;216;159;0;yes;2148
82;10:27:32;76.99;56.22;10410;340;186.3;223;213;0;yes;2148
82;10:27:44;76.77;56.08;10234;411;181.8;233;270;0;yes;2148
82;10:27:57;76.59;55.83;10088;480;173.7;238;325;0;yes;2148
82;10:28:10;76.39;55.59;9941;526;158.5;247;365;0;yes;2149
82;10:28:23;76.21;55.28;9806;581;144.4;253;388;0;yes;2149
82;10:28:36;76.08;55.03;9715;646;125.6;250;446;0;yes;2149
82;10:28:49;75.94;54.67;9610;698;103.3;237;489;0;yes;2149
82;10:29:02;75.79;54.32;9501;751;87.6;224;542;0;yes;2148
82;10:29:15;75.62;53.91;9410;800;73.7;211;591;0;yes;2155
82;10:29:28;75.45;53.51;9263;841;62.2;197;635;0;yes;2147
82;10:29:41;75.29;53.07;9193;878;54.2;186;685;0;yes;2155
82;10:29:54;75.14;52.58;9060;910;47.5;175;716;0;yes;2147
82;10:30:07;74.98;52.07;8995;956;41.6;163;748;0;yes;2155
82;10:30:20;74.82;51.69;8860;994;35.4;146;768;0;yes;2147
82;10:30:33;74.67;51.11;8768;1025;28.8;125;781;0;yes;2147
82;10:30:46;74.47;50.6;8649;1055;22.0;100;815;0;yes;2147
82;10:30:59;74.27;50.06;8539;1075;15.4;74;836;0;yes;2147
82;10:31:12;74.08;49.38;8432;1078;10.9;55;864;0;yes;2147
82;10:31:25;73.93;48.77;8365;1083;8.3;43;882;0;yes;2151
82;10:31:38;73.8;48.15;8304;1086;7.0;37;896;0;yes;2154
82;10:31:51;73.63;47.58;8213;1092;6.8;36;904;0;yes;2154
82;10:32:04;73.46;46.94;8127;1104;7.2;38;905;0;yes;2154
82;10:32:17;73.31;46.3;8050;1117;7.6;41;918;0;yes;2155
82;10:32:32;73.15;45.71;7971;1130;8.1;43;942;0;yes;2155
82;10:32:45;72.98;45.01;7883;1139;8.0;43;931;0;yes;2155
82;10:32:58;72.75;44.86;7774;1181;;;906;0;yes;2155
83;10:27:32;34.69;249.87;1515;234;;;;0;yes;2148
83;10:27:44;36.68;252.15;1643;257;-21.3;-29;;0;yes;2148
83;10:27:57;38.52;253.85;1768;265;-39.9;-55;;0;yes;2148
83;10:28:10;40.17;254.88;1888;247;-53.4;-75;;0;yes;2149
83;10:28:23;41.94;256.04;2024;236;-61.3;-87;;0;yes;2149
83;10:28:36;43.69;257.16;2165;223;-67.3;-97;;0;yes;2149
83;10:28:49;45.3;256.68;2305;170;-69.8;-101;;0;yes;2149
83;10:29:02;46.91;256.72;2451;134;-68.7;-95;;0;yes;2148
83;10:29:15;49.4;256.43;2709;106;-65.2;-81;;0;yes;2155
83;10:29:28;50.93;256.51;2865;111;-60.0;-63;;0;yes;2147
83;10:29:41;52.36;256.41;3043;111;-53.0;-43;;0;yes;2155
83;10:29:54;53.54;256.57;3179;107;-46.7;-32;;0;yes;2147
83;10:30:07;54.77;257.02;3353;97;-44.4;-28;116;0;yes;2155
83;10:30:20;56.0;257.47;3513;75;-51.3;-33;94;0;yes;2147
83;10:30:33;57.18;257.53;3691;53;;;60;0;yes;2147
84;10:28:10;76.27;139.74;9625;121;;;;0;no;2149
84;10:28:23;76.11;140.27;9540;174;;;;0;no;2149
84;10:28:36;75.92;140.98;9456;200;;;;0;no;2149
84;10:28:49;75.75;141.73;9373;229;;;;0;no;2149
84;10:29:02;75.57;142.56;9286;239;;;;0;no;2148
84;10:29:15;75.43;143.49;9235;260;56.4;81;;0;no;2155
84;10:29:28;75.28;143.59;9148;322;77.8;112;202;0;yes;2147
84;10:29:41;75.12;144.27;9084;345;95.1;138;207;0;yes;2155
84;10:29:54;75.01;144.55;8980;381;106.0;156;237;0;yes;2147
84;10:30:07;74.91;144.86;8949;413;122.6;184;265;0;yes;2155
84;10:30:20;74.86;144.8;8887;484;131.6;204;290;0;yes;2147
84;10:30:33;74.74;144.99;8811;542;125.8;208;309;0;yes;2147
84;10:30:46;74.62;145.39;8738;593;109.1;199;337;0;yes;2147
84;10:30:59;74.46;145.86;8644;630;83.9;174;362;0;yes;2147
84;10:31:12;74.3;146.46;8554;670;58.0;141;386;0;yes;2147
84;10:31:25;74.13;147.14;8478;705;46.7;123;431;0;yes;2151
84;10:31:38;73.96;147.82;8395;736;37.6;106;485;0;yes;2154
84;10:31:51;73.8;148.63;8325;763;30.9;92;;0;no;2154
84;10:32:04;73.63;149.41;8255;782;;;;0;no;2154
84;10:32:17;73.47;150.27;8190;800;;;;0;no;2155
84;10:32:32;73.32;151.18;8125;817;;;;0;no;2155
84;10:32:45;73.17;152.24;8062;836;;;;0;no;2155
84;10:32:58;73.06;153.19;8000;848;;;;0;no;2155
84;10:33:10;72.96;154.12;7950;852;;;;0;no;2158
84;10:33:23;72.86;155.13;7912;864;;;;0;no;2163
84;10:33:38;72.76;156.16;7878;870;;;;0;no;2168
84;10:33:51;72.68;157.36;7845;881;2.0;9;;0;no;2176
84;10:34:04;72.64;158.47;7794;894;1.7;8;736;0;yes;2176
84;10:34:17;72.61;159.57;7759;902;1.6;7;728;0;yes;2169
84;10:34:30;72.6;160.65;7750;905;1.5;7;715;0;yes;2168
84;10:34:43;72.59;161.72;7749;910;1.0;5;693;0;yes;2169
84;10:34:56;72.58;162.8;7743;904;0.7;3;660;0;yes;2169
84;10:35:09;72.57;163.8;7739;896;0.3;1;657;0;yes;2169
84;10:35:22;72.56;164.88;7735;907;-1.6;-7;704;0;yes;2169
84;10:35:35;72.54;166.01;7726;909;-3.0;-14;752;0;yes;2169
84;10:35:48;72.52;167.06;7710;911;-4.0;-18;791;0;yes;2168
84;10:36:01;72.46;167.98;7683;903;-4.9;-22;827;0;yes;2168
84;10:36:14;72.39;168.85;7629;880;-5.4;-24;853;0;yes;2162
84;10:36:27;72.36;169.82;7615;880;-5.8;-26;873;0;yes;2162
84;10:36:40;72.31;170.77;7614;870;-5.9;-27;906;0;yes;2168
84;10:36:55;73.5;173.44;7519;615;-5.1;-23;;0;no;2168
84;10:37:08;73.61;174.88;7504;607;;;;0;no;2168
84;10:37:20;73.74;176.12;7492;592;;;;0;no;2168
84;10:37:33;73.91;176.98;7483;547;;;;0;no;2169
84;10:37:46;74.07;177.59;7472;459;;;;0;no;2169
84;10:37:59;74.15;178.98;7480;371;;;;0;no;2173
84;10:38:12;74.11;179.64;7477;205;;;;0;no;2173
85;10:28:10;72.75;325.48;7753;78;;;;0;no;2149
85;10:28:23;72.75;324.72;7755;155;376.2;236;134;0;yes;2149
85;10:28:36;72.87;323.83;7809;231;331.4;235;216;0;yes;2149
85;10:28:49;73.0;322.59;7873;324;291.0;231;293;0;yes;2149
85;10:29:02;73.02;321.99;7876;390;253.3;224;331;0;yes;2148
85;10:29:15;73.07;321.23;7927;447;196.9;215;369;0;yes;2155
85;10:29:28;73.08;320.52;7903;487;149.5;201;389;0;yes;2147
85;10:29:41;73.12;319.78;7951;530;112.1;182;430;0;yes;2155
85;10:29:54;73.17;319.0;7949;561;79.9;155;446;0;yes;2147
85;10:30:07;73.23;318.22;8006;591;58.4;129;466;0;yes;2155
85;10:30:20;73.32;317.52;8023;624;42.8;104;482;0;yes;2147
85;10:30:33;73.44;316.79;8084;648;32.0;85;507;0;yes;2147
85;10:30:46;73.57;316.12;8155;658;25.6;72;503;0;yes;2147
85;10:30:59;73.7;315.44;8222;663;21.4;64;489;0;yes;2147
85;10:31:12;73.79;314.85;8269;664;17.5;54;506;0;yes;2147
85;10:31:25;73.91;314.15;8353;684;15.2;49;526;0;yes;2151
85;10:31:38;74.02;313.42;8423;703;13.7;44;528;0;yes;2154
85;10:31:51;74.12;312.71;8484;720;11.6;38;541;0;yes;2154
85;10:32:04;74.27;311.97;8568;724;8.5;28;548;0;yes;2154
85;10:32:17;74.4;311.31;8646;728;4.6;16;542;0;yes;2155
85;10:32:32;74.55;310.71;8734;718;1.6;6;535;0;yes;2155
85;10:32:45;74.72;309.97;8833;722;-0.2;-1;537;0;yes;2155
85;10:32:58;74.84;309.32;8910;722;-1.3;-5;528;0;yes;2155
85;10:33:10;74.98;308.75;9008;720;-4.8;-17;517;0;yes;2158
85;10:33:23;75.09;308.17;9103;718;-8.8;-32;517;0;yes;2163
85;10:33:38;75.16;307.58;9168;726;-13.8;-51;568;0;yes;2168
85;10:33:51;75.36;306.86;9330;708;-22.3;-82;533;0;yes;2176
85;10:34:04;75.48;306.18;9411;678;-32.5;-122;498;0;yes;2176
85;10:34:17;75.61;305.52;9467;658;-41.0;-157;501;0;yes;2169
85;10:34:30;75.7;304.88;9529;626;-46.8;-180;485;0;yes;2168
85;10:34:43;75.72;304.13;9547;559;-50.4;-191;447;0;yes;2169
85;10:34:56;75.74;303.57;9562;495;-51.3;-187;415;0;yes;2169
85;10:35:09;75.81;303.13;9611;458;-50.7;-174;406;0;yes;2169
85;10:35:22;75.91;303.0;9683;435;-48.9;-154;418;0;yes;2169
85;10:35:35;75.98;302.49;9734;401;-54.3;-152;404;0;yes;2169
85;10:35:48;76.0;302.02;9742;367;-64.9;-168;388;0;yes;2168
85;10:36:01;75.97;301.67;9714;310;-70.2;-176;342;0;yes;2168
85;10:36:14;75.98;301.23;9760;259;-71.9;-174;;0;no;2162
85;10:36:27;76.09;300.89;9832;226;-70.7;-161;;0;no;2162
85;10:36:40;76.22;300.26;9931;192;-72.4;-165;;0;no;2168
85;10:36:55;76.36;299.78;10006;170;-72.7;-160;260;0;yes;2168
85;10:37:08;76.24;298.6;10330;105;-68.3;-135;;0;no;2168
85;10:37:20;76.38;297.96;10415;77;;;;0;no;2168
86;10:28:23;76.92;87.62;10359;79;;;;0;no;2149
86;10:28:36;76.82;88.01;10278;171;139.4;115;119;0;yes;2149
86;10:28:49;76.67;88.16;10158;234;126.4;111;157;0;yes;2149
86;10:29:02;76.52;88.32;10036;279;112.4;105;183;0;yes;2148
86;10:29:15;76.31;88.44;9908;305;96.1;96;190;0;yes;2155
86;10:29:28;76.14;88.6;9743;329;69.5;80;220;0;yes;2147
86;10:29:41;75.93;88.78;9631;348;63.7;81;241;0;yes;2155
86;10:29:54;75.66;88.87;9407;360;60.0;84;255;0;yes;2147
86;10:30:07;75.37;89.05;9243;363;54.9;83;257;0;yes;2155
86;10:30:20;75.1;89.29;9033;361;49.9;80;254;0;yes;2147
86;10:30:33;75.01;89.09;8977;421;45.1;75;312;0;yes;2147
86;10:30:46;74.84;89.04;8873;443;39.3;68;345;0;yes;2147
86;10:30:59;74.65;89.12;8757;451;31.9;57;345;0;yes;2147
86;10:31:12;74.43;89.21;8631;453;18.8;36;341;0;yes;2147
86;10:31:25;74.23;89.16;8531;459;3.3;7;341;0;yes;2151
86;10:31:38;74.02;89.08;8423;456;-2.5;-6;323;0;yes;2154
86;10:31:51;73.79;89.07;8300;457;-4.5;-10;297;0;yes;2154
86;10:32:04;73.51;88.81;8153;437;-5.1;-12;272;0;yes;2154
86;10:32:17;73.24;88.76;8012;445;-5.2;-12;290;0;yes;2155
86;10:32:32;72.96;88.54;7876;439;-5.0;-11;309;0;yes;2155
86;10:32:45;72.58;88.68;7693;438;-4.0;-9;312;0;yes;2155
86;10:32:58;72.24;88.94;7536;434;-7.0;-15;308;0;yes;2155
86;10:33:10;71.92;89.16;7403;442;-13.8;-30;306;0;yes;2158
86;10:33:23;71.6;89.32;7286;443;-21.6;-49;303;0;yes;2163
86;10:33:38;71.31;89.47;7181;434;-29.1;-67;324;0;yes;2168
86;10:33:51;71.05;89.19;7096;401;-47.6;-110;335;0;yes;2176
86;10:34:04;70.84;89.28;7014;370;-67.7;-160;349;0;yes;2176
86;10:34:17;70.6;89.55;6900;350;-77.1;-192;356;0;yes;2169
86;10:34:30;70.42;89.72;6827;328;-81.2;-204;360;0;yes;2168
86;10:34:43;69.84;91.02;6618;216;-81.2;-191;189;0;yes;2169
86;10:34:56;69.74;90.54;6581;134;-83.0;-194;169;0;yes;2169
86;10:35:09;69.36;90.64;6450;129;-84.1;-193;178;0;yes;2169
86;10:35:22;68.9;90.8;6297;123;-82.3;-172;182;0;yes;2169
86;10:35:35;68.32;91.34;6113;83;;;129;0;yes;2169
87;10:28:23;77.87;104.03;11203;503;;;;0;yes;2149
87;10:28:36;77.75;104.12;11084;522;27.8;67;;0;yes;2149
87;10:28:49;77.63;104.07;10969;527;29.8;73;;0;no;2149
87;10:29:02;77.5;104.31;10849;550;30.4;75;;0;yes;2148
87;10:29:15;77.34;104.53;10743;563;34.3;86;372;0;yes;2155
87;10:29:28;77.2;104.81;10578;581;40.5;103;389;0;yes;2147
87;10:29:41;77.1;104.99;10535;609;44.1;115;409;0;yes;2155
87;10:29:54;76.96;105.28;10384;625;49.3;131;440;0;yes;2147
87;10:30:07;76.77;105.36;10264;672;52.9;144;457;0;yes;2155
87;10:30:20;76.59;105.51;10084;712;52.4;147;460;0;yes;2147
87;10:30:33;76.45;105.6;9976;731;46.9;138;459;0;yes;2147
87;10:30:46;76.28;105.36;9847;783;39.0;121;464;0;yes;2147
87;10:30:59;76.11;105.56;9724;805;27.9;94;475;0;yes;2147
87;10:31:12;75.94;105.77;9601;816;18.8;67;498;0;yes;2147
87;10:31:25;75.79;106.08;9515;830;11.7;44;529;0;yes;2151
87;10:31:38;75.64;106.25;9425;830;4.7;19;529;0;yes;2154
87;10:31:51;75.48;106.5;9313;830;1.9;8;524;0;yes;2154
87;10:32:04;75.28;106.73;9184;823;0.8;3;531;0;yes;2154
87;10:32:17;75.11;106.98;9074;824;0.3;1;545;0;yes;2155
87;10:32:32;74.95;107.34;8977;825;0.9;4;573;0;yes;2155
87;10:32:45;74.79;107.7;8878;828;2.3;10;593;0;yes;2155
87;10:32:58;74.65;107.93;8791;833;4.7;20;599;0;yes;2155
87;10:33:10;74.49;108.12;8706;835;8.2;34;594;0;yes;2158
87;10:33:23;74.29;108.37;8617;833;10.6;43;569;0;yes;2163
87;10:33:38;74.17;108.66;8566;849;11.4;47;575;0;yes;2168
87;10:33:51;74.02;108.92;8510;866;10.7;44;557;0;yes;2176
87;10:34:04;73.79;108.67;8384;895;9.3;38;578;0;yes;2176
87;10:34:17;73.67;108.89;8291;901;6.7;28;623;0;yes;2169
87;10:34:30;73.53;109.23;8213;900;3.5;15;656;0;yes;2168
87;10:34:43;73.39;109.6;8146;882;1.3;6;670;0;yes;2169
87;10:34:56;73.22;110.01;8058;876;0.4;2;682;0;yes;2169
87;10:35:09;73.03;110.39;7962;888;0.8;4;686;0;yes;2169
87;10:35:22;72.81;110.79;7854;904;1.6;7;731;0;yes;2169
87;10:35:35;72.63;111.22;7740;898;3.2;14;;0;no;2169
87;10:35:48;72.44;111.55;7622;886;;;;0;no;2168
87;10:36:01;72.31;111.8;7506;883;;;;0;no;2168
87;10:36:14;72.11;112.2;7375;847;;;;0;no;2162
87;10:36:27;71.89;112.28;7265;810;;;;0;no;2162
87;10:36:40;71.56;112.7;7174;770;;;;0;no;2168
87;10:36:55;71.27;113.25;7062;744;;;;0;no;2168
87;10:37:08;70.87;113.45;6938;685;;;;0;no;2168
87;10:37:20;70.44;114.05;6827;611;;;;0;no;2168
87;10:37:33;70.13;114.47;6718;587;;;;0;no;2169
87;10:37:46;69.8;114.81;6605;564;;;;0;no;2169
87;10:37:59;69.47;115.13;6505;554;;;;0;no;2173
87;10:38:12;69.16;114.74;6393;477;-21.8;-55;;0;no;2173
87;10:38:25;68.83;114.41;6289;482;-18.7;-46;469;0;yes;2175
87;10:38:38;68.45;114.22;6171;418;-15.9;-38;476;0;yes;2176
87;10:38:51;68.13;114.51;6072;422;-13.6;-32;334;0;yes;2176
87;10:39:04;67.74;115.19;5955;419;-6.2;-14;359;0;yes;2176
87;10:39:17;67.24;116.43;5829;342;-0.7;-1;328;0;yes;2184
87;10:39:30;66.76;116.96;5704;334;2.0;4;327;0;yes;2187
87;10:39:43;66.42;116.4;5614;412;3.7;8;366;0;yes;2188
87;10:39:56;65.86;117.11;5469;432;4.4;9;366;0;yes;2188
87;10:40:09;65.26;117.88;5324;430;5.9;12;363;0;yes;2191
87;10:40:22;64.64;118.96;5180;419;6.7;14;348;0;yes;2192
87;10:40:35;64.04;119.8;5045;424;6.6;14;374;0;yes;2193
87;10:40:48;63.38;120.69;4900;439;5.3;11;378;0;yes;2193
87;10:41:01;62.69;121.42;4792;423;4.7;10;;0;no;2193
87;10:41:14;61.96;122.55;4679;437;;;;0;no;2192
87;10:41:27;61.23;123.32;4571;435;;;;0;no;2192
87;10:41:40;60.54;124.19;4466;421;;;;0;no;2193
87;10:41:53;59.82;125.18;4357;418;;;;0;no;2193
87;10:42:06;59.2;126.61;4251;431;;;;0;no;2194
87;10:42:19;58.53;128.39;4149;450;;;;0;no;2197
87;10:42:32;57.99;130.12;4045;460;;;;0;no;2199
87;10:42:45;57.49;131.09;3950;530;;;;0;no;2205
87;10:42:58;56.97;131.32;3861;623;;;;0;no;2211
87;10:43:10;56.19;131.88;3780;720;;;;0;no;2223
87;10:43:23;55.43;132.69;3680;808;;;;0;no;2228
87;10:43:36;53.39;129.9;3571;1026;;;;0;no;2230
87;10:43:49;52.54;131.13;3472;1127;;;;0;no;2232
87;10:44:02;51.72;132.3;3366;1173;;;;0;no;2232
87;10:44:15;50.74;133.5;3260;1215;;;;0;no;2235
87;10:44:28;49.83;134.66;3178;1263;;;;0;no;2250
87;10:44:43;48.6;135.89;3070;1147;;;;0;no;2252
87;10:44:57;47.36;137.58;2965;1197;;;;0;no;2252
87;10:45:10;46.22;139.37;2889;1241;;;;0;no;2272
87;10:45:25;45.13;141.4;2792;1282;;;;0;no;2272
87;10:45:38;43.85;143.58;2683;1333;;;;0;no;2272
87;10:45:51;42.82;145.74;2585;1372;;;;0;no;2272
87;10:46:04;41.71;147.99;2491;1403;;;;0;no;2274
87;10:46:17;40.75;150.56;2397;1432;;;;0;no;2274
87;10:46:30;39.76;152.91;2315;1464;;;;0;no;2281
87;10:46:43;38.74;155.61;2229;1493;;;;0;no;2281
87;10:46:56;37.73;158.63;2145;1528;;;;0;no;2281
87;10:47:09;28.84;148.04;2065;1788;;;;0;no;2283
87;10:47:22;27.76;151.94;1986;1806;;;;0;no;2283
87;10:47:36;27.05;156.49;1909;1807;;;;0;no;2283
87;10:47:49;26.59;161.21;1839;1813;;;;0;no;2283
87;10:48:02;26.53;166.96;1782;1839;;;;0;no;2297
87;10:48:15;27.62;173.68;1725;1853;;;;0;no;2303
87;10:48:28;26.87;177.47;1668;1885;;;;0;no;2303
87;10:48:41;26.67;182.44;1617;1891;;;;0;no;2303
87;10:48:54;26.08;187.05;1571;1916;;;;0;no;2303
87;10:49:07;25.74;192.13;1536;1941;;;;0;no;2306
87;10:49:19;27.95;196.57;1507;1914;;;;0;no;2306
87;10:49:32;27.86;201.09;1486;1920;;;;0;no;2308
87;10:49:45;28.51;205.82;1478;1930;;;;0;no;2315
87;10:49:58;29.11;210.37;1469;1929;;;;0;no;2308
87;10:50:11;29.52;213.97;1481;1948;;;;0;no;2315
87;10:50:26;29.98;216.99;1494;1942;;;;0;no;2317
87;10:50:39;30.11;220.54;1530;1944;;;;0;no;2322
87;10:50:54;29.51;223.63;1570;1942;;;;0;no;2330
87;10:51:07;30.11;226.58;1621;1918;;;;0;no;2334
87;10:51:20;31.19;228.74;1667;1894;;;;0;no;2334
87;10:51:35;32.55;230.76;1718;1887;;;;0;no;2340
87;10:51:48;33.74;233.19;1787;1877;;;;0;no;2340
87;10:52:01;35.02;235.21;1848;1846;;;;0;no;2340
87;10:52:14;36.5;236.76;1919;1815;;;;0;no;2340
87;10:52:27;37.9;238.18;1989;1784;;;;0;no;2341
87;10:52:40;39.24;239.62;2059;1745;;;;0;no;2341
87;10:52:53;40.62;240.81;2136;1712;-15.2;-132;;0;no;2341
87;10:53:06;42.03;241.9;2217;1676;-14.9;-128;;0;yes;2347
87;10:53:19;43.24;242.65;2318;1611;-16.4;-140;;0;yes;2341
87;10:53:32;44.24;243.58;2423;1572;-19.4;-164;;0;yes;2355
87;10:53:45;45.21;244.42;2501;1523;-22.5;-189;;0;yes;2341
87;10:53:58;46.15;245.05;2609;1511;-23.8;-197;;0;yes;2355
87;10:54:12;47.1;245.67;2707;1446;-23.5;-192;;0;yes;2355
87;10:54:24;47.96;246.28;2799;1357;-22.3;-178;;0;yes;2355
87;10:54:37;48.67;247.2;2880;1307;-17.6;-136;;0;yes;2357
87;10:54:51;49.36;247.97;2958;1244;-12.6;-94;;0;yes;2357
87;10:55:04;50.07;248.96;3039;1192;-12.0;-84;;0;yes;2355
87;10:55:17;51.03;249.59;3155;1473;-17.7;-117;2412;0;yes;2355
87;10:55:30;51.71;250.31;3230;1327;-27.6;-185;2075;0;yes;2346
87;10:55:43;52.31;251.24;3354;1170;-35.0;-243;;0;no;2355
87;10:55:56;53.27;251.81;3467;1120;-42.3;-300;;0;no;2355
87;10:56:09;54.17;252.3;3564;1047;-45.1;-320;1397;0;yes;2346
87;10:56:21;54.94;252.7;3697;997;-44.9;-314;;0;no;2346
87;10:56:34;55.83;252.99;3831;929;-44.6;-305;;0;no;2343
87;10:56:49;56.83;253.59;3970;847;-39.3;-244;995;0;yes;2343
87;10:57:02;57.95;253.59;4019;766;-32.0;-179;;0;no;2341
87;10:57:15;58.49;253.46;4121;664;;;;0;no;2338
87;10:57:29;59.09;253.66;4227;584;;;;0;no;2338
87;10:57:41;59.79;253.52;4334;483;;;;0;no;2338
87;10:57:55;60.62;253.22;4452;431;;;;0;no;2341
87;10:58:07;61.39;252.98;4554;383;;;;0;no;2338
87;10:58:22;62.12;252.58;4658;342;;;;0;no;2338
87;10:58:35;62.97;252.92;4785;310;;;;0;no;2338
87;10:58:48;63.71;253.22;4885;282;;;;0;no;2334
87;10:59:01;64.43;253.58;4989;236;;;;0;no;2334
87;10:59:13;65.15;253.82;5098;190;;;;0;no;2334
87;10:59:26;65.82;252.48;5208;108;;;;0;no;2334
88;10:29:02;77.23;64.83;10611;79;;;;0;no;2148
88;10:29:15;76.98;64.73;10436;139;229.4;148;118;0;yes;2155
88;10:29:28;76.77;64.92;10227;208;207.3;146;171;0;yes;2147
88;10:29:41;76.58;65.02;10116;264;181.9;140;206;0;yes;2155
88;10:29:54;76.37;65.0;9913;294;162.6;135;231;0;yes;2147
88;10:30:07;76.2;64.88;9827;341;123.6;123;287;0;yes;2155
88;10:30:20;76.03;64.73;9665;361;100.3;115;316;0;yes;2147
88;10:30:33;75.88;64.45;9557;379;80.9;106;333;0;yes;2147
88;10:30:46;75.7;64.23;9435;403;63.0;94;340;0;yes;2147
88;10:30:59;75.56;64.12;9337;408;47.2;79;326;0;yes;2147
88;10:31:12;75.46;64.0;9268;437;40.5;72;356;0;yes;2147
88;10:31:25;75.25;63.78;9151;456;33.0;62;366;0;yes;2151
88;10:31:38;75.09;63.66;9064;466;25.4;51;386;0;yes;2154
88;10:31:51;74.89;63.51;8939;472;20.4;42;411;0;yes;2154
88;10:32:04;74.67;63.33;8804;482;10.9;24;401;0;yes;2154
88;10:32:17;74.45;63.12;8671;496;-53.7;-94;380;0;yes;2155
88;10:32:32;74.2;62.79;8527;494;-79.2;-190;381;0;yes;2155
88;10:32:45;73.92;62.28;8374;476;-87.9;-254;415;0;yes;2155
88;10:32:58;74.37;59.57;8194;804;-91.0;-289;;1;no;2155
88;10:33:10;74.22;59.21;8024;846;-93.8;-333;;1;no;2158
88;10:33:23;72.87;63.11;7863;119;-95.9;-381;117;0;yes;2163
88;10:33:38;72.51;62.77;7709;94;-96.7;-404;99;0;yes;2168
88;10:33:51;72.15;62.39;7567;67;;;64;0;yes;2176
89;10:29:15;70.35;357.03;6758;708;;;815;0;yes;2155
89;10:29:28;70.53;355.97;6801;693;-4.7;-16;744;0;yes;2147
89;10:29:41;70.81;354.93;6933;665;-1.6;-6;758;0;yes;2155
89;10:29:54;71.08;353.72;7013;643;1.8;6;680;0;yes;2147
89;10:30:07;71.23;352.55;7102;657;3.9;13;511;0;yes;2155
89;10:30:20;71.29;351.39;7098;676;11.5;38;521;0;yes;2147
89;10:30:33;71.37;350.26;7133;683;27.8;91;502;0;yes;2147
89;10:30:46;71.49;349.37;7179;700;42.7;136;484;0;yes;2147
89;10:30:59;71.57;348.39;7216;707;53.2;167;471;0;yes;2147
89;10:31:12;71.66;347.8;7251;748;56.6;179;492;0;yes;2147
89;10:31:25;71.46;348.01;7187;871;55.2;178;730;0;yes;2151
89;10:31:38;71.51;347.12;7215;911;48.4;163;794;0;yes;2154
89;10:31:51;71.53;346.29;7225;926;38.0;135;840;0;yes;2154
89;10:32:04;71.55;345.44;7233;928;24.5;96;863;0;yes;2154
89;10:32:17;71.52;344.84;7223;940;13.0;57;863;0;yes;2155
89;10:32:32;71.55;344.12;7233;958;11.3;51;870;0;yes;2155
89;10:32:45;71.55;343.24;7232;961;12.8;58;866;0;yes;2155
89;10:32:58;71.58;342.32;7249;974;15.3;70;850;0;yes;2155
89;10:33:10;71.66;341.51;7289;988;17.1;80;826;0;yes;2158
89;10:33:23;71.74;340.59;7342;1006;18.6;87;796;0;yes;2163
89;10:33:38;71.81;339.88;7391;1034;19.4;92;832;0;yes;2168
89;10:33:51;71.9;338.94;7455;1061;18.4;88;863;0;yes;2176
89;10:34:04;71.97;338.09;7486;1083;17.3;85;869;0;yes;2176
89;10:34:17;72.04;337.31;7496;1100;15.7;79;872;0;yes;2169
89;10:34:30;72.11;336.67;7522;1109;14.9;77;901;0;yes;2168
89;10:34:43;72.19;335.98;7562;1115;14.6;77;921;0;yes;2169
89;10:34:56;72.25;335.21;7592;1138;15.2;81;943;0;yes;2169
89;10:35:09;72.32;334.39;7623;1152;15.3;83;944;0;yes;2169
89;10:35:22;72.41;333.66;7666;1184;14.7;80;954;0;yes;2169
89;10:35:35;72.5;332.94;7706;1202;13.6;76;929;0;yes;2169
89;10:35:48;72.62;332.17;7758;1223;11.4;65;936;0;yes;2168
89;10:36:01;72.74;331.36;7817;1230;8.9;52;941;0;yes;2168
89;10:36:14;72.87;330.74;7856;1228;6.0;36;943;0;yes;2162
89;10:36:27;73.0;330.06;7923;1244;3.0;18;958;0;yes;2162
89;10:36:40;73.14;329.29;8010;1255;-0.4;-2;947;0;yes;2168
89;10:36:55;73.28;328.5;8084;1258;-3.6;-22;941;0;yes;2168
89;10:37:08;73.44;327.69;8164;1250;-7.5;-47;931;0;yes;2168
89;10:37:20;73.58;327.02;8239;1227;-11.1;-70;902;0;yes;2168
89;10:37:33;73.73;326.47;8326;1205;-13.0;-83;902;0;yes;2169
89;10:37:46;73.89;325.88;8412;1180;-13.6;-87;869;0;yes;2169
89;10:37:59;74.02;325.4;8497;1150;-13.0;-82;818;0;yes;2173
89;10:38:12;74.18;324.8;8591;1133;-11.1;-68;792;0;yes;2173
89;10:38:25;74.34;324.22;8689;1122;-10.0;-60;792;0;yes;2175
89;10:38:38;74.5;323.62;8789;1108;-8.3;-49;807;0;yes;2176
89;10:38:51;73.21;327.86;8863;1475;-27.3;-158;;1;no;2176
89;10:39:04;73.27;327.32;8936;1451;-33.7;-200;;1;no;2176
89;10:39:17;73.31;326.75;9041;1427;-35.9;-215;;1;no;2184
89;10:39:30;73.38;326.36;9127;1391;-36.2;-216;;1;no;2187
89;10:39:43;75.6;319.12;9205;1226;-34.7;-203;;1;no;2188
89;10:39:56;75.79;318.45;9280;1190;-32.6;-181;;1;no;2188
89;10:40:09;75.32;320.91;9367;840;-25.5;-113;611;0;yes;2191
89;10:40:22;75.44;320.34;9449;816;-28.2;-125;603;0;yes;2192
89;10:40:35;73.7;324.46;9543;1267;-31.0;-136;;1;no;2193
89;10:40:48;75.69;319.22;9631;784;-38.0;-168;599;0;yes;2193
89;10:41:01;75.84;319.02;9737;697;-43.6;-192;534;0;yes;2193
89;10:41:14;75.97;318.81;9825;661;-47.1;-204;555;0;yes;2192
89;10:41:27;76.12;318.63;9937;615;-49.3;-204;557;0;yes;2192
89;10:41:40;76.23;318.23;10020;551;-49.4;-197;520;0;yes;2193
89;10:41:53;76.3;317.7;10076;515;-50.1;-194;492;0;yes;2193
89;10:42:06;76.31;317.43;10093;443;-52.5;-203;390;0;yes;2194
89;10:42:19;76.46;316.92;10214;402;;;343;0;yes;2197
90;10:29:28;66.17;168.83;5444;68;;;74;0;yes;2147
90;10:29:41;66.16;170.25;5460;98;518.1;145;114;0;yes;2155
90;10:29:54;66.26;171.57;5467;98;629.0;172;76;0;yes;2147
90;10:30:07;66.31;173.14;5499;106;588.1;174;88;0;yes;2155
90;10:30:20;66.37;176.67;5495;226;517.4;172;;1;no;2147
90;10:30:33;66.4;178.16;5504;250;498.6;176;216;0;yes;2147
90;10:30:46;66.38;179.53;5497;288;379.1;162;292;0;yes;2147
90;10:30:59;66.36;181.06;5493;320;211.7;126;327;0;yes;2147
90;10:31:12;66.47;182.55;5521;346;60.9;62;365;0;yes;2147
90;10:31:25;66.58;184.18;5562;345;1.7;3;373;0;yes;2151
90;10:31:38;66.71;185.73;5605;345;-19.6;-32;384;0;yes;2154
90;10:31:51;66.8;187.42;5630;338;-39.5;-70;376;0;yes;2154
90;10:32:04;66.81;189.28;5633;300;-51.2;-97;345;0;yes;2154
90;10:32:17;67.02;190.98;5690;272;-56.6;-108;338;0;yes;2155
90;10:32:32;67.19;192.52;5738;260;-60.2;-113;325;0;yes;2155
90;10:32:45;67.02;194.27;5692;202;-62.1;-115;203;0;yes;2155
90;10:32:58;67.15;195.79;5726;181;-61.9;-108;175;0;yes;2155
90;10:33:10;67.39;197.23;5803;144;-62.5;-105;161;0;yes;2158
90;10:33:23;67.34;198.35;5805;81;;;;0;no;2163
91;10:29:41;72.55;75.02;7032;83;;;;0;no;2155
91;10:29:54;72.08;74.66;7436;146;304.1;176;123;0;yes;2147
91;10:30:07;71.71;74.08;7300;192;319.3;195;164;0;yes;2155
91;10:30:20;71.33;73.61;7114;236;313.8;207;201;0;yes;2147
91;10:30:33;70.97;73.45;6973;297;322.5;231;241;0;yes;2147
91;10:30:46;70.59;73.45;6825;368;334.1;269;276;0;yes;2147
91;10:30:59;70.21;73.16;6680;419;392.3;359;312;0;yes;2147
91;10:31:12;69.8;72.98;6536;471;402.3;425;343;0;yes;2147
91;10:31:25;69.37;73.74;6399;574;356.0;462;396;0;yes;2151
91;10:31:38;68.92;73.54;6259;647;297.3;471;442;0;yes;2154
91;10:31:51;69.02;75.97;6292;908;247.8;466;708;0;yes;2154
91;10:32:04;68.59;75.79;6153;982;193.5;441;811;0;yes;2154
91;10:32:17;68.1;75.43;6002;1051;138.7;395;905;0;yes;2155
91;10:32:32;67.55;74.88;5842;1104;99.0;345;960;0;yes;2155
91;10:32:45;66.91;74.33;5662;1167;62.4;278;1020;0;yes;2155
91;10:32:58;66.37;73.92;5515;1233;56.7;273;1092;0;yes;2155
91;10:33:10;65.77;73.58;5370;1287;51.9;266;1136;0;yes;2158
91;10:33:23;65.18;73.23;5238;1350;47.8;259;1199;0;yes;2163
91;10:33:38;64.52;72.92;5098;1406;42.6;245;1288;0;yes;2168
91;10:33:51;63.81;72.62;4954;1471;37.9;230;1384;0;yes;2176
91;10:34:04;63.18;72.38;4819;1511;33.8;216;1456;0;yes;2176
91;10:34:17;62.56;72.18;4679;1551;30.1;201;1518;0;yes;2169
91;10:34:30;61.85;72.0;4539;1594;32.2;224;1628;0;yes;2168
91;10:34:43;61.14;71.82;4409;1638;34.5;248;1773;0;yes;2169
91;10:34:56;60.38;71.51;4273;1670;38.2;280;1908;0;yes;2169
91;10:35:09;59.66;71.27;4146;1708;41.1;308;2045;0;yes;2169
91;10:35:22;59.25;70.76;4073;1856;41.5;318;2315;0;yes;2169
91;10:35:35;58.62;70.34;3964;1923;40.7;321;2478;0;yes;2169
91;10:35:48;58.03;70.02;3863;1996;38.1;311;2657;0;yes;2168
91;10:36:01;57.35;69.68;3754;2063;31.0;267;2792;0;yes;2168
91;10:36:14;56.58;69.17;3625;2093;21.6;200;2941;0;yes;2162
91;10:36:27;55.74;68.65;3502;2153;6.9;71;;0;yes;2162
91;10:36:40;54.95;68.13;3398;2195;-3.9;-38;;0;yes;2168
91;10:36:55;54.12;67.49;3286;2231;-11.2;-120;;0;yes;2168
91;10:37:08;53.16;66.47;3162;2268;-14.9;-164;;0;yes;2168
91;10:37:20;52.18;65.63;3041;1869;-16.6;-186;;0;yes;2168
91;10:37:33;51.08;64.85;2914;1894;-14.6;-163;;0;yes;2169
91;10:37:46;49.94;63.89;2786;1915;-9.3;-103;;0;yes;2169
91;10:37:59;48.81;63.08;2671;1938;-1.5;-19;;0;yes;2173
91;10:38:12;47.53;62.35;2540;1942;8.6;81;;0;yes;2173
91;10:38:25;46.25;61.68;2420;1980;10.0;95;;0;yes;2175
91;10:38:38;44.95;60.7;2302;2001;10.8;102;;0;yes;2176
91;10:38:51;43.58;59.63;2182;2026;10.8;104;;0;yes;2176
91;10:39:04;42.21;58.52;2070;2042;11.0;107;;0;yes;2176
91;10:39:17;40.77;57.42;1964;2069;9.7;96;;0;yes;2184
91;10:39:30;39.33;56.37;1858;2088;8.5;85;;0;yes;2187
91;10:39:43;37.7;54.93;1743;2111;6.8;68;;0;yes;2188
91;10:39:56;36.05;53.47;1631;2136;4.8;49;;0;yes;2188
91;10:40:09;34.54;51.62;1535;2139;2.1;22;;0;yes;2191
91;10:40:22;33.11;50.93;1447;2144;-0.8;-8;;0;yes;2192
91;10:40:35;31.95;49.8;1378;2131;-3.1;-33;;0;yes;2193
91;10:40:48;30.84;48.97;1314;2124;-5.3;-57;;0;yes;2193
91;10:41:01;30.03;48.42;1268;2071;-7.1;-77;;0;yes;2193
91;10:41:14;29.46;51.2;1238;2105;-8.1;-87;;0;yes;2192
91;10:41:27;28.72;50.73;1201;2073;-8.1;-88;;0;yes;2192
91;10:41:40;27.42;48.11;1138;2039;-7.4;-79;;0;yes;2193
91;10:41:53;26.09;44.29;1074;2003;-6.3;-67;;0;yes;2193
91;10:42:06;24.04;40.42;979;1999;-5.8;-60;;0;yes;2194
91;10:42:19;22.41;35.62;906;1989;-6.1;-62;;0;yes;2197
91;10:42:32;20.91;30.92;840;2000;-7.0;-72;;0;yes;2199
91;10:42:45;19.52;24.74;782;1998;-8.2;-83;;0;yes;2205
91;10:42:58;18.9;19.34;757;1959;-9.4;-95;;0;yes;2211
91;10:43:10;18.64;12.13;750;1936;-9.6;-98;;0;yes;2223
91;10:43:23;19.14;5.8;773;1881;-7.1;-71;;0;yes;2228
91;10:43:36;18.23;356.1;734;1858;-2.0;-19;;0;yes;2230
91;10:43:49;17.36;345.51;698;1866;3.7;35;;0;yes;2232
91;10:44:02;16.98;334.23;682;1862;7.9;74;;0;yes;2232
91;10:44:15;16.6;323.96;666;1925;10.8;100;;0;yes;2235
91;10:44:28;16.89;317.33;683;1991;10.0;92;;0;yes;2250
91;10:44:43;18.31;311.14;745;2010;6.1;57;;0;yes;2252
91;10:44:57;19.94;306.88;817;2008;-0.1;-1;;0;yes;2252
91;10:45:10;21.41;304.5;891;2007;-7.4;-74;;0;yes;2272
91;10:45:25;23.09;301.83;968;1986;-14.0;-142;;0;yes;2272
91;10:45:38;24.96;300.07;1057;1929;-19.0;-196;;0;yes;2272
91;10:45:51;26.61;298.68;1138;1863;-23.1;-240;;0;yes;2272
91;10:46:04;28.45;297.34;1232;1810;-25.6;-264;;0;yes;2274
91;10:46:17;30.12;296.34;1320;1742;-26.3;-267;;0;yes;2274
91;10:46:30;31.36;295.57;1398;1677;-25.5;-251;;0;yes;2281
91;10:46:43;32.7;295.14;1480;1611;-24.3;-230;;0;yes;2281
91;10:46:56;34.88;293.4;1621;1575;-23.3;-213;;0;yes;2281
91;10:47:09;36.43;291.06;1729;1544;-22.7;-199;;0;yes;2283
91;10:47:22;37.99;288.9;1840;1504;-22.2;-188;;0;yes;2283
91;10:47:36;39.45;286.87;1950;1465;-23.5;-193;;0;yes;2283
91;10:47:49;40.92;284.88;2065;1422;-27.0;-218;;0;yes;2283
91;10:48:02;42.27;283.11;2190;1370;-30.8;-244;;0;yes;2297
91;10:48:15;43.41;281.87;2295;1336;-44.0;-341;;0;yes;2303
91;10:48:28;44.84;280.66;2426;1262;-52.8;-412;;0;yes;2303
91;10:48:41;46.25;279.52;2562;1177;-57.3;-446;;0;yes;2303
91;10:48:54;47.63;278.77;2702;1110;-58.1;-440;;0;yes;2303
91;10:49:07;46.59;287.13;2600;743;-56.7;-409;;0;yes;2306
91;10:49:19;47.73;286.91;2718;805;-52.4;-347;;0;yes;2306
91;10:49:32;49.03;285.74;2860;742;-45.4;-267;;0;yes;2308
91;10:49:45;51.06;285.59;3106;763;-36.6;-187;;0;yes;2315
91;10:49:58;52.62;285.38;3294;718;-25.2;-102;1142;0;yes;2308
91;10:50:11;54.26;285.97;3529;667;-24.8;-98;1037;0;yes;2315
91;10:50:26;55.75;286.61;3753;610;-26.2;-103;931;0;yes;2317
91;10:50:39;57.25;287.03;3922;566;-28.9;-115;;0;no;2322
91;10:50:54;58.15;286.3;4083;556;-40.6;-148;;0;no;2330
91;10:51:07;58.95;285.36;4251;529;-42.9;-152;;0;no;2334
91;10:51:20;59.57;284.55;4398;494;-43.7;-151;;0;no;2334
91;10:51:35;60.31;283.77;4553;499;-42.0;-140;;0;no;2340
91;10:51:48;61.11;283.02;4717;490;-37.3;-117;;0;no;2340
91;10:52:01;61.84;282.39;4862;482;-14.4;-33;;0;no;2340
91;10:52:14;62.39;281.65;5012;446;-13.0;-29;571;0;yes;2340
91;10:52:27;62.79;280.82;5100;411;-13.0;-29;527;0;yes;2341
91;10:52:40;63.46;280.35;5249;401;-13.0;-29;513;0;yes;2341
91;10:52:53;64.19;280.06;4816;370;-9.2;-20;;0;no;2341
91;10:53:06;64.8;279.54;4932;326;;;;0;no;2347
91;10:53:19;65.08;280.02;5028;156;;;;0;no;2341
92;10:31:25;68.12;37.46;6001;1786;;;1458;0;yes;2151
92;10:31:38;67.86;36.8;5930;1805;4.0;36;1463;0;yes;2154
92;10:31:51;67.55;36.19;5839;1812;6.2;55;1506;0;yes;2154
92;10:32:04;67.26;35.34;5757;1817;7.9;71;1533;0;yes;2154
92;10:32:17;66.96;34.56;5674;1829;26.2;242;1557;0;yes;2155
92;10:32:32;66.67;33.72;5596;1847;42.5;375;1615;0;yes;2155
92;10:32:45;66.33;32.76;5506;1887;53.3;455;1698;0;yes;2155
92;10:32:58;66.02;32.03;5427;1920;47.3;408;1766;0;yes;2155
92;10:33:10;66.96;33.85;5683;2488;27.1;250;2486;0;yes;2158
92;10:33:23;66.75;33.04;5641;2505;7.3;70;2491;0;yes;2163
92;10:33:38;66.56;32.46;5600;2502;-13.3;-150;2562;0;yes;2168
92;10:33:51;64.91;29.08;5203;1946;-29.4;-361;1941;0;yes;2176
92;10:34:04;64.5;28.43;5109;1899;-41.5;-555;1946;0;yes;2176
92;10:34:17;63.93;31.43;5020;1671;-40.8;-532;;0;no;2169
92;10:34:30;63.57;30.45;4945;1642;-36.8;-452;;0;no;2168
92;10:34:43;63.51;26.21;4875;1756;-39.4;-426;1977;0;yes;2169
92;10:34:56;63.28;25.15;4828;1709;-42.2;-420;2004;0;yes;2169
92;10:35:09;63.23;24.03;4816;1652;-47.1;-463;2026;0;yes;2169
92;10:35:22;63.11;22.76;4792;1630;-50.6;-484;2107;0;yes;2169
92;10:35:35;65.15;22.53;5247;1220;-53.1;-501;1588;0;yes;2169
92;10:35:48;65.26;21.39;5270;1166;-54.4;-499;1437;0;yes;2168
92;10:36:01;65.37;20.46;5295;1094;-55.0;-473;1475;0;yes;2168
92;10:36:14;65.46;19.51;5305;1011;-55.8;-431;1049;0;yes;2162
92;10:36:27;65.25;18.45;5253;977;-55.6;-358;1020;0;yes;2162
92;10:36:40;65.06;17.21;5222;906;-69.8;-433;970;0;yes;2168
92;10:36:55;65.35;15.75;5292;800;-85.3;-519;1012;0;yes;2168
92;10:37:08;65.78;14.64;5397;676;-91.3;-560;875;0;yes;2168
92;10:37:20;65.91;13.33;5431;575;-93.8;-565;782;0;yes;2168
92;10:37:33;67.04;13.84;5734;335;-95.5;-586;761;0;yes;2169
92;10:37:46;66.12;13.92;5488;146;-96.8;-593;156;0;yes;2169
92;10:37:59;65.9;12.58;5441;121;-97.5;-571;134;0;yes;2173
92;10:38:12;65.72;11.28;5395;92;;;104;0;yes;2173
93;10:31:38;61.68;71.5;4233;67;;;;0;no;2154
93;10:31:51;60.66;70.92;4292;92;145.7;57;102;0;yes;2154
93;10:32:04;59.58;70.19;4103;106;121.9;51;117;0;yes;2154
93;10:32:17;58.64;69.45;3941;128;103.5;46;149;0;yes;2155
93;10:32:32;57.75;68.9;3795;154;137.4;65;173;0;yes;2155
93;10:32:45;56.7;68.24;3631;158;196.6;101;184;0;yes;2155
93;10:32:58;55.75;67.77;3491;162;228.9;123;186;0;yes;2155
93;10:33:10;54.7;67.33;3349;164;234.0;134;189;0;yes;2158
93;10:33:23;53.58;72.03;3209;328;224.5;140;;1;no;2163
93;10:33:38;52.6;71.55;3092;327;229.9;151;;0;yes;2168
93;10:33:51;51.47;71.28;2967;325;208.6;153;;0;yes;2176
93;10:34:04;50.39;70.85;2843;332;158.8;143;;0;yes;2176
93;10:34:17;49.12;70.6;2698;356;89.4;113;;0;yes;2169
93;10:34:30;47.95;70.94;2577;400;61.1;92;;0;yes;2168
93;10:34:43;46.63;71.12;2449;430;54.8;86;;0;yes;2169
93;10:34:56;45.12;70.96;2310;451;39.5;66;;0;yes;2169
93;10:35:09;43.84;71.25;2198;455;18.3;34;;0;yes;2169
93;10:35:22;42.49;71.48;2086;471;2.0;4;;0;yes;2169
93;10:35:35;41.17;72.13;1982;456;-6.4;-14;;0;yes;2169
93;10:35:48;40.08;72.53;1898;439;-9.4;-22;;0;yes;2168
93;10:36:01;38.91;72.85;1812;423;-8.9;-20;;0;yes;2168
93;10:36:14;37.82;73.25;1731;399;-7.0;-16;;0;yes;2162
93;10:36:27;36.32;72.91;1630;412;-5.4;-12;;0;yes;2162
93;10:36:40;34.33;72.55;1506;428;-5.7;-12;;0;yes;2168
93;10:36:55;32.03;72.13;1367;434;-16.7;-35;;0;yes;2168
93;10:37:08;29.02;71.67;1203;442;-31.8;-69;;0;yes;2168
93;10:37:20;26.47;71.64;1080;420;-55.4;-125;;0;yes;2168
93;10:37:33;23.81;72.67;957;375;-62.9;-153;;0;yes;2169
93;10:37:46;21.26;73.56;844;283;-71.1;-189;;0;yes;2169
93;10:37:59;21.23;83.8;844;109;-78.5;-231;;0;no;2173
93;10:38:12;20.62;90.57;817;74;;;;0;yes;2173
94;10:32:04;57.26;100.29;2816;53;;;;0;no;2154
94;10:32:17;55.8;100.37;2708;174;;;;0;no;2155
94;10:32:32;54.4;101.15;2598;238;;;;0;no;2155
94;10:32:45;53.06;101.65;2472;334;;;;0;no;2155
94;10:32:58;51.86;102.27;2366;406;;;;0;no;2155
94;10:33:10;50.56;102.56;2261;475;;;;0;no;2158
94;10:33:23;47.65;101.76;2160;646;;;;0;no;2163
94;10:33:38;45.86;102.24;2067;676;38.9;145;;0;no;2168
94;10:33:51;42.72;101.84;2111;801;42.7;161;;0;yes;2176
94;10:34:04;40.65;102.38;1947;865;43.8;168;;0;yes;2176
94;10:34:17;38.96;103.2;1817;920;41.0;160;;0;yes;2169
94;10:34:30;37.22;104.16;1695;967;36.5;148;;0;yes;2168
94;10:34:43;35.38;104.6;1574;1024;29.9;127;;0;yes;2169
94;10:34:56;33.66;105.52;1465;1058;22.6;101;;0;yes;2169
94;10:35:09;32.44;106.99;1392;1071;15.0;70;;0;yes;2169
94;10:35:22;31.4;108.68;1331;1066;23.2;118;;0;yes;2169
94;10:35:35;29.9;110.41;1247;1059;31.9;164;;0;yes;2169
94;10:35:48;27.98;112.29;1152;1055;40.6;205;;0;yes;2168
94;10:36:01;25.92;115.02;1053;1047;47.1;233;;0;yes;2168
94;10:36:14;27.98;134.89;1149;1323;49.1;242;;0;yes;2162
94;10:36:27;26.98;141.5;1101;1357;45.9;231;;0;yes;2162
94;10:36:40;26.64;149.05;1088;1369;38.6;202;;0;yes;2168
94;10:36:55;26.21;156.39;1067;1378;27.9;157;;0;yes;2168
94;10:37:08;25.63;164.6;1040;1396;12.4;82;;0;yes;2168
94;10:37:20;25.54;171.55;1036;1402;11.8;79;;0;yes;2168
94;10:37:33;25.22;177.27;1022;1430;11.5;78;;0;yes;2169
94;10:37:46;27.62;178.6;1135;1469;10.1;69;;0;yes;2169
94;10:37:59;28.14;182.77;1162;1485;7.9;55;;0;yes;2173
94;10:38:12;29.4;186.88;1225;1472;4.4;31;;0;yes;2173
94;10:38:25;29.16;191.43;1214;1492;-0.6;-4;;0;yes;2175
94;10:38:38;29.21;195.65;1216;1497;-6.8;-50;;0;yes;2176
94;10:38:51;31.15;199.35;1321;1482;-12.9;-96;;0;yes;2176
94;10:39:04;33.37;202.0;1452;1453;-20.0;-153;;0;yes;2176
94;10:39:17;35.51;203.97;1593;1423;-27.7;-214;;0;yes;2184
94;10:39:30;37.52;205.43;1729;1359;-33.4;-261;;0;yes;2187
94;10:39:43;39.45;206.9;1868;1292;-38.7;-302;;0;yes;2188
94;10:39:56;40.66;207.66;1960;1211;-40.6;-310;;0;yes;2188
94;10:40:09;41.31;207.78;2013;1111;-40.2;-296;;0;yes;2191
94;10:40:22;42.43;208.95;2103;1066;-37.8;-264;;0;yes;2192
94;10:40:35;43.27;209.94;2174;984;-34.5;-225;;0;yes;2193
94;10:40:48;44.15;210.47;2249;945;-33.3;-202;;0;yes;2193
94;10:41:01;45.5;209.2;2370;890;-30.6;-172;;0;yes;2193
94;10:41:14;45.59;207.46;2479;945;-28.0;-150;;0;no;2192
94;10:41:27;46.34;208.35;2589;921;-26.6;-135;;0;no;2192
94;10:41:40;47.42;209.69;2699;899;-28.6;-142;;0;no;2193
94;10:41:53;48.58;211.39;2807;890;-31.2;-151;;0;no;2193
94;10:42:06;50.84;216.55;2919;806;-29.5;-137;;0;yes;2194
94;10:42:19;50.78;214.19;3062;963;-27.7;-123;;0;no;2197
94;10:42:32;51.81;215.81;3200;946;-25.7;-108;;0;no;2199
94;10:42:45;54.19;221.23;3352;717;-29.0;-121;832;0;yes;2205
94;10:42:58;55.09;222.35;3486;668;-29.0;-118;794;0;yes;2211
94;10:43:10;56.04;223.15;3645;640;-25.8;-99;769;0;yes;2223
94;10:43:23;55.37;220.1;3554;853;-22.7;-82;1289;0;yes;2228
94;10:43:36;57.91;225.6;3954;596;-20.5;-72;726;0;yes;2230
94;10:43:49;58.74;226.82;4100;588;-22.4;-79;708;0;yes;2232
94;10:44:02;59.57;227.95;4250;573;-19.8;-68;693;0;yes;2232
94;10:44:15;57.19;222.43;4123;897;-15.5;-51;;1;no;2235
94;10:44:28;60.82;234.07;4263;182;;;;0;no;2250
94;10:44:43;61.43;235.04;4389;36;;;;0;no;2252
95;10:32:17;70.6;167.45;6854;84;;;75;0;yes;2155
95;10:32:32;70.64;168.87;6871;124;96.2;51;118;0;yes;2155
95;10:32:45;70.66;170.48;6875;152;103.4;57;139;0;yes;2155
95;10:32:58;70.64;171.86;6870;165;104.2;60;139;0;yes;2155
95;10:33:10;70.63;173.18;6875;173;119.3;72;130;0;yes;2158
95;10:33:23;70.61;174.5;6884;178;118.7;78;132;0;yes;2163
95;10:33:38;70.62;175.17;6906;208;128.5;90;136;0;yes;2168
95;10:33:51;70.56;176.33;6904;221;141.7;105;164;0;yes;2176
95;10:34:04;70.4;176.81;6842;269;148.9;117;210;0;yes;2176
95;10:34:17;70.21;176.6;6751;268;144.9;123;199;0;yes;2169
95;10:34:30;70.24;177.77;6761;312;123.6;120;229;0;yes;2168
95;10:34:43;70.27;179.04;6776;347;102.3;112;261;0;yes;2169
95;10:34:56;70.32;180.24;6792;368;74.9;95;273;0;yes;2169
95;10:35:09;70.35;181.47;6803;387;61.2;84;297;0;yes;2169
95;10:35:22;70.39;182.68;6819;405;38.8;61;319;0;yes;2169
95;10:35:35;70.42;183.85;6830;409;25.0;44;323;0;yes;2169
95;10:35:48;70.44;185.11;6836;425;17.3;32;399;0;yes;2168
95;10:36:01;70.55;186.21;6876;424;14.3;28;361;0;yes;2168
95;10:36:14;70.66;187.25;6899;416;12.3;25;349;0;yes;2162
95;10:36:27;70.75;188.37;6936;425;11.7;24;375;0;yes;2162
95;10:36:40;70.86;189.52;6994;430;9.6;20;384;0;yes;2168
95;10:36:55;70.84;190.33;6987;463;3.0;7;389;0;yes;2168
95;10:37:08;70.87;191.52;7001;464;-7.7;-16;398;0;yes;2168
95;10:37:20;70.96;192.52;7039;449;-32.8;-70;412;0;yes;2168
95;10:37:33;71.03;193.58;7070;445;-50.9;-120;431;0;yes;2169
95;10:37:46;71.11;194.62;7101;414;-63.5;-163;406;0;yes;2169
95;10:37:59;71.18;195.67;7140;372;-69.8;-184;381;0;yes;2173
95;10:38:12;71.71;197.43;7366;257;-74.0;-204;231;0;yes;2173
95;10:38:25;71.84;198.46;7429;204;-77.6;-221;181;0;yes;2175
95;10:38:38;71.94;199.2;7474;166;-79.2;-222;161;0;yes;2176
95;10:38:51;72.24;200.05;7372;95;;;;0;no;2176
96;10:32:17;64.65;182.35;5452;44;;;;0;no;2155
96;10:32:32;64.82;184.08;5451;59;;;;0;no;2155
96;10:32:45;65.07;185.91;5464;77;38.2;18;;0;no;2155
96;10:32:58;65.38;187.13;5267;98;38.2;18;83;0;yes;2155
96;10:33:10;65.63;188.12;5335;126;38.2;18;119;0;yes;2158
96;10:33:23;66.38;188.81;5540;182;287.9;142;;1;no;2163
96;10:33:38;66.59;189.97;5611;225;426.7;184;;1;no;2168
96;10:33:51;66.5;191.45;5604;268;508.7;202;;1;no;2176
96;10:34:04;66.51;192.73;5605;301;512.1;207;;1;no;2176
96;10:34:17;66.54;194.08;5599;329;438.4;198;;1;no;2169
96;10:34:30;66.6;195.34;5613;354;278.9;174;;1;no;2168
96;10:34:43;66.6;196.53;5615;383;44.3;78;413;0;yes;2169
96;10:34:56;66.62;197.74;5620;398;44.3;80;424;0;yes;2169
96;10:35:09;66.81;198.95;5671;426;42.9;78;441;0;yes;2169
96;10:35:22;67.04;200.38;5735;470;43.7;82;460;0;yes;2169
96;10:35:35;67.17;201.57;5771;479;40.5;79;463;0;yes;2169
96;10:35:48;67.37;202.72;5825;494;34.8;71;493;0;yes;2168
96;10:36:01;67.54;203.81;5873;505;28.1;61;530;0;yes;2168
96;10:36:14;67.7;204.9;5905;522;20.7;48;551;0;yes;2162
96;10:36:27;67.76;205.87;5922;525;18.0;43;563;0;yes;2162
96;10:36:40;67.87;206.87;5970;535;14.2;35;576;0;yes;2168
96;10:36:55;68.04;207.96;6020;547;7.7;20;577;0;yes;2168
96;10:37:08;68.18;209.27;6063;553;-1.8;-4;569;0;yes;2168
96;10:37:20;68.35;210.36;6119;555;-9.1;-24;558;0;yes;2168
96;10:37:33;68.53;211.42;6177;554;-14.7;-41;548;0;yes;2169
96;10:37:46;68.65;212.48;6214;528;-18.0;-51;510;0;yes;2169
96;10:37:59;68.75;213.51;6260;493;-18.4;-52;466;0;yes;2173
96;10:38:12;69.0;214.52;6339;485;-16.5;-46;456;0;yes;2173
96;10:38:25;69.25;215.47;6430;480;-13.2;-36;447;0;yes;2175
96;10:38:38;69.53;216.47;6526;483;-7.9;-20;447;0;yes;2176
96;10:38:51;69.8;217.41;6623;483;-5.3;-13;450;0;yes;2176
96;10:39:04;70.04;218.4;6710;477;-6.5;-16;443;0;yes;2176
96;10:39:17;70.24;219.43;6807;481;-8.6;-21;448;0;yes;2184
96;10:39:30;70.33;220.57;6851;476;-10.0;-24;453;0;yes;2187
96;10:39:43;70.42;221.78;6890;461;-10.1;-25;453;0;yes;2188
96;10:39:56;70.49;222.97;6916;444;-10.9;-27;448;0;yes;2188
96;10:40:09;70.65;223.9;6988;447;-11.1;-27;454;0;yes;2191
96;10:40:22;70.19;225.84;7051;319;-21.3;-51;;0;no;2192
96;10:40:35;70.44;226.54;7119;351;-23.0;-54;;0;no;2193
96;10:40:48;70.68;227.14;7180;366;-23.5;-55;;0;no;2193
96;10:41:01;70.94;227.71;7246;377;-23.2;-54;;0;no;2193
96;10:41:14;71.19;228.31;7309;382;-22.1;-51;;0;no;2192
96;10:41:27;71.48;228.91;7376;386;-19.9;-45;;0;no;2192
96;10:41:40;71.74;229.38;7445;375;-16.6;-32;292;0;yes;2193
96;10:41:53;72.04;229.81;7580;377;-23.0;-45;294;0;yes;2193
96;10:42:06;72.36;230.22;7729;369;-28.0;-55;289;0;yes;2194
96;10:42:19;72.7;230.69;7901;357;-35.7;-71;278;0;yes;2197
96;10:42:32;72.96;231.28;8038;325;-42.0;-85;249;0;yes;2199
96;10:42:45;73.24;231.83;8202;281;-45.8;-94;216;0;yes;2205
96;10:42:58;73.51;232.24;8367;242;-49.3;-103;178;0;yes;2211
96;10:43:10;73.82;232.75;8341;194;-51.2;-106;;0;no;2223
96;10:43:23;74.18;233.16;8447;158;;;;0;no;2228
97;10:32:17;74.94;188.56;8970;74;;;;0;no;2155
97;10:32:32;74.93;189.43;8965;120;162.6;95;76;0;yes;2155
97;10:32:45;74.99;190.52;9002;174;144.3;91;119;0;yes;2155
97;10:32:58;75.05;191.44;9039;208;129.9;88;153;0;yes;2155
97;10:33:10;75.1;192.3;9085;233;111.7;81;175;0;yes;2158
97;10:33:23;75.14;193.18;9134;252;80.6;68;193;0;yes;2163
97;10:33:38;75.23;194.02;9212;269;53.4;51;202;0;yes;2168
97;10:33:51;75.35;194.97;9318;285;27.9;30;219;0;yes;2176
97;10:34:04;75.44;195.82;9379;286;6.3;8;219;0;yes;2176
97;10:34:17;75.53;196.67;9413;284;-9.6;-13;210;0;yes;2169
97;10:34:30;75.62;197.4;9474;271;-22.7;-33;188;0;yes;2168
97;10:34:43;75.72;198.17;9544;260;-31.6;-47;170;0;yes;2169
97;10:34:56;75.83;198.9;9626;250;-37.1;-56;171;0;yes;2169
97;10:35:09;75.93;199.64;9695;238;-41.2;-61;172;0;yes;2169
97;10:35:22;76.03;200.29;9769;220;-42.5;-62;171;0;yes;2169
97;10:35:35;76.11;201.11;9828;192;-44.4;-64;155;0;yes;2169
97;10:35:48;76.23;201.85;9912;166;-46.4;-66;141;0;yes;2168
97;10:36:01;76.15;202.85;9847;80;;;;0;no;2168
98;10:32:32;75.94;61.76;8652;146;;;;0;no;2155
98;10:32:45;75.58;61.39;8541;293;;;;0;no;2155
98;10:32:58;74.37;59.57;8628;804;;;;1;no;2155
98;10:33:10;74.22;59.21;8550;846;23.4;97;;1;no;2158
98;10:33:23;74.06;58.74;8483;870;27.5;115;651;0;yes;2163
98;10:33:38;73.87;58.42;8400;910;31.4;132;663;0;yes;2168
98;10:33:51;73.71;58.16;8337;947;34.8;148;711;0;yes;2176
98;10:34:04;73.53;57.7;8243;984;39.9;172;763;0;yes;2176
98;10:34:17;73.36;56.99;8128;1033;44.4;194;805;0;yes;2169
98;10:34:30;73.19;56.45;8037;1085;47.8;212;768;0;yes;2168
98;10:34:43;72.96;55.97;7927;1138;48.0;221;808;0;yes;2169
98;10:34:56;72.72;55.43;7808;1189;44.1;212;858;0;yes;2169
98;10:35:09;72.46;54.89;7686;1232;38.3;195;891;0;yes;2169
98;10:35:22;72.17;54.33;7554;1277;31.9;172;933;0;yes;2169
98;10:35:35;71.9;53.86;7433;1319;25.9;147;994;0;yes;2169
98;10:35:48;71.63;53.36;7313;1361;22.8;133;1054;0;yes;2168
98;10:36:01;71.31;52.82;7176;1393;19.9;120;1128;0;yes;2168
98;10:36:14;70.77;45.46;7053;1784;58.0;368;;1;no;2162
98;10:36:27;70.5;44.91;6955;1802;71.9;446;;1;no;2162
98;10:36:40;70.29;44.63;6877;1851;76.4;471;;1;no;2168
98;10:36:55;70.08;44.47;6780;1879;74.2;463;;1;no;2168
98;10:37:08;69.8;44.17;6674;1903;65.3;422;;0;no;2168
98;10:37:20;69.7;44.47;6585;1984;45.7;318;;0;no;2168
98;10:37:33;69.51;44.61;6500;2004;3.2;32;1660;0;yes;2169
98;10:37:46;69.26;44.47;6418;2000;3.6;36;1719;0;yes;2169
98;10:37:59;69.01;44.14;6344;2017;4.1;41;1773;0;yes;2173
98;10:38:12;68.74;43.69;6255;2021;5.2;51;1794;0;yes;2173
98;10:38:25;68.45;42.99;6168;2052;5.9;59;1798;0;yes;2175
98;10:38:38;68.16;42.52;6080;2053;6.3;63;1837;0;yes;2176
98;10:38:51;67.85;41.97;5986;2071;12.0;121;1919;0;yes;2176
98;10:39:04;67.57;41.62;5903;2090;17.3;173;2015;0;yes;2176
98;10:39:17;67.32;41.5;5854;2102;21.5;215;2113;0;yes;2184
98;10:39:30;67.01;41.63;5772;2114;25.1;250;2176;0;yes;2187
98;10:39:43;66.97;43.94;5766;2306;25.4;255;2340;0;yes;2188
98;10:39:56;66.68;43.94;5685;2355;23.4;238;2430;0;yes;2188
98;10:40:09;66.42;43.79;5622;2402;18.9;197;2497;0;yes;2191
98;10:40:22;66.13;43.43;5548;2432;12.2;132;2533;0;yes;2192
98;10:40:35;65.91;43.22;5495;2433;3.8;44;2508;0;yes;2193
98;10:40:48;65.7;43.14;5441;2449;-0.1;-1;2528;0;yes;2193
98;10:41:01;65.66;43.25;5430;2411;-2.6;-31;2587;0;yes;2193
98;10:41:14;65.55;43.27;5399;2422;-3.7;-45;2667;0;yes;2192
98;10:41:27;65.4;43.37;5361;2396;-3.4;-41;2834;0;yes;2192
98;10:41:40;65.15;43.17;5304;2351;-2.7;-33;2969;0;yes;2193
98;10:41:53;64.85;43.01;5231;2332;-1.8;-22;;0;yes;2193
98;10:42:06;64.59;42.78;5173;2370;-1.1;-13;2660;0;yes;2194
98;10:42:19;64.28;42.43;5107;2390;-0.5;-6;2726;0;yes;2197
98;10:42:32;63.91;42.14;5030;2404;-0.2;-3;2817;0;yes;2199
98;10:42:45;63.56;42.02;4966;2382;-0.9;-11;2919;0;yes;2205
98;10:42:58;63.29;42.0;4922;2370;-1.5;-18;;0;yes;2211
98;10:43:10;63.04;41.96;4895;2369;-2.3;-27;;0;yes;2223
98;10:43:23;62.69;41.81;4833;2349;-2.8;-33;;0;yes;2228
98;10:43:36;62.31;41.42;4760;2350;-2.9;-35;;0;yes;2230
98;10:43:49;62.02;41.05;4704;2361;-2.6;-31;;0;yes;2232
98;10:44:02;61.66;40.63;4635;2323;-2.7;-32;2522;0;yes;2232
98;10:44:15;61.22;40.09;4556;2324;-2.6;-30;2647;0;yes;2235
98;10:44:28;61.78;47.57;4348;3102;-2.4;-28;;1;no;2250
98;10:44:43;61.33;47.42;4105;3119;;;;1;no;2252
98;10:44:57;57.12;36.43;3861;387;;;;1;no;2252
98;10:45:10;54.92;35.25;4275;289;;;;1;no;2272
98;10:45:25;52.02;33.3;4214;200;;;;0;no;2272
99;10:32:32;62.6;188.62;4655;57;;;59;0;yes;2155
99;10:32:45;62.8;190.68;4695;76;86.9;28;78;0;yes;2155
99;10:32:58;62.94;192.4;4725;84;84.8;28;87;0;yes;2155
99;10:33:10;63.03;193.98;4750;97;85.7;30;106;0;yes;2158
99;10:33:23;63.17;195.57;4790;104;81.3;29;110;0;yes;2163
99;10:33:38;63.15;196.7;4797;101;71.5;28;90;0;yes;2168
99;10:33:51;63.4;198.42;4865;113;56.4;24;104;0;yes;2176
99;10:34:04;63.71;199.91;4933;122;35.5;17;116;0;yes;2176
99;10:34:17;64.05;201.41;4992;125;18.3;9;123;0;yes;2169
99;10:34:30;64.41;202.78;5072;129;-4.6;-2;122;0;yes;2168
99;10:34:43;64.81;204.09;5165;131;-26.2;-16;125;0;yes;2169
99;10:34:56;65.17;205.44;5251;121;-41.9;-28;114;0;yes;2169
99;10:35:09;65.55;206.62;5343;111;-48.3;-34;108;0;yes;2169
99;10:35:22;66.0;207.82;5456;97;-54.4;-40;91;0;yes;2169
99;10:35:35;66.37;208.94;5554;77;-60.5;-47;74;0;yes;2169
99;10:35:48;66.82;209.6;5673;52;;;53;0;yes;2168
100;10:33:10;52.53;299.96;3438;127;;;;0;no;2158
100;10:33:23;55.73;298.07;3502;344;;;;1;no;2163
100;10:33:38;56.54;296.36;3629;375;;;;1;no;2168
100;10:33:51;57.43;294.35;3780;392;;;;1;no;2176
100;10:34:04;58.27;292.77;3917;398;;;;1;no;2176
100;10:34:17;59.03;291.29;4034;409;;;;1;no;2169
100;10:34:30;59.71;290.06;4154;398;-20.3;-43;;1;no;2168
100;10:34:43;60.52;288.84;4299;400;-23.8;-50;519;0;yes;2169
100;10:34:56;61.42;287.86;4461;385;-36.0;-75;503;0;yes;2169
100;10:35:09;62.21;286.93;4610;358;-43.5;-91;466;0;yes;2169
100;10:35:22;62.92;286.07;4752;358;-58.8;-124;440;0;yes;2169
100;10:35:35;63.57;285.15;4888;331;-66.3;-143;405;0;yes;2169
100;10:35:48;64.07;284.57;4994;262;-69.0;-147;311;0;yes;2168
100;10:36:01;64.41;283.85;5071;233;-68.7;-140;278;0;yes;2168
100;10:36:14;64.52;282.61;5081;164;-70.4;-143;124;0;yes;2162
100;10:36:27;65.1;281.62;5218;161;-68.9;-129;127;0;yes;2162
100;10:36:40;65.71;280.79;5380;147;-62.0;-97;124;0;yes;2168
100;10:36:55;66.38;280.26;5551;87;;;;0;no;2168
101;10:33:23;77.84;40.75;11241;119;;;;0;yes;2163
101;10:33:38;77.78;40.45;11216;164;65.1;48;;0;yes;2168
101;10:33:51;77.7;39.95;11174;203;23.5;20;;0;yes;2176
101;10:34:04;77.55;39.55;11035;216;-1.9;-1;197;0;yes;2176
101;10:34:17;77.24;38.84;10732;239;-11.8;-11;239;0;yes;2169
101;10:34:30;77.06;38.55;10571;223;-28.2;-30;240;0;yes;2168
101;10:34:43;77.01;38.44;10529;178;-35.6;-40;217;0;yes;2169
101;10:34:56;76.7;37.88;10280;155;-40.7;-47;171;0;yes;2169
101;10:35:09;76.48;37.41;10102;158;-40.1;-45;170;0;yes;2169
101;10:35:22;76.28;36.91;9948;141;-41.1;-42;136;0;yes;2169
101;10:35:35;76.24;36.2;9925;181;-44.1;-39;175;0;yes;2169
101;10:35:48;76.09;35.54;9810;180;-48.4;-42;195;0;yes;2168
101;10:36:01;76.19;34.93;9876;138;-53.3;-47;124;0;yes;2168
101;10:36:14;76.07;34.24;9767;118;-55.5;-48;137;0;yes;2162
101;10:36:27;76.01;33.89;9722;95;-57.4;-49;76;0;yes;2162
101;10:36:40;75.9;33.37;9664;95;-56.4;-46;68;0;yes;2168
101;10:36:55;75.72;32.88;9541;85;-56.1;-44;63;0;yes;2168
101;10:37:08;75.47;32.5;9368;64;;;52;0;yes;2168
102;10:33:51;49.91;32.82;2791;632;;;;0;yes;2176
102;10:34:04;49.2;30.62;2713;630;-10.6;-34;;0;yes;2176
102;10:34:17;48.63;28.17;2646;618;-9.6;-31;;0;yes;2169
102;10:34:30;48.06;25.33;2587;600;-8.5;-27;;0;yes;2168
102;10:34:43;47.09;22.81;2493;610;-7.2;-23;;0;yes;2169
102;10:34:56;45.95;20.12;2385;570;-4.9;-15;;0;yes;2169
102;10:35:09;45.05;17.32;2304;586;-2.0;-6;;0;yes;2169
102;10:35:22;44.33;14.39;2240;594;1.9;6;;0;yes;2169
102;10:35:35;43.7;11.22;2186;595;4.8;14;;0;yes;2169
102;10:35:48;43.02;8.06;2129;601;6.3;19;;0;yes;2168
102;10:36:01;42.35;4.87;2074;607;4.8;14;;0;yes;2168
102;10:36:14;41.95;1.66;2036;620;0.1;1;;0;yes;2162
102;10:36:27;41.78;358.45;2023;627;-7.4;-22;;0;yes;2162
102;10:36:40;41.69;355.24;2021;619;-14.6;-45;;0;yes;2168
102;10:36:55;41.64;352.14;2018;605;-23.4;-74;;0;yes;2168
102;10:37:08;41.64;349.26;2017;577;-32.5;-106;;0;yes;2168
102;10:37:20;41.55;346.77;2010;541;-41.2;-136;;0;yes;2168
102;10:37:33;41.51;343.7;2008;526;-47.2;-155;;0;yes;2169
102;10:37:46;41.41;341.24;2001;480;-51.9;-167;;0;yes;2169
102;10:37:59;41.27;338.7;1993;437;-54.9;-169;;0;yes;2173
102;10:38:12;41.04;335.98;1975;387;-59.1;-173;;0;yes;2173
102;10:38:25;41.17;332.48;1987;363;-62.6;-174;;0;yes;2175
102;10:38:38;41.38;328.93;2004;327;-64.6;-164;;0;yes;2176
102;10:38:51;41.69;325.57;2029;295;-65.5;-159;;0;yes;2176
102;10:39:04;42.15;322.51;2065;248;-66.5;-154;;0;yes;2176
102;10:39:17;42.55;318.89;2105;195;-69.1;-159;;0;yes;2184
102;10:39:30;42.99;314.33;2145;132;;;;0;yes;2187
103;10:33:51;72.1;42.57;7543;1182;;;862;0;yes;2176
103;10:34:04;71.96;42.03;7480;1183;-2.6;-16;864;0;yes;2176
103;10:34:17;71.84;41.3;7407;1182;-4.0;-24;880;0;yes;2169
103;10:34:30;71.7;40.55;7344;1176;-4.4;-26;917;0;yes;2168
103;10:34:43;71.6;39.68;7304;1168;-4.4;-26;927;0;yes;2169
103;10:34:56;71.46;38.87;7244;1167;-4.6;-27;903;0;yes;2169
103;10:35:09;71.46;37.86;7244;1143;-4.5;-26;884;0;yes;2169
103;10:35:22;71.38;37.08;7213;1148;-4.3;-26;858;0;yes;2169
103;10:35:35;71.3;36.54;7176;1139;-4.0;-23;877;0;yes;2169
103;10:35:48;71.16;35.96;7124;1133;-3.6;-21;;0;no;2168
103;10:36:01;71.09;35.6;7089;1105;;;;0;no;2168
103;10:36:14;70.73;45.26;7040;1760;;;;1;no;2162
103;10:36:27;70.49;44.91;7015;1797;;;;1;no;2162
103;10:36:40;73.21;37.87;7008;106;;;;1;no;2168
103;10:36:55;73.27;37.26;6982;75;;;;1;no;2168
104;10:33:51;77.87;115.64;13222;517;;;;0;no;2176
104;10:34:04;77.74;115.99;13091;523;;;;0;no;2176
104;10:34:17;77.58;116.31;12923;520;;;;0;no;2169
104;10:34:30;77.46;116.67;12787;520;;;;0;no;2168
104;10:34:43;77.33;117.08;12660;528;;;;0;no;2169
104;10:34:56;77.2;117.4;12526;530;;;;0;no;2169
104;10:35:09;77.1;117.7;12395;523;;;;0;no;2169
104;10:35:22;77.05;118.08;12264;522;;;;0;no;2169
104;10:35:35;77.11;118.43;12134;565;;;;0;no;2169
104;10:35:48;77.09;118.81;11999;569;;;;0;no;2168
104;10:36:01;77.14;119.43;11867;615;;;;0;no;2168
104;10:36:14;78.19;121.02;11578;1073;;;;1;no;2162
104;10:36:27;78.11;121.44;11499;1112;;;;1;no;2162
104;10:36:40;78.0;121.88;11427;1121;;;;1;no;2168
104;10:36:55;77.83;122.19;11261;1148;;;;1;no;2168
104;10:37:08;77.65;122.61;11094;1199;;;;1;no;2168
104;10:37:20;77.46;123.0;10922;1234;16.4;103;;1;no;2168
104;10:37:33;77.3;123.38;10783;1307;18.5;116;;0;yes;2169
104;10:37:46;77.13;123.83;10662;1342;20.0;126;;0;no;2169
104;10:37:59;76.99;124.25;10562;1360;19.8;126;;0;no;2173
104;10:38:12;76.88;124.71;10443;1381;19.9;127;;0;yes;2173
104;10:38:25;76.76;125.13;10353;1409;17.9;116;;0;yes;2175
104;10:38:38;76.83;125.11;10411;1484;13.5;90;;0;yes;2176
104;10:38:51;76.76;125.37;10352;1503;9.3;65;;0;yes;2176
104;10:39:04;76.72;125.66;10326;1494;5.7;40;;0;yes;2176
104;10:39:17;76.68;125.96;10331;1506;2.6;19;;0;yes;2184
104;10:39:30;76.64;126.35;10311;1494;0.8;6;;0;yes;2187
104;10:39:43;76.52;126.65;10221;1498;0.3;2;;0;yes;2188
104;10:39:56;76.42;126.98;10094;1525;0.2;2;;0;no;2188
104;10:40:09;76.28;127.31;9981;1512;;;;0;no;2191
104;10:40:22;76.1;127.62;9859;1486;;;;0;no;2192
104;10:40:35;75.94;128.12;9741;1496;;;;0;no;2193
104;10:40:48;75.78;128.72;9617;1489;;;;0;no;2193
104;10:41:01;75.65;129.23;9495;1498;;;;0;no;2193
104;10:41:14;75.53;129.76;9367;1504;;;;0;no;2192
104;10:41:27;75.41;130.25;9247;1502;;;;0;no;2192
104;10:41:40;75.29;130.72;9132;1508;;;;0;no;2193
104;10:41:53;75.15;131.16;9010;1500;;;;0;no;2193
104;10:42:06;74.95;131.72;8896;1473;;;;0;no;2194
104;10:42:19;74.8;132.23;8788;1463;;;;0;no;2197
104;10:42:32;74.67;132.74;8678;1454;;;;0;no;2199
104;10:42:45;74.6;133.15;8584;1453;;;;0;no;2205
104;10:42:58;74.48;133.6;8498;1427;;;;0;no;2211
104;10:43:10;74.41;133.99;8433;1440;;;;0;no;2223
104;10:43:23;74.3;134.4;8333;1429;;;;0;no;2228
104;10:43:36;74.15;134.8;8218;1380;;;;0;no;2230
104;10:43:49;73.91;135.27;8114;1312;;;;0;no;2232
104;10:44:02;73.67;136.0;8000;1216;;;;0;no;2232
104;10:44:15;72.73;137.97;7893;999;;;;0;no;2235
104;10:44:28;72.48;138.51;7835;982;;;;0;no;2250
104;10:44:43;72.11;139.29;7727;961;;;;0;no;2252
104;10:44:57;71.81;140.12;7617;949;;;;0;no;2252
104;10:45:10;71.54;140.86;7576;962;-9.0;-44;;0;no;2272
104;10:45:25;71.2;141.59;7473;955;-10.1;-49;1010;0;yes;2272
104;10:45:38;70.68;142.42;7257;949;-10.4;-51;1031;0;yes;2272
104;10:45:51;70.11;143.04;7033;929;-10.5;-51;1027;0;yes;2272
104;10:46:04;69.55;143.78;6830;902;-11.1;-54;1014;0;yes;2274
104;10:46:17;69.01;144.76;6638;892;-10.8;-52;1011;0;yes;2274
104;10:46:30;68.52;145.84;6493;884;-9.3;-44;979;0;yes;2281
104;10:46:43;68.07;146.95;6343;867;-8.3;-39;976;0;yes;2281
104;10:46:56;67.61;148.05;6201;865;-6.5;-30;972;0;yes;2281
104;10:47:09;67.26;149.13;6121;882;-5.8;-26;;0;no;2283
104;10:47:22;66.93;150.33;6037;906;;;;0;no;2283
104;10:47:36;66.59;151.51;5955;924;;;;0;no;2283
104;10:47:49;66.31;152.86;5877;951;;;;0;no;2283
104;10:48:02;65.96;154.32;5837;949;;;;0;no;2297
104;10:48:15;65.56;155.69;5781;940;;;;0;no;2303
104;10:48:28;65.19;157.11;5712;916;;;;0;no;2303
104;10:48:41;64.84;158.57;5646;882;;;;0;no;2303
104;10:48:54;64.55;160.04;5582;862;;;;0;no;2303
104;10:49:07;64.28;161.44;5532;823;;;;0;no;2306
104;10:49:19;64.09;162.82;5478;809;;;;0;no;2306
104;10:49:32;63.9;164.19;5430;782;;;;0;no;2308
104;10:49:45;63.81;165.78;5398;774;;;;0;no;2315
104;10:49:58;63.78;167.36;5335;765;;;;0;no;2308
104;10:50:11;63.77;168.8;5312;745;-16.2;-60;;0;no;2315
104;10:50:26;63.82;170.19;5277;720;-15.8;-58;904;0;yes;2317
104;10:50:39;63.9;171.79;5309;689;-14.9;-54;916;0;yes;2322
104;10:50:54;64.03;173.15;5359;669;-15.6;-56;917;0;yes;2330
104;10:51:07;64.13;174.67;5390;645;-16.3;-58;690;0;yes;2334
104;10:51:20;64.08;175.32;5377;641;-16.5;-58;591;0;yes;2334
104;10:51:35;64.05;176.68;5385;635;-16.8;-58;565;0;yes;2340
104;10:51:48;64.04;178.32;5383;610;-17.4;-58;543;0;yes;2340
104;10:52:01;64.09;179.76;5397;594;-17.3;-57;539;0;yes;2340
104;10:52:14;64.18;181.12;5418;590;-18.2;-59;550;0;yes;2340
104;10:52:27;64.32;182.43;5452;578;-18.4;-59;560;0;yes;2341
104;10:52:40;64.47;183.73;5490;561;-17.3;-54;517;0;yes;2341
104;10:52:53;64.65;185.08;5535;539;-17.4;-54;514;0;yes;2341
104;10:53:06;64.84;186.39;5597;510;;;493;0;yes;2347
105;10:34:04;65.49;180.0;5343;119;;;;0;no;2176
105;10:34:17;65.41;181.5;5308;189;128.5;113;165;0;yes;2169
105;10:34:30;65.28;183.08;5275;243;128.1;119;242;0;yes;2168
105;10:34:43;65.07;184.53;5228;294;121.7;119;314;0;yes;2169
105;10:34:56;65.08;186.15;5230;318;116.9;121;338;0;yes;2169
105;10:35:09;65.05;187.55;5222;337;109.0;126;345;0;yes;2169
105;10:35:22;65.14;188.81;5243;377;102.8;131;367;0;yes;2169
105;10:35:35;65.21;190.11;5260;397;96.5;134;369;0;yes;2169
105;10:35:48;65.34;191.41;5289;427;88.3;134;391;0;yes;2168
105;10:36:01;65.51;192.59;5330;467;76.0;126;399;0;yes;2168
105;10:36:14;65.63;193.74;5345;494;58.9;108;433;0;yes;2162
105;10:36:27;65.7;194.77;5362;520;45.7;91;458;0;yes;2162
105;10:36:40;65.75;195.82;5390;538;31.3;68;500;0;yes;2168
105;10:36:55;65.91;197.07;5430;551;17.6;42;535;0;yes;2168
105;10:37:08;66.05;198.6;5466;552;7.5;19;560;0;yes;2168
105;10:37:20;66.18;199.77;5500;551;-2.8;-8;559;0;yes;2168
105;10:37:33;66.36;200.97;5551;551;-11.7;-32;557;0;yes;2169
105;10:37:46;66.52;202.15;5593;541;-16.7;-47;557;0;yes;2169
105;10:37:59;66.66;203.26;5642;532;-18.4;-52;527;0;yes;2173
105;10:38:12;66.73;204.16;5660;504;-18.6;-53;468;0;yes;2173
105;10:38:25;66.78;205.01;5678;480;-17.1;-48;425;0;yes;2175
105;10:38:38;66.89;206.12;5711;475;-14.5;-39;430;0;yes;2176
105;10:38:51;67.08;207.18;5762;481;-11.7;-31;443;0;yes;2176
105;10:39:04;67.27;208.33;5815;476;-9.8;-24;449;0;yes;2176
105;10:39:17;67.48;209.41;5899;480;-11.9;-29;461;0;yes;2184
105;10:39:30;67.67;210.4;5961;470;-17.5;-43;465;0;yes;2187
105;10:39:43;67.91;211.42;6039;462;-38.1;-92;476;0;yes;2188
105;10:39:56;68.1;212.37;6097;445;-59.2;-150;480;0;yes;2188
105;10:40:09;68.16;213.12;6123;402;-71.4;-193;428;0;yes;2191
105;10:40:22;68.56;212.66;6251;269;-78.8;-221;239;0;yes;2192
105;10:40:35;67.78;212.81;6341;315;-81.2;-225;;0;no;2193
105;10:40:48;68.17;209.94;6426;632;-82.6;-215;;1;no;2193
105;10:41:01;69.34;215.47;6516;188;-83.7;-213;173;0;yes;2193
105;10:41:14;69.67;216.52;6625;166;-83.0;-193;150;0;yes;2192
105;10:41:27;69.89;217.49;6703;114;-75.5;-124;98;0;yes;2192
105;10:41:40;70.2;218.42;6823;82;;;74;0;yes;2193
106;10:34:04;75.97;328.48;9750;96;;;;0;no;2176
106;10:34:17;76.03;327.59;9767;187;141.6;112;129;0;yes;2169
106;10:34:30;76.06;326.86;9787;211;158.8;128;172;0;yes;2168
106;10:34:43;76.07;326.2;9794;243;155.5;131;227;0;yes;2169
106;10:34:56;76.1;325.51;9814;279;147.6;131;260;0;yes;2169
106;10:35:09;76.18;324.92;9880;325;140.2;134;318;0;yes;2169
106;10:35:22;76.23;324.28;9917;365;117.4;125;351;0;yes;2169
106;10:35:35;76.28;323.62;9950;384;87.4;106;351;0;yes;2169
106;10:35:48;76.29;322.92;9957;407;52.5;76;360;0;yes;2168
106;10:36:01;76.29;322.27;9952;424;25.0;42;384;0;yes;2168
106;10:36:14;76.27;321.65;9909;421;8.2;15;397;0;yes;2162
106;10:36:27;76.21;321.01;9867;423;0.5;1;382;0;yes;2162
106;10:36:40;76.06;320.62;9784;392;-4.6;-10;331;0;yes;2168
106;10:36:55;75.97;320.15;9783;375;10.5;25;;0;no;2168
106;10:37:08;76.07;319.49;9790;404;28.2;60;296;0;yes;2168
106;10:37:20;76.11;318.87;9835;423;45.6;90;;0;no;2168
106;10:37:33;76.17;318.27;9882;454;61.0;114;;0;no;2169
106;10:37:46;76.22;317.7;9926;477;69.3;126;;0;no;2169
106;10:37:59;76.27;317.07;9987;511;68.8;128;;0;no;2173
106;10:38:12;76.36;316.6;10032;530;60.5;119;353;0;yes;2173
106;10:38:25;76.45;316.2;10110;556;46.5;101;360;0;yes;2175
106;10:38:38;76.54;315.79;10178;575;26.2;68;355;0;yes;2176
106;10:38:51;76.65;315.42;10266;596;26.3;70;365;0;yes;2176
106;10:39:04;76.74;315.02;10339;620;30.9;84;376;0;yes;2176
106;10:39:17;76.83;314.52;10451;645;33.5;92;404;0;yes;2184
106;10:39:30;76.9;313.99;10523;659;32.4;92;419;0;yes;2187
106;10:39:43;75.6;319.12;10604;1226;28.1;83;;1;no;2188
106;10:39:56;75.79;318.45;10682;1190;24.0;73;;1;no;2188
106;10:40:09;77.17;312.55;10773;714;19.8;62;501;0;yes;2191
106;10:40:22;77.3;312.02;10896;724;14.6;47;;0;yes;2192
106;10:40:35;77.43;311.63;11015;724;8.3;28;;0;yes;2193
106;10:40:48;77.54;311.18;11120;733;1.6;6;;0;yes;2193
106;10:41:01;77.64;310.62;11206;735;-1.0;-4;;0;yes;2193
106;10:41:14;77.74;310.07;11300;738;-1.7;-6;;0;yes;2192
106;10:41:27;77.82;309.56;11377;723;-2.9;-10;;0;yes;2192
106;10:41:40;77.89;309.01;11453;699;-5.2;-19;;0;yes;2193
106;10:41:53;77.98;308.51;11280;686;;;;0;no;2193
107;10:34:43;70.81;87.52;6983;187;;;135;0;yes;2169
107;10:34:56;70.4;87.44;6825;197;90.9;72;134;0;yes;2169
107;10:35:09;69.97;86.48;6665;264;67.5;57;;1;no;2169
107;10:35:22;69.41;86.4;6467;285;52.0;46;;1;no;2169
107;10:35:35;68.92;87.15;6302;246;36.5;34;179;0;yes;2169
107;10:35:48;68.38;87.16;6128;257;-1.5;0;186;0;yes;2168
107;10:36:01;67.83;86.94;5960;266;-27.3;-32;203;0;yes;2168
107;10:36:14;67.26;87.02;5778;247;-43.5;-59;191;0;yes;2162
107;10:36:27;66.73;86.91;5630;234;-41.3;-56;175;0;yes;2162
107;10:36:40;66.1;85.31;5479;150;-33.8;-44;170;0;yes;2168
107;10:36:55;65.4;85.36;5304;147;-23.5;-30;165;0;yes;2168
107;10:37:08;64.66;85.64;5128;166;-7.1;-10;198;0;yes;2168
107;10:37:20;64.21;85.89;5026;197;16.2;13;258;0;yes;2168
107;10:37:33;63.6;86.02;4894;202;46.3;36;250;0;yes;2169
107;10:37:46;62.87;86.23;4743;215;45.8;37;277;0;yes;2169
107;10:37:59;62.26;86.38;4627;214;38.7;33;241;0;yes;2173
107;10:38:12;61.46;86.9;4475;204;29.9;29;197;0;yes;2173
107;10:38:25;60.58;87.29;4321;232;36.2;36;224;0;yes;2175
107;10:38:38;59.69;87.84;4164;223;42.9;43;246;0;yes;2176
107;10:38:51;58.72;88.14;3993;235;46.7;48;290;0;yes;2176
107;10:39:04;57.76;88.68;3833;250;51.5;53;349;0;yes;2176
107;10:39:17;56.67;89.03;3675;268;51.8;55;397;0;yes;2184
107;10:39:30;55.44;89.42;3498;281;52.1;58;439;0;yes;2187
107;10:39:43;54.25;89.77;3335;292;50.3;58;478;0;yes;2188
107;10:39:56;53.19;89.91;3195;303;52.5;65;;0;yes;2188
107;10:40:09;51.9;90.13;3039;312;60.4;79;;0;yes;2191
107;10:40:22;50.4;90.43;2865;329;64.1;84;;0;yes;2192
107;10:40:35;48.85;90.72;2699;337;70.4;93;;0;yes;2193
107;10:40:48;47.85;93.22;2596;421;80.4;105;;0;yes;2193
107;10:41:01;46.3;93.65;2445;428;;;;0;yes;2193
108;10:34:43;77.94;87.76;11372;1558;;;;0;yes;2169
108;10:34:56;77.81;87.73;11252;1535;-30.0;-244;;0;yes;2169
108;10:35:09;77.69;87.77;11135;1486;-47.0;-399;;0;yes;2169
108;10:35:22;77.57;87.82;11022;1443;-50.3;-430;;0;yes;2169
108;10:35:35;77.5;87.86;11076;1415;-49.4;-416;;0;no;2169
108;10:35:48;77.43;87.92;11127;1368;-56.8;-481;;0;no;2168
108;10:36:01;77.35;87.9;11183;1317;-67.3;-563;;0;no;2168
108;10:36:14;77.82;91.3;11217;953;-72.2;-581;;0;yes;2162
108;10:36:27;77.97;91.89;11190;870;-73.2;-542;;0;no;2162
108;10:36:40;77.8;93.63;11195;677;-70.5;-442;;0;no;2168
108;10:36:55;77.75;93.99;11169;626;-69.5;-385;;0;no;2168
108;10:37:08;77.69;94.35;11131;565;-70.3;-369;;0;yes;2168
108;10:37:20;77.68;94.61;11120;488;-68.3;-317;;0;yes;2168
108;10:37:33;77.63;94.79;11079;444;-66.1;-238;;0;yes;2169
108;10:37:46;77.56;94.93;11015;383;-62.0;-182;238;0;yes;2169
108;10:37:59;77.47;95.12;10948;316;-65.0;-190;183;0;yes;2173
108;10:38:12;77.43;95.88;10914;164;-69.0;-204;118;0;yes;2173
108;10:38:25;77.26;96.37;10777;90;;;;0;no;2175
109;10:34:56;72.89;300.73;7893;70;;;;0;no;2169
109;10:35:09;73.17;300.32;8030;108;125.3;59;113;0;yes;2169
109;10:35:22;73.34;299.76;8119;123;117.5;57;132;0;yes;2169
109;10:35:35;73.53;299.3;8216;132;108.6;55;143;0;yes;2169
109;10:35:48;73.69;298.56;8300;164;102.8;55;146;0;yes;2168
109;10:36:01;73.87;298.02;8394;179;93.5;54;155;0;yes;2168
109;10:36:14;74.09;297.47;8495;182;77.8;48;121;0;yes;2162
109;10:36:27;74.24;296.9;8582;191;56.2;39;134;0;yes;2162
109;10:36:40;74.44;296.42;8718;204;30.8;26;143;0;yes;2168
109;10:36:55;74.62;295.87;8828;215;20.4;18;157;0;yes;2168
109;10:37:08;74.85;295.29;8969;217;15.0;14;163;0;yes;2168
109;10:37:20;74.99;294.71;9058;209;10.3;10;155;0;yes;2168
109;10:37:33;75.17;294.19;9176;202;8.7;9;150;0;yes;2169
109;10:37:46;75.33;293.79;9283;201;10.5;11;145;0;yes;2169
109;10:37:59;75.45;293.3;9374;212;12.8;13;154;0;yes;2173
109;10:38:12;75.56;292.85;9451;224;14.8;15;181;0;yes;2173
109;10:38:25;75.69;292.45;9550;228;17.1;17;201;0;yes;2175
109;10:38:38;75.68;291.24;9542;301;18.9;19;;1;no;2176
109;10:38:51;75.81;290.76;9633;301;;;;1;no;2176
110;10:35:09;63.42;298.08;5651;131;;;;0;no;2169
110;10:35:22;64.09;297.23;5740;216;;;;0;no;2169
110;10:35:35;64.57;296.19;5828;268;;;;0;no;2169
110;10:35:48;64.95;294.86;5915;325;;;;0;no;2168
110;10:36:01;65.18;293.89;6001;380;;;;0;no;2168
110;10:36:14;65.42;293.12;6072;448;;;;0;no;2162
110;10:36:27;65.72;292.27;6157;493;;;;0;no;2162
110;10:36:40;66.25;291.62;6259;557;;;;0;no;2168
110;10:36:55;66.72;290.87;6347;596;16.1;68;;0;no;2168
110;10:37:08;68.67;291.96;6219;882;17.0;73;1250;0;yes;2168
110;10:37:20;69.09;291.4;6358;910;17.3;75;1248;0;yes;2168
110;10:37:33;69.51;290.83;6501;937;19.3;84;1223;0;yes;2169
110;10:37:46;69.91;290.29;6643;958;22.0;97;1203;0;yes;2169
110;10:37:59;70.3;289.79;6799;978;24.4;109;1175;0;yes;2173
110;10:38:12;70.73;289.41;6961;995;26.4;119;1157;0;yes;2173
110;10:38:25;71.12;289.33;7125;1038;27.9;128;1120;0;yes;2175
110;10:38:38;71.58;289.37;7318;1095;28.8;133;1088;0;yes;2176
110;10:38:51;71.86;289.64;7438;1152;29.7;138;1039;0;yes;2176
110;10:39:04;72.37;289.63;7526;1247;30.2;142;;0;no;2176
110;10:39:17;72.64;289.45;7640;1274;;;;0;no;2184
110;10:39:30;72.86;289.15;7738;1263;;;;0;no;2187
110;10:39:43;73.11;288.97;7829;1248;;;;0;no;2188
110;10:39:56;73.33;288.85;7917;1215;;;;0;no;2188
110;10:40:09;73.58;288.73;8016;1193;;;;0;no;2191
110;10:40:22;73.81;288.59;8108;1182;;;;0;no;2192
110;10:40:35;74.04;288.61;8202;1148;;;;0;no;2193
110;10:40:48;74.2;288.54;8289;1151;;;;0;no;2193
110;10:41:01;74.9;289.71;8377;1012;;;;0;no;2193
110;10:41:14;75.11;289.46;8459;1011;;;;0;no;2192
110;10:41:27;75.3;289.25;8546;998;;;;0;no;2192
110;10:41:40;75.46;289.22;8638;953;;;;0;no;2193
110;10:41:53;75.64;289.1;8725;925;;;;0;no;2193
110;10:42:06;75.84;288.88;8816;916;;;;0;no;2194
110;10:42:19;76.0;288.8;8914;883;;;;0;no;2197
110;10:42:32;76.17;288.73;9011;864;;;;0;no;2199
110;10:42:45;76.31;288.73;9121;826;;;;0;no;2205
110;10:42:58;75.54;288.37;9225;921;;;;1;no;2211
110;10:43:10;75.55;288.11;9357;919;;;;1;no;2223
110;10:43:23;75.49;287.97;9465;948;;;;1;no;2228
110;10:43:36;75.48;287.71;9564;964;;;;1;no;2230
110;10:43:49;75.48;287.45;9654;993;;;;1;no;2232
110;10:44:02;75.54;286.92;9693;1010;-4.9;-25;;1;no;2232
110;10:44:15;75.64;286.69;9774;1015;-4.8;-25;885;0;yes;2235
110;10:44:28;75.72;286.37;9903;1015;-4.6;-24;859;0;yes;2250
110;10:44:43;75.82;286.07;9981;986;-4.3;-22;781;0;yes;2252
110;10:44:57;75.89;285.76;10038;975;-4.9;-25;727;0;yes;2252
110;10:45:10;76.04;285.42;10235;994;-5.5;-28;712;0;yes;2272
110;10:45:25;76.13;285.1;10306;991;-5.9;-30;706;0;yes;2272
110;10:45:38;76.24;284.69;10386;982;-6.5;-32;674;0;yes;2272
110;10:45:51;76.33;284.33;10457;965;-6.7;-33;643;0;yes;2272
110;10:46:04;76.4;284.1;10529;943;-7.0;-35;610;0;yes;2274
110;10:46:17;76.52;283.84;10623;940;-7.5;-38;626;0;yes;2274
110;10:46:30;76.59;283.54;10858;921;-7.6;-38;;0;no;2281
110;10:46:43;76.7;283.26;10947;932;;;;0;no;2281
110;10:46:56;76.81;282.91;11039;933;;;;0;no;2281
110;10:47:09;76.91;282.49;11136;926;;;;0;no;2283
110;10:47:22;77.01;281.97;11226;917;;;;0;no;2283
110;10:47:36;77.13;281.72;11321;913;;;;0;no;2283
110;10:47:49;77.26;281.46;11410;899;;;;0;no;2283
110;10:48:02;77.4;281.25;11569;874;;;;0;no;2297
110;10:48:15;77.54;281.01;11690;880;;;;0;no;2303
110;10:48:28;77.7;280.81;11778;861;;;;0;no;2303
110;10:48:41;77.85;280.76;11866;839;;;;0;no;2303
111;10:35:09;71.44;351.92;7235;110;;;;0;no;2169
111;10:35:22;71.48;351.09;7252;216;205.6;189;202;0;yes;2169
111;10:35:35;71.42;350.05;7226;279;197.4;195;230;0;yes;2169
111;10:35:48;71.37;348.92;7204;343;201.4;211;261;0;yes;2168
111;10:36:01;71.35;347.64;7193;408;194.9;220;310;0;yes;2168
111;10:36:14;71.33;346.51;7168;451;184.8;236;354;0;yes;2162
111;10:36:27;71.3;345.4;7152;494;169.2;245;386;0;yes;2162
111;10:36:40;71.36;343.78;7200;574;146.5;242;440;0;yes;2168
111;10:36:55;71.4;342.58;7215;630;117.1;227;472;0;yes;2168
111;10:37:08;71.42;341.35;7222;684;96.4;211;522;0;yes;2168
111;10:37:20;71.44;340.24;7233;722;72.9;182;560;0;yes;2168
111;10:37:33;71.47;339.18;7249;757;50.0;144;586;0;yes;2169
111;10:37:46;71.5;338.11;7260;784;36.0;114;606;0;yes;2169
111;10:37:59;71.54;337.04;7290;810;25.6;88;631;0;yes;2173
111;10:38:12;71.59;336.02;7311;813;19.0;69;644;0;yes;2173
111;10:38:25;71.64;334.95;7339;834;10.8;41;643;0;yes;2175
111;10:38:38;71.74;333.9;7384;853;5.4;21;651;0;yes;2176
111;10:38:51;73.21;327.86;7413;1475;2.0;8;;1;no;2176
111;10:39:04;73.27;327.32;7441;1451;0.8;3;;1;no;2176
111;10:39:17;73.31;326.75;7496;1427;-0.6;-3;;1;no;2184
111;10:39:30;73.38;326.36;7536;1391;-1.4;-6;;1;no;2187
111;10:39:43;72.06;330.17;7571;818;-1.7;-7;559;0;yes;2188
111;10:39:56;72.19;329.45;7630;828;-0.7;-3;528;0;yes;2188
111;10:40:09;72.33;328.67;7703;836;1.5;6;523;0;yes;2191
111;10:40:22;72.46;327.97;7766;843;1.9;8;542;0;yes;2192
111;10:40:35;73.7;324.46;7813;1267;3.5;15;;1;no;2193
111;10:40:48;72.63;327.44;7854;808;6.6;27;566;0;yes;2193
111;10:41:01;72.73;326.66;7902;818;11.3;46;569;0;yes;2193
111;10:41:14;72.85;325.81;7956;847;16.0;65;584;0;yes;2192
111;10:41:27;72.96;324.89;8011;864;20.4;82;590;0;yes;2192
111;10:41:40;73.11;324.05;8088;888;30.5;123;602;0;yes;2193
111;10:41:53;73.22;323.16;8145;918;36.6;148;611;0;yes;2193
111;10:42:06;73.37;322.37;8230;938;38.1;156;614;0;yes;2194
111;10:42:19;73.53;321.62;8322;961;37.0;155;638;0;yes;2197
111;10:42:32;73.91;320.6;8542;1087;33.8;146;724;0;yes;2199
111;10:42:45;73.98;319.99;8603;1076;28.7;129;720;0;yes;2205
111;10:42:58;74.07;319.18;8679;1080;25.4;119;718;0;yes;2211
111;10:43:10;74.17;318.42;8782;1100;22.0;108;752;0;yes;2223
111;10:43:23;74.24;317.88;8846;1118;21.5;114;773;0;yes;2228
111;10:43:36;74.31;317.31;8893;1125;28.8;151;812;0;yes;2230
111;10:43:49;74.42;316.73;8967;1170;33.7;177;857;0;yes;2232
111;10:44:02;74.54;316.21;9037;1207;35.9;190;875;0;yes;2232
111;10:44:15;74.71;315.84;9158;1297;36.5;197;925;0;yes;2235
111;10:44:28;74.77;315.39;9257;1340;34.1;190;952;0;yes;2250
111;10:44:43;74.86;315.05;9326;1372;29.4;171;959;0;yes;2252
111;10:44:57;74.93;314.58;9371;1402;25.2;154;960;0;yes;2252
111;10:45:10;75.01;314.16;9504;1438;20.9;135;974;0;yes;2272
111;10:45:25;75.09;313.78;9557;1457;18.8;125;973;0;yes;2272
111;10:45:38;75.2;313.16;9632;1487;16.4;112;970;0;yes;2272
111;10:45:51;75.33;312.58;9719;1521;12.9;90;968;0;yes;2272
111;10:46:04;75.5;312.1;9843;1567;8.9;64;1023;0;yes;2274
111;10:46:17;75.61;311.59;9927;1574;5.0;36;1038;0;yes;2274
111;10:46:30;75.67;311.18;10002;1556;0.7;5;1052;0;yes;2281
111;10:46:43;75.76;310.71;10067;1545;-2.8;-22;1055;0;yes;2281
111;10:46:56;75.89;310.2;10162;1538;-4.7;-37;1064;0;yes;2281
111;10:47:09;76.0;309.74;10258;1524;-6.0;-47;1056;0;yes;2283
111;10:47:22;76.14;309.32;10365;1513;-7.5;-58;1079;0;yes;2283
111;10:47:36;76.28;308.88;10471;1503;-8.5;-66;1090;0;yes;2283
111;10:47:49;76.41;308.38;10582;1500;-10.1;-78;1101;0;yes;2283
111;10:48:02;76.51;307.88;10727;1470;-11.4;-88;1101;0;yes;2297
111;10:48:15;76.62;307.37;10846;1444;-14.2;-109;;0;yes;2303
111;10:48:28;76.76;306.87;10960;1427;-19.2;-147;;0;yes;2303
111;10:48:41;76.89;306.37;11072;1395;-24.5;-188;;0;yes;2303
111;10:48:54;77.06;305.82;11228;1375;-28.2;-215;;0;yes;2303
111;10:49:07;77.2;305.34;11368;1316;-30.5;-230;;0;yes;2306
111;10:49:19;77.3;305.09;11459;1225;-31.4;-234;;0;yes;2306
111;10:49:32;77.47;304.66;11633;1155;-32.6;-242;;0;yes;2308
111;10:49:45;77.56;304.03;11753;1118;-33.3;-244;;0;yes;2315
111;10:49:58;77.62;303.32;11780;1070;-31.1;-220;;0;yes;2308
111;10:50:11;77.67;302.61;11866;1013;;;;0;yes;2315
112;10:35:09;54.33;353.66;3317;25;;;;0;no;2169
112;10:35:22;54.4;350.84;3326;57;;;;0;yes;2169
112;10:35:35;54.64;347.72;3359;116;;;;1;no;2169
112;10:35:48;54.76;344.95;3374;143;1022.5;162;;1;no;2168
112;10:36:01;55.04;342.41;3411;164;862.0;154;;1;no;2168
112;10:36:14;55.44;340.04;3458;196;860.7;155;;1;no;2162
112;10:36:27;55.81;337.56;3511;221;701.4;144;;1;no;2162
112;10:36:40;56.15;334.96;3571;237;381.3;110;;1;no;2168
112;10:36:55;56.56;332.4;3631;253;5.8;7;302;0;yes;2168
112;10:37:08;56.93;329.98;3688;283;-4.3;-6;398;0;yes;2168
112;10:37:20;57.49;327.69;3777;276;-21.7;-28;390;0;yes;2168
112;10:37:33;58.1;325.51;3878;272;-36.5;-52;382;0;yes;2169
112;10:37:46;58.69;323.84;3977;267;-47.4;-71;253;0;yes;2169
112;10:37:59;59.16;322.29;4064;241;-52.6;-80;220;0;yes;2173
112;10:38:12;59.4;322.1;4107;165;-54.0;-82;162;0;yes;2173
112;10:38:25;60.01;320.74;4222;187;-55.2;-80;209;0;yes;2175
112;10:38:38;60.48;319.14;4303;184;-55.4;-74;214;0;yes;2176
112;10:38:51;60.95;318.0;4386;159;-52.2;-63;213;0;yes;2176
112;10:39:04;61.47;316.15;4483;157;-45.9;-48;187;0;yes;2176
112;10:39:17;61.74;314.03;4551;122;-48.8;-51;125;0;yes;2184
112;10:39:30;62.25;312.37;4656;93;;;84;0;yes;2187
113;10:35:35;69.28;268.88;6422;62;;;;0;no;2169
113;10:35:48;69.83;268.0;6613;126;;;;1;no;2168
113;10:36:01;70.09;267.86;6705;167;;;;1;no;2168
113;10:36:14;70.49;267.96;6835;197;;;;1;no;2162
113;10:36:27;70.8;267.9;6952;218;;;;1;no;2162
113;10:36:40;71.15;267.97;7112;237;;;;1;no;2168
113;10:36:55;71.49;267.89;7254;260;15.9;20;;1;no;2168
113;10:37:08;71.8;267.86;7385;267;17.3;22;232;0;yes;2168
113;10:37:20;72.12;267.76;7530;264;19.8;26;221;0;yes;2168
113;10:37:33;72.43;267.54;7672;281;20.9;27;237;0;yes;2169
113;10:37:46;72.78;267.36;7838;287;38.2;50;249;0;yes;2169
113;10:37:59;73.12;267.23;8023;298;64.2;83;243;0;yes;2173
113;10:38:12;73.49;267.18;8213;310;80.5;103;258;0;yes;2173
113;10:38:25;73.93;267.05;8405;345;94.4;117;;0;no;2175
113;10:38:38;74.17;267.97;8595;440;114.4;136;331;0;yes;2176
113;10:38:51;74.68;269.62;8743;618;249.5;319;;1;no;2176
113;10:39:04;74.93;269.83;8890;680;285.7;371;;1;no;2176
113;10:39:17;75.05;270.1;9069;755;269.0;378;;1;no;2184
113;10:39:30;75.22;270.18;9231;788;211.1;349;;1;no;2187
113;10:39:43;75.36;270.18;9384;812;159.6;305;;1;no;2188
113;10:39:56;75.49;270.2;9468;833;108.8;239;;1;no;2188
113;10:40:09;75.64;270.32;9583;868;9.1;39;574;0;yes;2191
113;10:40:22;75.78;270.46;9686;885;8.5;36;571;0;yes;2192
113;10:40:35;75.96;270.57;9821;897;7.6;33;590;0;yes;2193
113;10:40:48;76.12;270.52;9941;911;6.2;27;605;0;yes;2193
113;10:41:01;76.28;270.51;10062;920;4.8;21;603;0;yes;2193
113;10:41:14;76.47;270.47;10202;921;3.4;15;598;0;yes;2192
113;10:41:27;76.6;270.35;10307;929;2.4;11;674;0;yes;2192
113;10:41:40;76.75;270.33;10434;916;1.7;8;682;0;yes;2193
113;10:41:53;76.91;270.3;10565;917;1.7;8;686;0;yes;2193
113;10:42:06;77.09;270.3;10721;919;2.8;13;665;0;yes;2194
113;10:42:19;77.26;270.28;10879;926;3.5;16;;0;yes;2197
113;10:42:32;77.38;270.24;11002;933;3.9;18;;0;yes;2199
113;10:42:45;77.5;270.16;11140;931;4.0;18;;0;yes;2205
113;10:42:58;77.58;269.95;11242;943;3.4;16;;0;yes;2211
113;10:43:10;77.64;269.71;11359;951;2.9;14;;0;yes;2223
113;10:43:23;77.7;269.58;11447;944;2.5;12;;0;yes;2228
113;10:43:36;77.75;269.41;11837;928;2.0;9;;0;no;2230
113;10:43:49;77.84;269.3;11980;942;;;;0;no;2232
113;10:44:02;77.92;269.21;12116;934;;;;0;no;2232
113;10:44:15;77.99;269.19;12270;927;;;;0;no;2235
114;10:36:01;57.25;156.89;3738;77;;;95;0;yes;2168
114;10:36:14;57.2;159.44;3719;91;135.2;49;119;0;yes;2162
114;10:36:27;57.12;161.96;3707;100;129.7;49;117;0;yes;2162
114;10:36:40;57.22;164.46;3733;115;136.2;54;144;0;yes;2168
114;10:36:55;57.37;166.87;3756;131;130.1;54;159;0;yes;2168
114;10:37:08;57.72;169.54;3812;143;140.3;62;174;0;yes;2168
114;10:37:20;58.02;171.85;3863;150;139.1;67;184;0;yes;2168
114;10:37:33;58.28;173.68;3907;173;119.6;66;186;0;yes;2169
114;10:37:46;58.54;175.54;3950;178;97.9;61;193;0;yes;2169
114;10:37:59;58.55;177.72;3959;206;76.9;53;240;0;yes;2173
114;10:38:12;58.71;179.95;3986;220;56.1;43;247;0;yes;2173
114;10:38:25;58.99;181.76;4038;235;22.9;20;272;0;yes;2175
114;10:38:38;59.29;183.68;4091;235;3.4;3;269;0;yes;2176
114;10:38:51;59.54;185.54;4137;224;-12.9;-14;255;0;yes;2176
114;10:39:04;59.94;187.29;4210;224;-19.5;-22;246;0;yes;2176
114;10:39:17;60.35;186.81;4296;195;-25.4;-30;231;0;yes;2184
114;10:39:30;60.56;188.31;4339;193;-33.0;-38;225;0;yes;2187
114;10:39:43;60.84;189.92;4393;194;-39.8;-46;224;0;yes;2188
114;10:39:56;61.14;191.5;4446;191;-45.3;-51;206;0;yes;2188
114;10:40:09;61.39;192.82;4498;174;-45.9;-50;203;0;yes;2191
114;10:40:22;61.69;194.24;4556;153;-51.7;-59;182;0;yes;2192
114;10:40:35;62.13;196.15;4646;125;-57.8;-69;152;0;yes;2193
114;10:40:48;62.5;197.69;4719;109;;;137;0;yes;2193
115;10:36:01;59.91;209.91;4190;74;;;;0;no;2168
115;10:36:14;60.3;211.57;4245;145;;;160;0;yes;2162
115;10:36:27;59.51;211.66;4106;278;;;;1;no;2162
115;10:36:40;59.77;213.17;4164;351;706.1;316;;1;no;2168
115;10:36:55;60.05;214.59;4214;405;613.2;300;;1;no;2168
115;10:37:08;60.35;216.07;4266;457;620.8;303;;1;no;2168
115;10:37:20;60.7;217.37;4327;487;515.4;280;;1;no;2168
115;10:37:33;61.08;218.56;4397;518;293.9;213;;1;no;2169
115;10:37:46;61.48;219.72;4471;543;3.5;9;565;0;yes;2169
115;10:37:59;61.84;220.78;4546;562;2.0;6;558;0;yes;2173
115;10:38:12;62.23;221.81;4622;568;1.2;3;537;0;yes;2173
115;10:38:25;62.61;222.91;4703;562;-0.1;0;502;0;yes;2175
115;10:38:38;62.91;223.78;4763;543;0.1;0;469;0;yes;2176
115;10:38:51;63.36;224.82;4858;545;1.5;4;478;0;yes;2176
115;10:39:04;63.83;225.75;4960;555;2.6;7;484;0;yes;2176
115;10:39:17;64.31;226.66;5084;562;3.5;10;492;0;yes;2184
115;10:39:30;64.84;227.51;5214;569;3.4;10;495;0;yes;2187
115;10:39:43;65.35;228.3;5340;571;-1.6;-4;473;0;yes;2188
115;10:39:56;65.8;228.88;5452;576;-8.0;-22;462;0;yes;2188
115;10:40:09;66.23;229.46;5570;583;-14.2;-41;471;0;yes;2191
115;10:40:22;66.58;229.99;5666;564;-20.5;-60;455;0;yes;2192
115;10:40:35;66.88;230.52;5754;530;-25.1;-75;427;0;yes;2193
115;10:40:48;67.23;231.08;5851;509;-28.4;-85;376;0;yes;2193
115;10:41:01;67.47;231.6;5921;496;-32.5;-96;416;0;yes;2193
115;10:41:14;67.74;232.41;5998;470;-44.4;-127;412;0;yes;2192
115;10:41:27;67.99;232.83;6073;439;-57.9;-161;392;0;yes;2192
115;10:41:40;68.42;232.38;6209;364;-65.2;-184;325;0;yes;2193
115;10:41:53;68.77;232.98;6265;343;-70.2;-198;;0;no;2193
115;10:42:06;69.04;233.38;6327;313;-73.3;-200;;0;no;2194
115;10:42:19;69.25;233.98;6397;281;-73.3;-189;;0;no;2197
115;10:42:32;69.13;235.13;6461;225;-71.1;-164;185;0;yes;2199
115;10:42:45;69.35;237.23;6554;219;-64.8;-124;178;0;yes;2205
115;10:42:58;69.43;237.63;6599;171;-53.3;-76;149;0;yes;2211
115;10:43:10;69.62;238.52;6704;168;-45.1;-53;139;0;yes;2223
115;10:43:23;69.83;239.32;6795;155;-42.3;-46;120;0;yes;2228
115;10:43:36;70.15;239.96;6917;148;-47.4;-46;113;0;yes;2230
115;10:43:49;70.5;240.52;7060;145;-57.4;-52;109;0;yes;2232
115;10:44:02;70.82;240.96;7186;135;-63.3;-56;85;0;yes;2232
115;10:44:15;71.13;241.51;7324;133;-64.7;-56;85;0;yes;2235
115;10:44:28;71.36;241.16;7471;95;-68.1;-60;96;0;yes;2250
115;10:44:43;71.52;241.46;7548;72;-71.4;-64;57;0;yes;2252
115;10:44:57;71.81;241.74;7676;73;-73.2;-65;55;0;yes;2252
115;10:45:10;72.08;242.03;7866;61;;;47;0;yes;2272
116;10:36:14;76.52;83.2;10106;774;;;544;0;yes;2162
116;10:36:27;76.36;82.98;9982;788;-0.4;-1;588;0;yes;2162
116;10:36:40;76.19;82.8;9879;779;0.1;0;637;0;yes;2168
116;10:36:55;75.37;80.79;9761;525;-0.2;-1;;0;no;2168
116;10:37:08;75.12;80.58;9629;519;0.4;2;;0;no;2168
116;10:37:20;75.68;81.98;9513;760;0.8;3;573;0;yes;2168
116;10:37:33;75.54;81.7;9422;789;2.5;10;560;0;yes;2169
116;10:37:46;75.31;81.36;9267;777;3.7;14;576;0;yes;2169
116;10:37:59;75.07;81.27;9125;786;4.4;17;594;0;yes;2173
116;10:38:12;74.84;81.24;8984;772;4.4;17;608;0;yes;2173
116;10:38:25;74.62;81.01;8857;808;2.5;10;627;0;yes;2175
116;10:38:38;74.36;80.89;8705;803;-2.0;-8;631;0;yes;2176
116;10:38:51;74.14;80.8;8576;806;-13.2;-52;640;0;yes;2176
116;10:39:04;73.87;80.62;8425;799;-21.4;-87;640;0;yes;2176
116;10:39:17;73.59;80.29;8303;784;-26.7;-112;618;0;yes;2184
116;10:39:30;73.25;79.78;8140;747;-28.3;-120;581;0;yes;2187
116;10:39:43;72.88;77.6;7956;640;-27.5;-115;522;0;yes;2188
116;10:39:56;72.64;76.82;7841;657;-24.0;-98;551;0;yes;2188
116;10:40:09;72.28;75.97;7678;633;-17.1;-66;536;0;yes;2191
116;10:40:22;71.95;75.44;7534;644;-4.7;-17;540;0;yes;2192
116;10:40:35;71.7;74.91;7426;643;10.7;34;560;0;yes;2193
116;10:40:48;71.43;74.35;7313;636;16.9;53;569;0;yes;2193
116;10:41:01;71.07;73.99;7163;655;20.1;63;578;0;yes;2193
116;10:41:14;70.68;73.55;7003;693;21.4;67;594;0;yes;2192
116;10:41:27;70.32;73.06;6862;726;21.2;67;609;0;yes;2192
116;10:41:40;69.95;72.59;6732;735;19.8;63;626;0;yes;2193
116;10:41:53;69.67;71.9;6631;730;18.5;61;656;0;yes;2193
116;10:42:06;69.4;71.33;6538;726;17.8;62;686;0;yes;2194
116;10:42:19;68.94;70.85;6391;760;17.3;61;742;0;yes;2197
116;10:42:32;68.55;70.33;6270;824;20.9;73;809;0;yes;2199
116;10:42:45;68.39;73.5;6236;1117;100.5;351;;1;no;2205
116;10:42:58;67.98;72.99;6122;1178;138.2;450;;1;no;2211
116;10:43:10;67.55;72.46;6027;1245;148.6;480;;1;no;2223
116;10:43:23;67.05;71.89;5892;1296;140.2;467;;1;no;2228
116;10:43:36;66.52;71.26;5749;1340;115.0;414;;1;no;2230
116;10:43:49;65.95;70.52;5600;1387;72.8;301;;1;no;2232
116;10:44:02;65.45;69.73;5472;1392;3.7;26;1389;0;yes;2232
116;10:44:15;64.89;69.26;5341;1432;3.7;26;1470;0;yes;2235
116;10:44:28;61.81;47.57;5290;3099;3.7;26;;1;no;2250
116;10:44:43;61.32;47.73;5161;3108;;;;1;no;2252
116;10:44:57;57.65;68.23;5031;146;;;;1;no;2252
116;10:45:10;57.32;68.93;4950;30;;;;1;no;2272
117;10:36:27;48.76;4.75;2652;40;;;;0;no;2162
117;10:36:40;48.29;1.89;2610;71;80.3;30;;0;yes;2168
117;10:36:55;47.82;359.08;2563;98;70.9;28;;0;yes;2168
117;10:37:08;47.45;355.6;2527;110;69.2;28;;0;yes;2168
117;10:37:20;46.94;352.47;2478;118;69.9;30;;0;yes;2168
117;10:37:33;46.65;349.25;2451;124;67.7;32;;0;yes;2169
117;10:37:46;46.58;346.73;2444;117;77.4;38;;0;yes;2169
117;10:37:59;46.53;344.3;2444;133;87.8;45;;0;yes;2173
117;10:38:12;46.65;341.34;2455;143;90.9;48;;0;yes;2173
117;10:38:25;46.79;338.04;2471;159;88.1;49;;0;yes;2175
117;10:38:38;47.22;334.89;2513;174;74.0;44;;0;yes;2176
117;10:38:51;47.74;331.7;2564;192;57.1;38;;0;yes;2176
117;10:39:04;48.13;328.34;2604;188;47.3;33;;0;yes;2176
117;10:39:17;49.18;325.93;2722;198;33.6;26;;0;yes;2184
117;10:39:30;50.34;324.99;2852;278;21.4;18;;1;no;2187
117;10:39:43;51.16;323.0;2948;285;;;;1;no;2188
117;10:39:56;52.07;321.45;3055;271;;;;1;no;2188
117;10:40:09;53.75;314.64;3002;91;;;;0;no;2191
117;10:40:22;54.83;311.95;3079;62;;;;0;no;2192
118;10:36:27;62.99;118.27;4750;141;;;;0;no;2162
118;10:36:40;62.38;119.28;4641;223;140.1;138;252;0;yes;2168
118;10:36:55;61.7;120.47;4509;271;146.5;151;285;0;yes;2168
118;10:37:08;60.95;121.83;4370;320;148.6;160;360;0;yes;2168
118;10:37:20;60.26;123.04;4250;364;138.4;158;429;0;yes;2168
118;10:37:33;59.55;124.39;4127;401;127.6;160;476;0;yes;2169
118;10:37:46;58.9;125.88;4011;447;109.2;153;521;0;yes;2169
118;10:37:59;58.19;127.41;3899;491;84.1;133;546;0;yes;2173
118;10:38:12;57.38;128.98;3767;502;58.9;107;579;0;yes;2173
118;10:38:25;56.61;130.6;3651;530;40.8;83;663;0;yes;2175
118;10:38:38;55.78;132.18;3529;538;28.2;64;705;0;yes;2176
118;10:38:51;54.91;133.61;3405;541;20.0;49;761;0;yes;2176
118;10:39:04;54.04;134.94;3288;551;16.4;41;817;0;yes;2176
118;10:39:17;53.21;136.63;3191;559;12.1;32;868;0;yes;2184
118;10:39:30;52.32;138.88;3084;576;10.0;27;898;0;yes;2187
118;10:39:43;51.56;141.37;2994;582;7.7;21;;0;yes;2188
118;10:39:56;50.96;143.39;2925;593;17.4;49;;0;yes;2188
118;10:40:09;50.33;145.55;2857;576;27.0;76;;0;yes;2191
118;10:40:22;49.78;147.47;2797;578;37.3;103;;0;yes;2192
118;10:40:35;49.09;149.51;2724;577;47.0;127;;0;yes;2193
118;10:40:48;48.86;148.36;2700;695;51.1;137;;0;yes;2193
118;10:41:01;48.24;150.23;2636;715;48.9;133;;0;yes;2193
118;10:41:14;47.63;152.26;2572;767;40.7;115;;0;yes;2192
118;10:41:27;46.39;154.95;2452;748;28.0;85;;0;yes;2192
118;10:41:40;45.5;157.1;2370;763;12.0;42;;0;yes;2193
118;10:41:53;44.59;159.86;2288;766;8.8;32;;0;yes;2193
118;10:42:06;43.72;162.89;2213;779;4.8;18;;0;yes;2194
118;10:42:19;42.96;165.78;2180;789;3.4;13;;0;no;2197
118;10:42:32;42.46;168.69;2152;783;;;;0;no;2199
118;10:42:45;42.08;171.59;2145;790;;;;0;no;2205
118;10:42:58;41.96;174.83;2150;793;;;;0;no;2211
118;10:43:10;41.82;178.72;2171;794;;;;0;no;2223
118;10:43:23;41.83;182.27;2191;787;;;;0;no;2228
118;10:43:36;41.71;185.22;2220;756;;;;0;no;2230
118;10:43:49;41.61;187.68;2265;748;1.0;3;;0;no;2232
118;10:44:02;44.38;199.95;2310;617;-5.5;-17;;0;yes;2232
118;10:44:15;45.21;203.59;2388;637;-10.5;-33;;0;yes;2235
118;10:44:28;46.02;206.17;2481;637;-12.8;-41;;0;yes;2250
118;10:44:43;46.89;208.92;2568;625;-16.3;-53;;0;yes;2252
118;10:44:57;47.97;211.97;2678;588;-17.5;-57;;0;yes;2252
118;10:45:10;49.03;214.7;2815;563;-16.6;-53;;0;yes;2272
118;10:45:25;50.02;216.67;2926;554;-14.9;-47;;0;yes;2272
118;10:45:38;51.25;218.94;3071;551;-13.6;-42;;0;yes;2272
118;10:45:51;52.32;220.44;3203;545;-8.8;-26;;0;yes;2272
118;10:46:04;53.42;221.76;3123;544;-5.0;-14;;0;no;2274
118;10:46:17;54.37;223.13;3225;525;;;;0;no;2274
118;10:46:30;55.32;224.11;3337;512;;;;0;no;2281
118;10:46:43;56.11;224.82;3440;443;;;;0;no;2281
118;10:46:56;57.14;223.48;3544;278;;;;0;no;2281
118;10:47:09;57.64;222.99;3653;154;;;;0;no;2283
118;10:47:22;58.99;224.05;3763;55;;;;0;no;2283
119;10:36:55;67.44;106.76;5846;68;;;65;0;yes;2168
119;10:37:08;66.79;107.51;5662;94;481.7;138;100;0;yes;2168
119;10:37:20;66.24;108.74;5517;144;363.8;125;140;0;yes;2168
119;10:37:33;65.59;109.62;5353;174;273.5;110;167;0;yes;2169
119;10:37:46;65.05;110.11;5222;209;209.1;95;219;0;yes;2169
119;10:37:59;64.49;110.79;5101;240;123.9;74;246;0;yes;2173
119;10:38:12;63.85;111.5;4956;241;65.9;50;258;0;yes;2173
119;10:38:25;63.25;112.13;4833;261;23.6;22;281;0;yes;2175
119;10:38:38;62.59;112.79;4699;243;-11.4;-13;275;0;yes;2176
119;10:38:51;61.9;113.59;4564;248;-43.8;-53;278;0;yes;2176
119;10:39:04;61.22;114.35;4436;236;-57.4;-76;283;0;yes;2176
119;10:39:17;60.46;115.25;4316;222;-64.4;-90;259;0;yes;2184
119;10:39:30;59.65;116.16;4178;184;-68.5;-97;216;0;yes;2187
119;10:39:43;59.17;115.79;4094;121;-72.2;-106;154;0;yes;2188
119;10:39:56;58.32;116.81;3947;117;-74.5;-110;151;0;yes;2188
119;10:40:09;57.35;117.82;3793;94;-74.0;-104;103;0;yes;2191
119;10:40:22;56.27;118.64;3628;39;;;;0;no;2192
120;10:36:55;71.08;170.3;7144;541;;;;0;no;2168
120;10:37:08;71.06;171.67;7133;543;;;;0;no;2168
120;10:37:20;71.68;172.38;7124;476;;;;0;no;2168
120;10:37:33;71.71;173.63;7118;492;;;;0;no;2169
120;10:37:46;71.75;174.74;7110;496;;;;0;no;2169
120;10:37:59;71.75;175.8;7119;502;;;;0;no;2173
120;10:38:12;71.76;176.74;7116;502;;;;0;no;2173
120;10:38:25;71.79;177.73;7123;508;;;;0;no;2175
120;10:38:38;71.85;178.67;7123;522;;;;0;no;2176
120;10:38:51;71.84;179.66;7124;544;;;;0;no;2176
120;10:39:04;71.81;180.77;7128;583;;;;0;no;2176
120;10:39:17;71.75;182.01;7162;599;;;;0;no;2184
120;10:39:30;71.69;183.17;7180;627;26.6;83;;0;no;2187
120;10:39:43;71.68;184.34;7403;661;30.2;95;531;0;yes;2188
120;10:39:56;71.6;185.57;7365;691;33.9;108;573;0;yes;2188
120;10:40:09;71.5;186.82;7334;720;35.2;113;610;0;yes;2191
120;10:40:22;71.48;188.04;7330;758;37.8;123;655;0;yes;2192
120;10:40:35;71.46;189.25;7326;789;37.7;126;688;0;yes;2193
120;10:40:48;71.47;190.31;7330;829;35.4;122;707;0;yes;2193
120;10:41:01;71.5;191.53;7341;851;31.6;113;733;0;yes;2193
120;10:41:14;71.54;192.77;7352;877;26.8;101;758;0;yes;2192
120;10:41:27;71.57;194.1;7367;887;24.0;95;768;0;yes;2192
120;10:41:40;71.6;195.16;7384;900;21.3;87;818;0;yes;2193
120;10:41:53;71.61;196.11;7389;920;20.0;84;854;0;yes;2193
120;10:42:06;71.6;197.12;7390;944;17.9;77;876;0;yes;2194
120;10:42:19;71.63;198.06;7410;971;16.0;70;898;0;yes;2197
120;10:42:32;71.65;199.11;7426;993;15.1;67;911;0;yes;2199
120;10:42:45;71.62;200.32;7432;996;13.1;59;909;0;yes;2205
120;10:42:58;71.6;201.37;7496;991;10.0;46;;0;no;2211
120;10:43:10;71.67;202.5;7579;991;;;;0;no;2223
120;10:43:23;71.72;203.63;7637;979;;;;0;no;2228
120;10:43:36;71.81;204.6;7687;980;;;;0;no;2230
120;10:43:49;71.91;205.5;7742;999;;;;0;no;2232
120;10:44:02;71.96;206.41;7786;1000;;;;0;no;2232
120;10:44:15;72.05;207.27;7847;1011;;;;0;no;2235
120;10:44:28;72.16;208.1;7956;1021;;;;0;no;2250
120;10:44:43;72.26;209.12;8029;1017;;;;0;no;2252
120;10:44:57;72.38;209.97;8095;1014;;;;0;no;2252
120;10:45:10;72.54;210.83;8228;1027;;;;0;no;2272
120;10:45:25;72.71;211.72;8289;1045;;;;0;no;2272
120;10:45:38;72.83;212.53;8363;1040;;;;0;no;2272
120;10:45:51;73.0;213.27;8429;1046;;;;0;no;2272
120;10:46:04;73.16;214.01;8505;1025;;;;0;no;2274
120;10:46:17;73.35;214.7;8577;1005;;;;0;no;2274
120;10:46:30;73.62;215.3;8676;997;;;;0;no;2281
120;10:46:43;73.8;215.95;8746;962;;;;0;no;2281
120;10:46:56;73.99;216.51;8819;932;;;;0;no;2281
120;10:47:09;74.06;217.05;8897;866;;;;0;no;2283
120;10:47:22;74.21;217.07;8971;834;;;;0;no;2283
120;10:47:36;74.28;217.26;9051;796;4.7;18;;0;no;2283
120;10:47:49;74.35;217.48;9127;772;5.9;22;579;0;yes;2283
120;10:48:02;74.5;217.87;9275;754;6.2;24;582;0;yes;2297
120;10:48:15;74.63;218.2;9386;758;5.9;22;582;0;yes;2303
120;10:48:28;74.59;217.71;9360;803;7.0;26;626;0;yes;2303
120;10:48:41;74.63;217.88;9386;793;8.5;32;641;0;yes;2303
120;10:48:54;74.7;218.3;9428;798;9.3;36;657;0;yes;2303
120;10:49:07;74.74;218.69;9472;790;9.7;38;631;0;yes;2306
120;10:49:19;74.81;219.18;9511;796;10.7;42;639;0;yes;2306
120;10:49:32;74.94;219.71;9607;824;13.0;51;653;0;yes;2308
120;10:49:45;75.05;220.22;9712;837;13.9;54;657;0;yes;2315
120;10:49:58;75.14;220.82;9743;844;13.2;52;649;0;yes;2308
120;10:50:11;75.25;221.38;9850;862;11.0;44;661;0;yes;2315
120;10:50:26;75.34;221.93;9920;875;7.7;32;682;0;yes;2317
120;10:50:39;75.48;222.51;10044;878;5.1;22;701;0;yes;2322
120;10:50:54;75.64;223.06;10198;883;0.2;1;701;0;yes;2330
120;10:51:07;75.78;223.69;10316;886;-6.8;-29;706;0;yes;2334
120;10:51:20;75.91;224.18;10417;879;-12.9;-57;687;0;yes;2334
120;10:51:35;76.05;224.62;10549;876;-17.3;-78;674;0;yes;2340
120;10:51:48;76.19;224.99;10667;834;-20.1;-91;633;0;yes;2340
120;10:52:01;76.35;225.26;10792;792;-22.3;-101;571;0;yes;2340
120;10:52:14;76.43;225.63;10862;767;-23.9;-108;570;0;yes;2340
120;10:52:27;76.48;225.97;10903;753;-25.6;-112;564;0;yes;2341
120;10:52:40;76.58;226.45;10987;746;-32.4;-135;545;0;yes;2341
120;10:52:53;76.68;226.97;11073;721;-39.8;-163;550;0;yes;2341
120;10:53:06;76.77;227.5;11181;695;-47.4;-195;524;0;yes;2347
120;10:53:19;76.89;227.92;11256;655;-61.0;-252;530;0;yes;2341
120;10:53:32;77.04;228.78;11463;541;-70.6;-296;481;0;yes;2355
120;10:53:45;77.14;229.22;11485;493;-77.2;-318;426;0;yes;2341
120;10:53:58;77.21;229.66;11617;446;-80.1;-314;400;0;yes;2355
120;10:54:12;77.24;229.99;11641;307;-80.7;-286;280;0;yes;2355
120;10:54:24;77.42;230.42;11818;257;-81.0;-265;237;0;yes;2355
120;10:54:37;77.61;230.75;12016;210;-82.1;-257;166;0;yes;2357
120;10:54:51;77.81;231.07;12219;170;-81.4;-232;;0;yes;2357
120;10:55:04;77.9;231.46;12306;127;;;;0;yes;2355
121;10:37:20;69.25;151.39;6412;101;;;79;0;yes;2168
121;10:37:33;68.97;152.52;6319;151;256.4;136;116;0;yes;2169
121;10:37:46;68.73;153.83;6242;189;248.7;143;140;0;yes;2169
121;10:37:59;68.51;155.16;6181;229;229.7;144;181;0;yes;2173
121;10:38:12;68.27;156.49;6106;258;206.1;140;226;0;yes;2173
121;10:38:25;68.05;157.73;6046;298;173.6;137;266;0;yes;2175
121;10:38:38;67.81;159.04;5974;333;134.7;125;288;0;yes;2176
121;10:38:51;67.57;160.46;5902;358;91.6;103;307;0;yes;2176
121;10:39:04;67.38;161.95;5849;377;61.1;80;328;0;yes;2176
121;10:39:17;67.17;163.39;5811;391;34.0;52;334;0;yes;2184
121;10:39:30;67.01;164.93;5772;400;7.6;14;343;0;yes;2187
121;10:39:43;66.89;166.45;5744;405;-14.8;-27;337;0;yes;2188
121;10:39:56;66.74;167.91;5702;402;-30.7;-62;332;0;yes;2188
121;10:40:09;66.6;169.27;5671;389;-44.0;-94;340;0;yes;2191
121;10:40:22;66.36;170.5;5607;340;-57.4;-128;310;0;yes;2192
121;10:40:35;66.09;172.01;5541;299;-67.2;-152;253;0;yes;2193
121;10:40:48;66.01;173.4;5521;277;-72.5;-162;263;0;yes;2193
121;10:41:01;65.98;174.77;5512;242;-74.5;-156;234;0;yes;2193
121;10:41:14;65.7;175.68;5436;187;-74.1;-137;179;0;yes;2192
121;10:41:27;65.56;177.22;5401;154;-74.8;-131;141;0;yes;2192
121;10:41:40;65.56;178.88;5406;126;-75.4;-127;110;0;yes;2193
121;10:41:53;65.65;180.64;5427;103;-73.5;-110;86;0;yes;2193
121;10:42:06;65.61;182.4;5420;36;;;;0;no;2194
122;10:37:46;69.4;141.79;6465;101;;;79;0;yes;2169
122;10:37:59;68.99;142.91;6339;121;;;93;0;yes;2173
122;10:38:12;68.56;144.12;6197;131;;;114;0;yes;2173
122;10:38:25;68.73;145.16;6258;263;522.9;246;;1;no;2175
122;10:38:38;68.39;146.1;6150;322;621.3;271;;1;no;2176
122;10:38:51;68.15;147.23;6075;393;777.1;304;;1;no;2176
122;10:39:04;67.86;148.38;5988;429;784.4;311;;1;no;2176
122;10:39:17;67.63;149.5;5944;458;636.4;293;;1;no;2184
122;10:39:30;67.4;150.67;5885;486;375.5;244;;1;no;2187
122;10:39:43;67.16;151.99;5818;512;37.0;90;577;0;yes;2188
122;10:39:56;66.91;153.24;5747;547;49.8;122;590;0;yes;2188
122;10:40:09;66.71;154.61;5701;570;54.4;134;601;0;yes;2191
122;10:40:22;66.49;155.84;5642;606;59.3;149;620;0;yes;2192
122;10:40:35;66.23;157.17;5578;636;61.4;158;660;0;yes;2193
122;10:40:48;65.73;159.74;5448;726;60.5;160;713;0;yes;2193
122;10:41:01;65.43;161.44;5372;765;61.1;164;771;0;yes;2193
122;10:41:14;65.12;163.11;5293;809;55.8;156;821;0;yes;2192
122;10:41:27;64.84;164.69;5243;827;47.5;141;;0;no;2192
122;10:41:40;64.51;166.28;5197;828;;;;0;no;2193
122;10:41:53;64.18;168.0;5149;822;;;;0;no;2193
122;10:42:06;63.87;169.71;5108;830;;;;0;no;2194
122;10:42:19;63.54;171.33;5076;829;;;;0;no;2197
122;10:42:32;63.29;172.62;5041;839;;;;0;no;2199
122;10:42:45;63.07;174.28;5022;847;;;;0;no;2205
122;10:42:58;62.93;175.79;5009;856;;;;0;no;2211
122;10:43:10;62.87;177.36;5010;877;;;;0;no;2223
122;10:43:23;62.8;178.85;4991;881;;;;0;no;2228
122;10:43:36;62.83;180.16;4969;885;;;;0;no;2230
122;10:43:49;63.03;181.36;4956;926;;;;0;no;2232
122;10:44:02;63.02;182.78;4935;904;;;;0;no;2232
122;10:44:15;63.01;183.87;4929;872;-43.6;-199;;0;no;2235
122;10:44:28;63.05;185.04;4957;812;-39.4;-172;1138;0;yes;2250
122;10:44:43;62.92;186.44;4935;724;-36.2;-153;990;0;yes;2252
122;10:44:57;63.48;185.09;5054;616;-32.7;-134;935;0;yes;2252
122;10:45:10;63.25;186.27;5047;592;-26.9;-103;943;0;yes;2272
122;10:45:25;63.09;187.93;5013;595;-19.6;-70;814;0;yes;2272
122;10:45:38;62.86;189.92;4962;579;-11.0;-36;711;0;yes;2272
122;10:45:51;62.74;191.67;4937;571;-3.7;-11;484;0;yes;2272
122;10:46:04;62.67;193.46;4928;575;-0.0;0;488;0;yes;2274
122;10:46:17;62.73;195.11;4941;582;2.2;6;493;0;yes;2274
122;10:46:30;62.86;196.67;4984;588;6.2;18;503;0;yes;2281
122;10:46:43;63.0;198.3;5014;591;9.7;28;506;0;yes;2281
122;10:46:56;63.18;199.84;5055;590;14.5;42;509;0;yes;2281
122;10:47:09;63.37;201.29;5101;595;19.0;54;425;0;yes;2283
122;10:47:22;63.57;202.69;5146;616;24.4;70;438;0;yes;2283
122;10:47:36;63.79;204.17;5195;634;27.5;78;475;0;yes;2283
122;10:47:49;64.05;205.58;5254;660;27.4;79;514;0;yes;2283
122;10:48:02;64.3;207.08;5346;677;24.1;71;552;0;yes;2297
122;10:48:15;64.59;208.45;5429;707;13.4;42;595;0;yes;2303
122;10:48:28;64.86;209.7;5497;722;0.7;3;632;0;yes;2303
122;10:48:41;65.14;210.93;5568;729;-12.1;-41;650;0;yes;2303
122;10:48:54;65.33;212.03;5615;709;-25.0;-90;641;0;yes;2303
122;10:49:07;65.42;213.33;5649;664;-35.1;-132;587;0;yes;2306
122;10:49:19;65.54;214.52;5679;623;-41.9;-160;514;0;yes;2306
122;10:49:32;65.81;215.77;5753;589;-44.5;-169;486;0;yes;2308
122;10:49:45;65.77;215.35;5761;461;-45.4;-166;362;0;yes;2315
122;10:49:58;66.36;217.91;5905;530;-43.3;-147;414;0;yes;2308
122;10:50:11;66.61;218.78;5993;498;-41.5;-131;384;0;yes;2315
122;10:50:26;66.87;219.49;6073;452;-40.7;-119;342;0;yes;2317
122;10:50:39;67.26;220.76;6205;424;-41.8;-112;333;0;yes;2322
122;10:50:54;67.64;221.83;6344;404;-45.9;-116;323;0;yes;2330
122;10:51:07;68.09;223.23;6497;380;-49.0;-119;304;0;yes;2334
122;10:51:20;68.48;224.34;6630;351;-51.2;-121;269;0;yes;2334
122;10:51:35;68.8;225.48;6756;308;-50.5;-113;248;0;yes;2340
122;10:51:48;69.15;226.65;6881;273;-51.9;-109;216;0;yes;2340
122;10:52:01;69.53;227.69;7020;258;-51.7;-104;221;0;yes;2340
122;10:52:14;69.89;228.48;7159;241;-50.0;-95;224;0;yes;2340
122;10:52:27;70.08;229.07;7235;177;-46.0;-79;166;0;yes;2341
122;10:52:40;70.37;229.67;7349;114;;;;0;no;2341
123;10:37:46;78.0;160.72;10712;910;;;;0;no;2169
123;10:37:59;77.9;161.29;10679;902;;;;0;no;2173
123;10:38:12;77.81;161.81;10629;894;;;;0;no;2173
123;10:38:25;77.74;162.37;10589;907;;;;0;no;2175
123;10:38:38;77.67;163.0;10540;894;;;;0;no;2176
123;10:38:51;77.6;163.74;10490;895;;;;0;no;2176
123;10:39:04;77.52;164.49;10444;888;;;;0;no;2176
123;10:39:17;77.46;165.25;10438;892;;;;0;no;2184
123;10:39:30;77.37;166.12;10409;895;;;;0;no;2187
123;10:39:43;77.25;166.95;10374;905;2.5;11;;0;no;2188
123;10:39:56;77.06;167.47;10666;930;5.9;27;617;0;yes;2188
123;10:40:09;76.96;168.21;10595;925;8.3;38;603;0;yes;2191
123;10:40:22;76.8;168.74;10462;926;11.6;53;588;0;yes;2192
123;10:40:35;76.69;169.31;10386;945;16.3;74;584;0;yes;2193
123;10:40:48;76.61;169.81;10321;971;18.7;84;618;0;yes;2193
123;10:41:01;76.54;170.27;10266;989;19.8;90;653;0;yes;2193
123;10:41:14;76.44;170.85;10180;1030;18.5;85;701;0;yes;2192
123;10:41:27;76.37;171.4;10122;1048;15.1;71;728;0;yes;2192
123;10:41:40;76.28;172.02;10062;1048;10.9;53;735;0;yes;2193
123;10:41:53;76.22;172.73;10017;1067;7.7;38;751;0;yes;2193
123;10:42:06;76.13;173.39;9952;1065;5.3;27;734;0;yes;2194
123;10:42:19;76.07;174.1;9924;1064;5.6;29;736;0;yes;2197
123;10:42:32;76.04;174.82;9908;1062;6.8;35;740;0;yes;2199
123;10:42:45;76.0;175.61;9904;1075;7.0;37;746;0;yes;2205
123;10:42:58;75.95;176.32;9895;1089;7.6;40;744;0;yes;2211
123;10:43:10;75.94;177.01;9941;1107;7.3;38;748;0;yes;2223
123;10:43:23;75.89;177.65;9932;1116;6.6;35;710;0;yes;2228
123;10:43:36;75.88;178.35;9929;1117;5.0;27;744;0;yes;2230
123;10:43:49;75.83;179.15;9897;1127;3.1;17;755;0;yes;2232
123;10:44:02;75.76;179.85;9852;1126;1.8;10;762;0;yes;2232
123;10:44:15;75.69;180.62;9814;1120;1.4;8;771;0;yes;2235
123;10:44:28;75.67;181.29;9867;1118;1.6;9;786;0;yes;2250
123;10:44:43;75.62;182.11;9836;1128;1.5;9;797;0;yes;2252
123;10:44:57;75.59;182.88;9814;1135;1.6;9;807;0;yes;2252
123;10:45:10;75.57;183.64;9912;1145;1.4;8;;0;no;2272
123;10:45:25;75.55;184.39;9926;1146;;;;0;no;2272
123;10:45:38;75.53;185.06;9945;1132;;;;0;no;2272
123;10:45:51;75.53;185.76;9962;1130;;;;0;no;2272
123;10:46:04;75.52;186.37;9992;1119;;;;0;no;2274
123;10:46:17;75.5;186.93;10016;1115;;;;0;no;2274
123;10:46:30;75.39;187.45;10074;1120;;;;0;no;2281
123;10:46:43;75.34;188.21;10102;1131;;;;0;no;2281
123;10:46:56;75.3;188.84;10131;1140;;;;0;no;2281
123;10:47:09;75.23;189.56;10169;1145;;;;0;no;2283
123;10:47:22;75.19;190.29;10201;1164;;;;0;no;2283
123;10:47:36;74.09;188.4;10237;1384;;;;1;no;2283
123;10:47:49;74.09;189.17;10272;1413;;;;1;no;2283
123;10:48:02;75.26;192.86;10372;1204;;;;0;no;2297
123;10:48:15;75.23;193.63;10439;1203;;;;0;no;2303
123;10:48:28;75.16;194.52;10479;1180;-2.1;-10;;0;no;2303
123;10:48:41;76.22;195.91;10521;942;-2.8;-13;642;0;yes;2303
123;10:48:54;76.12;195.65;10440;985;-13.5;-64;618;0;yes;2303
123;10:49:07;76.18;196.34;10500;960;-19.4;-94;605;0;yes;2306
123;10:49:19;76.23;196.99;10539;936;-25.6;-128;603;0;yes;2306
123;10:49:32;76.31;197.8;10615;941;-27.7;-139;601;0;yes;2308
123;10:49:45;76.63;199.99;10913;806;-27.3;-136;573;0;yes;2315
123;10:49:58;76.7;200.56;10934;774;-26.4;-129;545;0;yes;2308
123;10:50:11;76.77;201.23;11028;766;-25.2;-119;512;0;yes;2315
123;10:50:26;76.85;201.91;11102;764;-22.5;-103;501;0;yes;2317
123;10:50:39;77.01;202.85;11275;707;-14.3;-58;504;0;yes;2322
123;10:50:54;77.14;203.53;11023;706;-13.3;-53;;0;no;2330
123;10:51:07;77.24;204.25;11090;705;;;;0;no;2334
123;10:51:20;77.33;204.93;11134;691;;;;0;no;2334
123;10:51:35;77.41;205.52;11205;690;;;;0;no;2340
123;10:51:48;77.48;206.19;11261;694;;;;0;no;2340
123;10:52:01;77.54;206.79;11308;682;;;;0;no;2340
123;10:52:14;77.63;207.42;11359;670;;;;0;no;2340
123;10:52:27;77.7;208.05;11411;643;;;;0;no;2341
123;10:52:40;77.72;208.84;11456;598;;;;0;no;2341
123;10:52:53;77.71;209.54;11507;539;;;;0;no;2341
123;10:53:06;77.78;210.1;11583;495;;;;0;no;2347
124;10:38:25;50.31;342.17;2834;91;;;;0;yes;2175
124;10:38:38;49.94;339.26;2793;115;-4.6;-2;;0;yes;2176
124;10:38:51;49.43;337.2;2738;94;85.6;42;;0;yes;2176
124;10:39:04;50.13;335.29;2814;74;229.8;96;;0;yes;2176
124;10:39:17;50.45;332.87;2860;105;321.8;124;;0;yes;2184
124;10:39:30;50.34;324.99;2852;278;468.9;155;;1;no;2187
124;10:39:43;51.28;323.29;2962;279;534.3;171;;1;no;2188
124;10:39:56;52.07;321.45;3055;271;491.9;169;;1;no;2188
124;10:40:09;52.37;319.89;3096;258;375.2;151;;0;yes;2191
124;10:40:22;52.66;317.45;3134;313;205.4;114;;0;yes;2192
124;10:40:35;53.09;314.96;3190;326;53.7;55;680;0;yes;2193
124;10:40:48;53.68;312.43;3266;337;7.0;10;703;0;yes;2193
124;10:41:01;54.27;309.84;3344;334;-10.5;-16;698;0;yes;2193
124;10:41:14;55.1;307.47;3458;326;-23.7;-39;670;0;yes;2192
124;10:41:27;56.15;305.31;3609;309;-33.7;-58;556;0;yes;2192
124;10:41:40;57.27;303.51;3785;270;-40.9;-72;487;0;yes;2193
124;10:41:53;58.16;305.97;3930;321;-50.1;-89;426;0;yes;2193
124;10:42:06;58.89;306.07;4057;245;-65.4;-116;347;0;yes;2194
124;10:42:19;60.01;305.21;4263;231;-73.2;-129;367;0;yes;2197
124;10:42:32;61.08;304.02;4459;216;-76.9;-130;374;0;yes;2199
124;10:42:45;61.97;302.25;4639;179;-78.9;-129;206;0;yes;2205
124;10:42:58;62.21;299.98;4700;112;-81.9;-135;110;0;yes;2211
124;10:43:10;62.89;298.65;4864;95;-85.4;-146;81;0;yes;2223
124;10:43:23;63.49;297.45;5003;76;;;63;0;yes;2228
125;10:38:38;66.37;197.63;5568;33;;;;0;no;2176
125;10:38:51;66.59;198.68;5628;101;607.4;202;102;0;yes;2176
125;10:39:04;66.7;200.05;5659;138;556.5;212;166;0;yes;2176
125;10:39:17;67.21;201.49;5821;219;483.6;213;296;0;yes;2184
125;10:39:30;67.42;202.71;5889;268;408.2;206;341;0;yes;2187
125;10:39:43;67.61;203.28;5947;340;324.9;207;377;0;yes;2188
125;10:39:56;67.72;204.29;5980;384;251.3;212;397;0;yes;2188
125;10:40:09;67.85;205.29;6029;421;211.4;226;403;0;yes;2191
125;10:40:22;68.08;206.25;6099;469;173.3;229;456;0;yes;2192
125;10:40:35;68.27;207.26;6164;496;137.7;219;495;0;yes;2193
125;10:40:48;68.17;209.94;6132;632;117.0;209;;1;no;2193
125;10:41:01;68.2;210.47;6142;626;95.3;188;616;0;yes;2193
125;10:41:14;68.38;211.57;6193;666;73.3;161;647;0;yes;2192
125;10:41:27;68.56;212.64;6250;690;48.3;121;671;0;yes;2192
125;10:41:40;68.73;213.68;6309;702;25.4;74;671;0;yes;2193
125;10:41:53;68.87;214.72;6357;706;12.1;40;664;0;yes;2193
125;10:42:06;69.06;215.71;6424;718;7.5;25;662;0;yes;2194
125;10:42:19;69.22;216.78;6485;721;5.1;18;634;0;yes;2197
125;10:42:32;69.37;217.85;6544;721;2.5;9;613;0;yes;2199
125;10:42:45;69.58;218.84;6636;733;-0.3;-1;616;0;yes;2205
125;10:42:58;69.79;219.85;6728;727;-3.1;-11;588;0;yes;2211
125;10:43:10;70.01;220.74;6845;723;-6.6;-24;567;0;yes;2223
125;10:43:23;70.24;221.6;6947;715;-11.0;-40;554;0;yes;2228
125;10:43:36;70.48;222.47;7044;704;-14.6;-54;535;0;yes;2230
125;10:43:49;70.71;223.36;7142;697;-17.3;-64;534;0;yes;2232
125;10:44:02;70.92;224.2;7227;673;-19.2;-71;522;0;yes;2232
125;10:44:15;71.17;224.89;7341;647;-20.1;-73;509;0;yes;2235
125;10:44:28;71.4;225.59;7489;635;-21.4;-76;511;0;yes;2250
125;10:44:43;71.63;226.51;7596;621;-24.0;-84;507;0;yes;2252
125;10:44:57;71.84;227.42;7689;605;-35.3;-118;497;0;yes;2252
125;10:45:10;72.09;228.1;7873;591;-46.5;-156;483;0;yes;2272
125;10:45:25;72.33;228.7;7988;564;-56.1;-192;466;0;yes;2272
125;10:45:38;72.6;229.19;8120;527;-63.5;-220;441;0;yes;2272
125;10:45:51;72.64;228.51;8137;398;-68.6;-235;405;0;yes;2272
125;10:46:04;72.7;229.23;8176;345;-72.1;-237;367;0;yes;2274
125;10:46:17;72.8;230.0;8228;307;-73.5;-222;269;0;yes;2274
125;10:46:30;72.88;230.86;8293;273;-71.5;-186;205;0;yes;2281
125;10:46:43;73.07;231.32;8393;238;-71.2;-148;185;0;yes;2281
125;10:46:56;73.3;231.67;8514;206;-70.7;-129;164;0;yes;2281
125;10:47:09;73.54;232.07;8657;181;-68.4;-110;157;0;yes;2283
125;10:47:22;73.72;232.62;8758;171;-63.3;-89;140;0;yes;2283
125;10:47:36;73.76;233.49;8781;97;-61.1;-78;75;0;yes;2283
125;10:47:49;73.96;234.12;8894;120;-57.8;-67;90;0;yes;2283
125;10:48:02;74.18;234.63;9079;124;-53.5;-57;79;0;yes;2297
125;10:48:15;74.43;235.1;9259;127;;;65;0;yes;2303
126;10:39:17;74.62;151.24;8894;106;;;87;0;yes;2184
126;10:39:30;74.4;152.19;8771;153;87.6;58;120;0;yes;2187
126;10:39:43;74.17;153.27;8646;188;74.9;53;154;0;yes;2188
126;10:39:56;73.95;154.32;8520;206;63.0;47;168;0;yes;2188
126;10:40:09;73.76;155.43;8426;212;53.5;41;171;0;yes;2191
126;10:40:22;73.56;156.57;8317;213;34.8;30;150;0;yes;2192
126;10:40:35;73.39;157.55;8234;223;21.1;20;156;0;yes;2193
126;10:40:48;73.22;158.54;8146;225;4.8;5;139;0;yes;2193
126;10:41:01;73.06;159.55;8067;227;-7.0;-7;137;0;yes;2193
126;10:41:14;72.93;160.44;7995;236;-20.8;-23;157;0;yes;2192
126;10:41:27;72.8;161.3;7929;228;-34.1;-40;155;0;yes;2192
126;10:41:40;72.71;162.17;7891;204;-44.4;-54;138;0;yes;2193
126;10:41:53;72.72;162.78;7898;193;-53.1;-66;156;0;yes;2193
126;10:42:06;72.67;163.42;7877;171;-60.3;-75;146;0;yes;2194
126;10:42:19;72.58;164.4;7842;155;-63.5;-80;141;0;yes;2197
126;10:42:32;72.47;165.58;7797;121;-64.9;-78;120;0;yes;2199
126;10:42:45;72.39;167.02;7781;85;-67.5;-81;117;0;yes;2205
126;10:42:58;72.0;169.31;7622;48;;;;0;no;2211
127;10:39:56;62.19;98.83;4646;40;;;45;0;yes;2188
127;10:40:09;61.43;99.05;4506;56;736.3;112;77;0;yes;2191
127;10:40:22;60.89;99.22;4408;93;677.6;121;123;0;yes;2192
127;10:40:35;60.12;99.34;4275;113;572.7;121;147;0;yes;2193
127;10:40:48;58.84;100.23;4045;156;460.0;114;248;0;yes;2193
127;10:41:01;57.76;100.62;3864;173;304.7;104;284;0;yes;2193
127;10:41:14;56.64;101.17;3684;214;192.7;88;343;0;yes;2192
127;10:41:27;55.51;101.73;3516;230;103.1;62;372;0;yes;2192
127;10:41:40;54.28;102.26;3347;242;36.8;30;410;0;yes;2193
127;10:41:53;53.11;102.62;3193;239;1.9;1;;0;yes;2193
127;10:42:06;51.91;102.81;3045;234;-32.8;-38;;0;yes;2194
127;10:42:19;50.56;102.85;2890;221;-49.0;-62;;0;yes;2197
127;10:42:32;49.31;102.91;2756;206;-58.4;-77;;0;yes;2199
127;10:42:45;48.04;103.38;2630;188;-65.3;-87;;0;yes;2205
127;10:42:58;46.38;102.89;2473;141;-69.3;-95;;0;yes;2211
127;10:43:10;45.04;103.13;2360;119;-72.0;-99;;0;yes;2223
127;10:43:23;42.89;105.02;2177;85;-73.9;-100;;0;yes;2228
127;10:43:36;41.2;106.42;2039;54;;;;0;no;2230
128;10:40:09;77.92;144.7;12328;865;;;;0;no;2191
128;10:40:22;77.85;145.17;12289;861;;;;0;no;2192
128;10:40:35;77.77;145.69;12254;863;;;;0;no;2193
128;10:40:48;77.67;146.26;12212;854;;;;0;no;2193
128;10:41:01;77.61;146.83;12173;853;;;;0;no;2193
128;10:41:14;77.57;147.47;12126;846;;;;0;no;2192
128;10:41:27;77.5;147.91;12088;819;;;;0;no;2192
128;10:41:40;77.42;148.29;12058;811;;;;0;no;2193
128;10:41:53;77.35;148.85;12019;788;;;;0;no;2193
128;10:42:06;77.27;149.41;11989;771;;;;0;no;2194
128;10:42:19;77.25;149.85;11969;756;;;;0;no;2197
128;10:42:32;77.37;149.83;11946;845;;;;0;no;2199
128;10:42:45;77.41;150.05;11946;863;;;;0;no;2205
128;10:42:58;77.55;148.03;11953;683;;;;0;no;2211
128;10:43:10;77.55;148.48;11990;698;;;;0;no;2223
128;10:43:23;77.54;148.9;11983;726;;;;0;no;2228
128;10:43:36;77.53;149.33;11957;721;;;;0;no;2230
128;10:43:49;77.56;149.67;11941;680;;;;0;no;2232
128;10:44:02;77.96;149.54;11912;597;;;;0;no;2232
128;10:44:15;77.96;150.08;11895;607;;;;0;no;2235
128;10:44:28;78.06;150.53;11951;570;;;;0;no;2250
128;10:44:43;78.04;150.98;11937;568;;;;0;no;2252
128;10:44:57;78.07;151.41;11914;568;;;;0;no;2252
128;10:45:10;78.02;151.82;11998;590;;;;0;no;2272
128;10:45:25;78.01;152.32;11981;605;;;;0;no;2272
128;10:45:38;77.99;152.61;11958;644;;;;0;no;2272
128;10:45:51;77.95;153.04;11940;656;;;;0;no;2272
128;10:46:04;77.92;153.51;11936;673;;;;0;no;2274
128;10:46:17;77.88;154.04;11922;677;;;;0;no;2274
128;10:46:30;77.89;154.51;11950;686;;;;0;no;2281
128;10:46:43;77.9;154.78;11942;682;;;;0;no;2281
128;10:46:56;77.88;155.24;11937;669;;;;0;no;2281
128;10:47:09;77.83;155.81;11940;658;;;;0;no;2283
128;10:47:22;77.8;156.49;11935;650;;;;0;no;2283
128;10:47:36;77.81;157.21;11929;665;-6.1;-21;;0;no;2283
128;10:47:49;77.82;158.01;11851;668;-7.2;-24;;0;yes;2283
128;10:48:02;77.84;158.82;11937;650;-7.2;-24;;0;yes;2297
128;10:48:15;77.86;159.48;11994;644;-7.7;-26;;0;yes;2303
128;10:48:28;77.9;160.26;12031;647;-7.5;-25;;0;yes;2303
128;10:48:41;77.97;161.09;12099;629;-8.2;-27;;0;yes;2303
128;10:48:54;77.96;161.62;12095;629;-8.8;-29;;0;yes;2303
128;10:49:07;77.98;162.16;12135;618;-8.5;-28;;0;yes;2306
128;10:49:19;77.97;162.53;12122;617;-7.4;-24;;0;yes;2306
128;10:49:32;77.99;162.92;12149;603;-5.4;-17;;0;yes;2308
128;10:49:45;77.95;163.34;12147;603;-4.3;-14;;0;yes;2315
128;10:49:58;77.92;163.91;12075;605;-2.8;-9;;0;yes;2308
128;10:50:11;77.88;164.49;12075;603;-2.3;-7;;0;yes;2315
128;10:50:26;77.86;165.08;12057;600;-0.8;-2;;0;yes;2317
128;10:50:39;77.82;165.78;12199;593;-0.8;-2;;0;no;2322
128;10:50:54;77.84;166.43;12259;587;;;;0;no;2330
128;10:51:07;77.82;167.15;12288;569;;;;0;no;2334
128;10:51:20;77.8;167.66;12302;548;;;;0;no;2334
128;10:51:35;77.81;168.23;12349;517;;;;0;no;2340
128;10:51:48;77.83;169.08;12365;492;;;;0;no;2340
128;10:52:01;77.88;169.9;12384;441;;;;0;no;2340
128;10:52:14;77.93;170.61;12403;391;;;;0;no;2340
129;10:40:22;76.43;156.79;9759;221;;;;0;no;2192
129;10:40:35;76.25;157.34;9720;286;;;;0;no;2193
129;10:40:48;76.12;157.97;9675;333;;;;0;no;2193
129;10:41:01;76.0;158.58;9635;365;34.2;64;;0;no;2193
129;10:41:14;75.88;159.16;9756;401;35.4;67;337;0;yes;2192
129;10:41:27;75.77;159.73;9677;425;36.7;70;328;0;yes;2192
129;10:41:40;75.65;160.34;9603;450;36.9;72;297;0;yes;2193
129;10:41:53;75.56;160.93;9541;473;36.4;73;278;0;yes;2193
129;10:42:06;75.48;161.5;9489;488;35.9;74;284;0;yes;2194
129;10:42:19;75.42;162.22;9457;508;35.7;76;303;0;yes;2197
129;10:42:32;75.31;163.0;9399;523;36.0;80;348;0;yes;2199
129;10:42:45;75.23;163.82;9370;532;34.5;80;365;0;yes;2205
129;10:42:58;75.19;164.72;9370;550;32.7;78;395;0;yes;2211
129;10:43:10;75.17;165.5;9404;570;29.2;73;445;0;yes;2223
129;10:43:23;75.11;166.34;9387;597;25.2;65;477;0;yes;2228
129;10:43:36;75.09;167.16;9381;616;21.3;56;531;0;yes;2230
129;10:43:49;75.08;167.88;9382;621;18.4;51;530;0;yes;2232
129;10:44:02;75.15;168.52;9428;610;17.1;49;534;0;yes;2232
129;10:44:15;75.19;169.27;9463;622;16.4;49;499;0;yes;2235
129;10:44:28;75.16;170.08;9510;631;16.3;49;505;0;yes;2250
129;10:44:43;75.07;170.95;9463;656;15.8;48;520;0;yes;2252
129;10:44:57;75.04;171.85;9441;677;12.9;40;532;0;yes;2252
129;10:45:10;75.02;172.62;9507;705;8.3;26;540;0;yes;2272
129;10:45:25;75.03;173.6;9517;700;0.9;3;547;0;yes;2272
129;10:45:38;74.99;174.45;9488;686;-6.1;-21;559;0;yes;2272
129;10:45:51;74.95;175.29;9460;673;-12.0;-42;578;0;yes;2272
129;10:46:04;74.93;176.14;9458;661;-18.1;-64;590;0;yes;2274
129;10:46:17;74.91;176.92;9444;638;-22.1;-78;592;0;yes;2274
129;10:46:30;74.94;177.61;9492;631;-23.7;-83;516;0;yes;2281
129;10:46:43;74.91;178.34;9475;611;-23.5;-81;478;0;yes;2281
129;10:46:56;74.85;179.04;9436;558;-23.8;-80;440;0;yes;2281
129;10:47:09;74.89;180.11;9473;554;-24.8;-81;427;0;yes;2283
129;10:47:22;74.98;181.41;9530;570;-24.8;-79;397;0;yes;2283
129;10:47:36;75.07;182.46;9591;544;-37.6;-113;350;0;yes;2283
129;10:47:49;75.09;183.65;9607;520;-46.2;-138;325;0;yes;2283
129;10:48:02;75.12;184.87;9683;489;-51.8;-157;316;0;yes;2297
129;10:48:15;75.15;185.82;9731;493;-54.1;-164;328;0;yes;2303
129;10:48:28;75.04;185.12;9656;340;-55.7;-165;241;0;yes;2303
129;10:48:41;75.02;186.14;9643;323;-53.1;-148;248;0;yes;2303
129;10:48:54;75.08;186.82;9678;324;-47.0;-119;276;0;yes;2303
129;10:49:07;75.12;187.56;9722;319;-36.1;-81;316;0;yes;2306
129;10:49:19;75.32;188.46;9859;288;-14.3;-24;231;0;yes;2306
129;10:49:32;75.42;189.38;9938;258;-0.7;-1;174;0;yes;2308
129;10:49:45;75.51;190.29;10034;266;11.6;18;181;0;yes;2315
129;10:49:58;75.57;190.94;10047;294;25.6;37;179;0;yes;2308
129;10:50:11;75.64;191.65;10126;309;39.0;53;187;0;yes;2315
129;10:50:26;75.68;192.19;10167;342;40.9;56;210;0;yes;2317
129;10:50:39;75.75;192.97;10243;350;37.3;53;208;0;yes;2322
129;10:50:54;75.82;193.66;10331;362;29.4;44;219;0;yes;2330
129;10:51:07;75.88;194.4;10388;371;19.3;31;226;0;yes;2334
129;10:51:20;75.94;195.07;10435;378;8.5;15;231;0;yes;2334
129;10:51:35;75.98;195.72;10497;375;0.1;0;221;0;yes;2340
129;10:51:48;76.04;196.55;10546;374;-7.1;-13;204;0;yes;2340
129;10:52:01;76.13;197.21;10615;374;-11.6;-22;218;0;yes;2340
129;10:52:14;76.19;197.83;10667;366;-13.7;-26;219;0;yes;2340
129;10:52:27;76.27;198.38;10729;345;-16.0;-31;217;0;yes;2341
129;10:52:40;76.35;199.17;10798;339;-17.5;-33;204;0;yes;2341
129;10:52:53;76.44;199.92;10869;341;-19.5;-37;212;0;yes;2341
129;10:53:06;76.52;200.68;10969;338;-20.3;-37;211;0;yes;2347
129;10:53:19;76.63;201.39;11034;325;-23.1;-41;205;0;yes;2341
129;10:53:32;76.71;202.09;11160;318;-28.6;-51;202;0;yes;2355
129;10:53:45;76.8;202.81;11174;302;-33.4;-59;178;0;yes;2341
129;10:53:58;76.88;203.53;11315;293;-36.8;-65;169;0;yes;2355
129;10:54:12;76.99;204.22;11412;271;-40.2;-68;153;0;yes;2355
129;10:54:24;77.1;204.93;11518;254;-42.1;-71;141;0;yes;2355
129;10:54:37;77.21;205.61;11629;229;-43.2;-72;117;0;yes;2357
129;10:54:51;77.29;206.3;11705;186;-44.9;-74;100;0;yes;2357
129;10:55:04;77.39;207.6;11581;107;;;;0;no;2355
130;10:40:35;77.89;110.26;11452;918;;;;0;yes;2193
130;10:40:48;77.76;110.43;11321;912;11.8;53;;0;yes;2193
130;10:41:01;77.64;110.56;11211;925;13.5;60;;0;yes;2193
130;10:41:14;77.52;110.75;11093;931;14.0;63;;0;yes;2192
130;10:41:27;77.4;110.89;10982;943;13.7;62;;0;yes;2192
130;10:41:40;77.3;111.11;10896;984;14.0;64;;0;yes;2193
130;10:41:53;77.19;111.3;10803;993;13.3;61;;0;yes;2193
130;10:42:06;77.08;111.49;10715;1004;11.2;52;;0;yes;2194
130;10:42:19;76.96;111.62;10627;1010;8.2;39;669;0;yes;2197
130;10:42:32;76.88;111.72;10569;1016;6.4;31;658;0;yes;2199
130;10:42:45;76.78;111.8;10510;1023;6.3;31;648;0;yes;2205
130;10:42:58;76.64;111.88;10428;1020;5.9;30;658;0;yes;2211
130;10:43:10;76.5;111.97;10376;1022;4.8;24;666;0;yes;2223
130;10:43:23;76.38;112.24;10303;1055;3.6;18;703;0;yes;2228
130;10:43:36;76.22;112.45;10186;1069;2.4;12;707;0;yes;2230
130;10:43:49;76.05;112.66;10062;1050;2.2;11;674;0;yes;2232
130;10:44:02;75.87;112.82;9930;1009;2.5;13;639;0;yes;2232
130;10:44:15;75.73;113.05;9838;1016;3.9;20;632;0;yes;2235
130;10:44:28;75.61;113.25;9818;1039;6.7;35;634;0;yes;2250
130;10:44:43;75.46;113.51;9725;1055;8.6;44;638;0;yes;2252
130;10:44:57;75.27;113.85;9597;1070;9.7;50;652;0;yes;2252
130;10:45:10;75.09;114.16;9556;1100;9.1;47;699;0;yes;2272
130;10:45:25;74.92;114.44;9445;1110;7.6;39;708;0;yes;2272
130;10:45:38;74.75;114.75;9331;1117;4.9;26;713;0;yes;2272
130;10:45:51;74.58;115.03;9221;1114;2.6;14;726;0;yes;2272
130;10:46:04;74.41;115.27;9124;1109;2.1;12;747;0;yes;2274
130;10:46:17;74.21;115.45;9005;1087;4.3;24;732;0;yes;2274
130;10:46:30;74.02;115.62;8921;1077;8.6;47;734;0;yes;2281
130;10:46:43;73.95;115.41;8881;1110;12.8;70;779;0;yes;2281
130;10:46:56;73.8;115.57;8798;1138;17.7;96;778;0;yes;2281
130;10:47:09;73.69;115.79;8738;1166;22.7;122;796;0;yes;2283
130;10:47:22;73.63;116.03;8705;1206;26.7;144;842;0;yes;2283
130;10:47:36;73.52;116.24;8647;1228;27.3;149;898;0;yes;2283
130;10:47:49;73.45;116.42;8606;1269;24.4;137;978;0;yes;2283
130;10:48:02;73.33;116.68;8591;1314;20.4;118;1028;0;yes;2297
130;10:48:15;73.18;117.0;8533;1348;15.3;92;1055;0;yes;2303
130;10:48:28;73.07;117.28;8471;1360;10.7;66;1055;0;yes;2303
130;10:48:41;72.92;117.56;8394;1354;4.6;30;1077;0;yes;2303
130;10:48:54;72.78;117.76;8323;1360;-1.0;-6;1107;0;yes;2303
130;10:49:07;72.63;118.01;8258;1352;-5.1;-35;1126;0;yes;2306
130;10:49:19;72.51;118.26;8197;1369;-7.9;-54;1141;0;yes;2306
130;10:49:32;72.36;118.44;8129;1331;-9.9;-68;1126;0;yes;2308
130;10:49:45;72.18;118.62;8066;1306;-11.4;-79;1109;0;yes;2315
130;10:49:58;72.0;118.78;7953;1265;-12.2;-84;1084;0;yes;2308
130;10:50:11;71.84;118.75;7905;1235;-12.8;-89;1089;0;yes;2315
130;10:50:26;71.74;118.76;7823;1222;-12.4;-85;;0;no;2317
130;10:50:39;71.6;118.95;7739;1208;;;;0;no;2322
130;10:50:54;71.43;119.25;7679;1199;;;;0;no;2330
130;10:51:07;71.21;119.64;7587;1189;;;;0;no;2334
130;10:51:20;70.93;120.2;7499;1188;;;;0;no;2334
130;10:51:35;70.68;120.85;7434;1191;;;;0;no;2340
130;10:51:48;70.43;121.56;7335;1205;;;;0;no;2340
130;10:52:01;70.18;122.0;7251;1194;;;;0;no;2340
130;10:52:14;69.95;122.57;7163;1182;-16.9;-101;;0;no;2340
130;10:52:27;69.68;122.81;7080;1146;-17.9;-106;857;0;yes;2341
130;10:52:40;69.33;123.16;6950;1105;-18.2;-107;859;0;yes;2341
130;10:52:53;69.05;123.31;6848;1062;-19.4;-113;853;0;yes;2341
130;10:53:06;68.78;123.45;6769;1034;-20.9;-120;865;0;yes;2347
130;10:53:19;68.49;123.78;6652;1006;-23.7;-134;881;0;yes;2341
130;10:53:32;68.13;124.33;6570;987;-32.6;-181;908;0;yes;2355
130;10:53:45;67.77;124.87;6416;944;-40.6;-224;905;0;yes;2341
130;10:53:58;67.45;125.23;6351;918;-49.0;-270;899;0;yes;2355
130;10:54:12;67.03;125.58;6221;864;-56.1;-308;853;0;yes;2355
130;10:54:24;66.62;127.66;6099;715;-60.6;-328;779;0;yes;2355
130;10:54:37;66.18;128.45;5978;657;-63.6;-330;712;0;yes;2357
130;10:54:51;65.64;129.33;5828;568;-65.2;-318;641;0;yes;2357
130;10:55:04;65.1;130.45;5682;504;-63.5;-278;584;0;yes;2355
130;10:55:17;64.71;131.54;5581;465;-58.6;-218;554;0;yes;2355
130;10:55:30;64.46;132.81;5500;415;-54.7;-182;515;0;yes;2346
130;10:55:43;64.21;134.01;5457;374;-49.2;-142;509;0;yes;2355
130;10:55:56;64.05;135.1;5419;358;-44.1;-113;494;0;yes;2355
130;10:56:09;63.97;136.18;5381;331;-41.4;-99;445;0;yes;2346
130;10:56:21;63.94;136.82;5375;300;-36.9;-81;433;0;yes;2346
130;10:56:34;63.82;137.89;5261;303;-33.1;-67;;0;no;2343
130;10:56:49;63.57;139.19;5180;314;;;;0;no;2343
130;10:57:02;63.2;140.9;5084;321;;;;0;no;2341
130;10:57:15;62.84;142.38;4998;325;;;;0;no;2338
130;10:57:29;62.47;143.93;4923;333;;;;0;no;2338
130;10:57:41;62.15;145.3;4846;336;;;;0;no;2338
130;10:57:55;61.84;146.71;4775;346;;;;0;no;2341
130;10:58:07;61.56;147.75;4695;348;;;;0;no;2338
130;10:58:22;61.27;148.53;4626;345;;;;0;no;2338
130;10:58:35;60.87;149.71;4545;344;;;;0;no;2338
130;10:58:48;60.48;150.63;4469;341;;;;0;no;2334
130;10:59:01;60.04;151.48;4404;333;;;;0;no;2334
131;10:40:35;77.28;185.97;10878;124;;;93;0;yes;2193
131;10:40:48;77.29;186.59;10890;160;165.9;102;116;0;yes;2193
131;10:41:01;77.27;187.26;10878;197;176.2;115;124;0;yes;2193
131;10:41:14;77.25;188.07;10850;235;186.4;128;138;0;yes;2192
131;10:41:27;77.26;188.82;10856;252;185.4;136;152;0;yes;2192
131;10:41:40;77.35;189.23;10946;263;173.9;142;203;0;yes;2193
131;10:41:53;77.42;189.98;11004;317;152.3;142;246;0;yes;2193
131;10:42:06;77.5;190.53;11087;363;119.3;129;271;0;yes;2194
131;10:42:19;77.59;191.05;11180;394;98.7;118;280;0;yes;2197
131;10:42:32;77.66;191.59;11262;413;74.7;101;;0;yes;2199
131;10:42:45;77.75;192.13;11373;428;45.5;74;;0;yes;2205
131;10:42:58;77.8;192.68;11451;427;30.0;55;;0;yes;2211
131;10:43:10;77.86;193.26;11573;442;23.6;46;;0;yes;2223
131;10:43:23;77.9;193.89;11642;457;19.9;41;;0;yes;2228
131;10:43:36;77.95;194.43;11697;454;19.5;41;;0;yes;2230
131;10:43:49;77.98;195.11;11739;467;23.9;51;;0;yes;2232
131;10:44:02;77.97;195.89;11729;480;26.8;58;;0;yes;2232
131;10:44:15;77.98;196.59;11754;480;33.6;74;;0;yes;2235
131;10:44:28;77.98;197.39;11829;514;42.6;94;;0;yes;2250
131;10:44:43;77.98;198.27;11845;553;46.9;104;;0;yes;2252
131;10:44:57;78.01;199.03;11878;597;52.6;115;;0;no;2252
131;10:45:10;77.98;199.82;11954;633;61.4;132;;0;yes;2272
131;10:45:25;77.98;200.57;12213;660;;;;0;no;2272
132;10:40:48;69.66;27.12;6625;47;;;;0;no;2193
132;10:41:01;69.48;26.27;6565;98;264.6;221;;0;no;2193
132;10:41:14;69.23;25.68;6474;224;229.2;217;277;0;yes;2192
132;10:41:27;68.39;23.86;6196;378;199.5;210;402;0;yes;2192
132;10:41:40;68.1;22.93;6111;424;173.4;200;437;0;yes;2193
132;10:41:53;67.9;22.06;6049;482;119.5;180;495;0;yes;2193
132;10:42:06;67.63;21.22;5973;527;95.5;170;546;0;yes;2194
132;10:42:19;67.35;20.21;5896;561;88.9;170;577;0;yes;2197
132;10:42:32;67.1;19.33;5831;585;76.1;160;599;0;yes;2199
132;10:42:45;66.78;18.12;5757;625;58.4;138;641;0;yes;2205
132;10:42:58;66.54;16.99;5707;662;48.4;125;695;0;yes;2211
132;10:43:10;66.29;15.83;5670;688;40.0;110;741;0;yes;2223
132;10:43:23;66.06;14.71;5621;701;33.4;98;742;0;yes;2228
132;10:43:36;65.89;13.63;5581;712;26.7;84;705;0;yes;2230
132;10:43:49;65.74;12.56;5545;740;23.5;77;748;0;yes;2232
132;10:44:02;65.58;11.45;5506;745;22.1;75;760;0;yes;2232
132;10:44:15;65.44;10.13;5476;764;21.9;76;766;0;yes;2235
132;10:44:28;65.25;8.77;5464;779;20.7;74;807;0;yes;2250
132;10:44:43;65.26;7.24;5475;806;18.6;68;879;0;yes;2252
132;10:44:57;65.24;5.72;5468;834;18.9;69;949;0;yes;2252
132;10:45:10;65.2;4.29;5506;854;17.6;66;930;0;yes;2272
132;10:45:25;65.25;2.8;5455;860;-38.0;-143;;0;no;2272
132;10:45:38;65.32;1.16;5405;867;-58.5;-260;;0;no;2272
132;10:45:51;65.32;359.82;5360;868;-70.2;-338;;0;no;2272
132;10:46:04;65.36;358.64;5320;859;-74.9;-374;;0;no;2274
132;10:46:17;65.39;357.45;5278;831;-75.7;-372;;0;no;2274
132;10:46:30;65.55;356.5;5254;769;-71.2;-313;;0;no;2281
132;10:46:43;63.91;355.26;5217;462;-46.1;-112;572;0;yes;2281
132;10:46:56;62.62;353.19;4933;303;-39.8;-91;329;0;yes;2281
132;10:47:09;62.31;351.82;4873;286;-36.2;-79;305;0;yes;2283
132;10:47:22;62.16;350.13;4843;289;-23.2;-42;312;0;yes;2283
132;10:47:36;62.07;348.31;4823;300;-15.6;-24;310;0;yes;2283
132;10:47:49;62.09;346.61;4829;316;-25.1;-38;317;0;yes;2283
132;10:48:02;61.94;345.16;4826;277;-45.0;-70;310;0;yes;2297
132;10:48:15;61.98;343.79;4848;270;-57.2;-92;290;0;yes;2303
132;10:48:28;62.11;342.24;4875;258;-64.8;-107;287;0;yes;2303
132;10:48:41;62.43;341.03;4940;220;-69.9;-121;232;0;yes;2303
132;10:48:54;62.42;339.32;4938;153;-74.4;-134;130;0;yes;2303
132;10:49:07;62.54;337.63;4971;130;-79.0;-150;109;0;yes;2306
132;10:49:19;62.71;335.73;5007;100;;;78;0;yes;2306
133;10:41:01;72.52;283.91;7551;448;;;;0;no;2193
133;10:41:14;72.55;283.79;7807;442;26.3;54;386;0;yes;2192
133;10:41:27;72.61;283.8;7837;430;31.3;64;359;0;yes;2192
133;10:41:40;72.79;283.29;7932;433;34.7;71;348;0;yes;2193
133;10:41:53;72.92;283.05;7993;473;35.0;72;374;0;yes;2193
133;10:42:06;73.09;282.65;8084;492;39.0;81;387;0;yes;2194
133;10:42:19;73.25;282.22;8174;513;38.5;81;407;0;yes;2197
133;10:42:32;73.39;281.86;8258;535;38.8;85;416;0;yes;2199
133;10:42:45;73.56;281.43;8369;544;33.2;78;420;0;yes;2205
133;10:42:58;73.73;280.99;8487;559;28.4;69;423;0;yes;2211
133;10:43:10;73.91;280.59;8633;566;18.7;48;425;0;yes;2223
133;10:43:23;74.2;280.65;8818;605;8.4;23;477;0;yes;2228
133;10:43:36;74.39;280.37;8941;612;-1.5;-4;491;0;yes;2230
133;10:43:49;74.63;280.15;9094;632;-12.2;-36;519;0;yes;2232
133;10:44:02;74.68;279.4;9123;573;-22.4;-68;470;0;yes;2232
133;10:44:15;74.88;279.11;9260;554;-30.7;-97;469;0;yes;2235
133;10:44:28;75.01;278.92;9407;531;-34.4;-108;467;0;yes;2250
133;10:44:43;75.18;278.72;9536;504;-36.9;-114;457;0;yes;2252
133;10:44:57;75.33;278.51;9637;467;-37.7;-111;413;0;yes;2252
133;10:45:10;75.56;278.38;9877;444;-39.1;-111;398;0;yes;2272
133;10:45:25;75.72;278.07;9997;423;-38.9;-105;376;0;yes;2272
133;10:45:38;75.92;277.7;10148;398;-41.6;-106;363;0;yes;2272
133;10:45:51;76.12;277.44;10294;377;-45.5;-110;348;0;yes;2272
133;10:46:04;76.31;277.17;10455;354;-59.4;-137;330;0;yes;2274
133;10:46:17;76.5;276.88;10603;333;-63.5;-148;310;0;yes;2274
133;10:46:30;76.67;276.53;10780;263;-67.8;-159;296;0;yes;2281
133;10:46:43;76.62;276.82;10739;117;-73.2;-178;;0;no;2281
133;10:46:56;76.75;276.54;10850;78;;;69;0;yes;2281
134;10:41:14;75.99;54.93;9836;139;;;;0;no;2192
134;10:41:27;75.82;54.34;9713;255;189.8;205;156;0;yes;2192
134;10:41:40;75.61;53.94;9573;319;192.0;219;197;0;yes;2193
134;10:41:53;75.44;53.62;9454;373;182.8;222;247;0;yes;2193
134;10:42:06;75.29;53.0;9364;455;170.6;221;294;0;yes;2194
134;10:42:19;75.09;52.31;9243;511;160.0;230;322;0;yes;2197
134;10:42:32;74.89;51.65;9121;564;147.0;237;353;0;yes;2199
134;10:42:45;74.64;50.91;8991;605;125.3;231;374;0;yes;2205
134;10:42:58;74.39;50.17;8864;646;96.9;214;425;0;yes;2211
134;10:43:10;74.14;49.5;8767;694;79.2;196;486;0;yes;2223
134;10:43:23;73.93;48.79;8662;747;64.0;175;535;0;yes;2228
134;10:43:36;73.67;48.09;8526;784;58.8;169;563;0;yes;2230
134;10:43:49;73.41;47.33;8392;821;52.3;158;597;0;yes;2232
134;10:44:02;73.18;46.59;8269;846;43.3;139;647;0;yes;2232
134;10:44:15;72.89;45.85;8131;878;;;707;0;yes;2235
135;10:41:40;52.36;119.77;3098;23;;;;0;no;2193
135;10:41:53;51.0;121.11;2936;48;735.6;122;;0;yes;2193
135;10:42:06;49.7;122.64;2791;76;665.4;128;;0;yes;2194
135;10:42:19;48.55;124.64;2672;114;550.5;123;;0;yes;2197
135;10:42:32;47.35;126.11;2553;151;431.0;113;;0;yes;2199
135;10:42:45;46.27;128.29;2455;198;293.4;102;;0;yes;2205
135;10:42:58;44.86;130.28;2332;220;164.5;77;;0;yes;2211
135;10:43:10;43.44;132.48;2218;238;60.7;38;;0;yes;2223
135;10:43:23;42.12;134.74;2113;251;-0.7;-2;;0;yes;2228
135;10:43:36;41.0;136.94;2024;228;-30.5;-34;;0;yes;2230
135;10:43:49;39.85;139.48;1936;211;-43.2;-53;;0;yes;2232
135;10:44:02;38.98;142.63;1871;176;-48.1;-60;;0;yes;2232
135;10:44:15;37.99;146.02;1801;167;-48.0;-58;;0;yes;2235
135;10:44:28;36.87;149.46;1734;158;-43.9;-50;;0;yes;2250
135;10:44:43;35.64;153.57;1651;144;-38.5;-39;;0;yes;2252
135;10:44:57;34.69;158.17;1588;138;-32.5;-29;;0;yes;2252
135;10:45:10;34.08;163.02;1562;137;-30.6;-27;;0;yes;2272
135;10:45:25;33.61;167.51;1532;114;-27.3;-22;;0;yes;2272
135;10:45:38;33.3;172.62;1512;60;;;;0;no;2272
136;10:41:40;76.35;217.47;10113;76;;;;0;no;2193
136;10:41:53;76.52;217.76;10251;148;109.6;74;108;0;yes;2193
136;10:42:06;76.61;218.2;10322;178;108.3;77;125;0;yes;2194
136;10:42:19;76.71;218.66;10413;202;101.8;75;149;0;yes;2197
136;10:42:32;76.74;219.16;10452;226;89.6;70;181;0;yes;2199
136;10:42:45;76.81;219.57;10541;245;71.7;61;200;0;yes;2205
136;10:42:58;76.91;219.97;10652;262;51.2;48;192;0;yes;2211
136;10:43:10;77.04;220.35;10819;271;31.5;33;183;0;yes;2223
136;10:43:23;77.16;220.69;10945;283;10.3;12;164;0;yes;2228
136;10:43:36;77.29;221.02;11075;280;-5.8;-8;153;0;yes;2230
136;10:43:49;77.41;221.36;11192;264;-19.4;-26;135;0;yes;2232
136;10:44:02;77.56;221.6;11333;263;-24.4;-34;141;0;yes;2232
136;10:44:15;77.66;221.61;11439;236;-28.4;-41;137;0;yes;2235
136;10:44:28;77.73;221.64;11586;195;-33.0;-49;121;0;yes;2250
136;10:44:43;77.96;221.15;11683;68;;;;0;no;2252
137;10:42:19;77.91;75.14;11486;919;;;;0;yes;2197
137;10:42:32;77.78;74.94;11373;923;-14.6;-70;;0;yes;2199
137;10:42:45;77.62;74.7;11250;927;-13.1;-63;;0;yes;2205
137;10:42:58;77.45;74.45;11122;885;-14.0;-67;;0;yes;2211
137;10:43:10;77.28;74.27;11033;859;-16.5;-78;427;0;yes;2223
137;10:43:23;77.14;74.01;10933;863;-20.9;-98;444;0;yes;2228
137;10:43:36;77.0;73.77;10814;858;-23.7;-110;457;0;yes;2230
137;10:43:49;76.86;73.34;10703;826;-26.5;-121;463;0;yes;2232
137;10:44:02;76.71;72.93;10587;783;-31.1;-140;472;0;yes;2232
137;10:44:15;76.57;72.42;10482;740;-36.2;-163;469;0;yes;2235
137;10:44:28;76.44;71.98;10448;722;-41.0;-181;441;0;yes;2250
137;10:44:43;76.29;71.61;10342;676;-45.9;-195;417;0;yes;2252
137;10:44:57;76.17;71.42;10243;625;-49.7;-203;384;0;yes;2252
137;10:45:10;76.02;71.08;10218;579;-52.8;-208;349;0;yes;2272
137;10:45:25;75.92;70.92;10147;524;-55.8;-211;299;0;yes;2272
137;10:45:38;75.75;70.54;10016;457;-58.8;-209;261;0;yes;2272
137;10:45:51;75.57;70.22;9888;420;-61.0;-201;233;0;yes;2272
137;10:46:04;75.41;70.05;9781;388;-62.1;-188;209;0;yes;2274
137;10:46:17;75.25;69.74;9672;353;-60.9;-166;180;0;yes;2274
137;10:46:30;75.04;69.01;9558;303;-61.7;-150;149;0;yes;2281
137;10:46:43;74.79;68.76;9393;271;-62.9;-140;146;0;yes;2281
137;10:46:56;74.54;68.15;9240;247;-62.2;-126;143;0;yes;2281
137;10:47:09;74.29;67.9;9092;239;-59.5;-107;148;0;yes;2283
137;10:47:22;73.98;67.99;8908;197;-57.8;-95;131;0;yes;2283
137;10:47:36;73.7;67.82;8747;177;-57.1;-89;120;0;yes;2283
137;10:47:49;73.46;67.48;8609;162;-57.0;-85;110;0;yes;2283
137;10:48:02;73.19;67.21;8518;133;;;91;0;yes;2297
138;10:42:32;75.11;88.08;9265;95;;;;0;no;2199
138;10:42:45;74.65;88.59;8997;166;;;;1;no;2205
138;10:42:58;74.39;88.54;8867;183;;;;1;no;2211
138;10:43:10;74.16;88.52;8776;204;;;;1;no;2223
138;10:43:23;73.88;88.52;8638;205;;;;1;no;2228
138;10:43:36;73.57;88.44;8469;216;-34.5;-34;;1;no;2230
138;10:43:49;73.33;88.18;8349;179;-36.1;-34;112;0;yes;2232
138;10:44:02;72.97;88.16;8162;160;-47.8;-45;107;0;yes;2232
138;10:44:15;72.57;88.06;7973;143;-54.9;-51;94;0;yes;2235
138;10:44:28;72.26;88.09;7874;147;-61.1;-55;108;0;yes;2250
138;10:44:43;71.87;88.14;7703;130;-64.1;-56;109;0;yes;2252
138;10:44:57;71.76;88.41;7655;96;-64.3;-54;133;0;yes;2252
138;10:45:10;71.64;89.07;7665;71;-62.5;-49;78;0;yes;2272
138;10:45:25;71.26;89.22;7501;82;-62.4;-48;80;0;yes;2272
138;10:45:38;70.76;89.4;7289;74;-58.1;-40;65;0;yes;2272
138;10:45:51;70.35;89.51;7124;68;-43.7;-23;53;0;yes;2272
138;10:46:04;69.85;89.71;6940;44;;;33;0;yes;2274
139;10:43:10;75.74;55.09;5252;83;;;;0;no;2223
139;10:43:23;75.39;54.72;5173;125;;;;0;no;2228
139;10:43:36;75.42;56.26;5081;393;;;;1;no;2230
139;10:43:49;75.15;55.66;4992;454;;;;1;no;2232
139;10:44:02;74.88;54.96;4907;501;;;;1;no;2232
139;10:44:15;74.56;54.38;4814;549;;;;0;no;2235
139;10:44:28;74.28;53.76;4750;602;;;;0;no;2250
139;10:44:43;74.02;53.16;4648;667;;;;0;no;2252
139;10:44:57;73.73;52.6;4543;706;;;;0;no;2252
139;10:45:10;60.82;46.81;4556;3499;;;;0;no;2272
139;10:45:25;60.39;46.5;4476;3551;;;;0;no;2272
139;10:45:38;59.87;46.03;4381;3630;;;;0;no;2272
139;10:45:51;59.5;45.74;4312;3711;;;;0;no;2272
139;10:46:04;59.12;45.78;4245;3798;;;;0;no;2274
139;10:46:17;58.73;45.83;4174;3913;;;;0;no;2274
139;10:46:30;58.27;45.68;4106;4003;;;;0;no;2281
139;10:46:43;57.73;45.41;4013;4070;;;;0;no;2281
139;10:46:56;57.1;45.06;3909;4119;;;;0;no;2281
139;10:47:09;57.58;53.96;3992;3754;;;;0;no;2283
139;10:47:22;55.64;44.12;3683;4223;2.1;27;;0;no;2283
139;10:47:36;51.97;43.77;3176;2588;1.6;21;;0;yes;2283
139;10:47:49;51.26;42.89;3088;2619;-15.3;-192;;0;yes;2283
139;10:48:02;50.42;42.03;3005;2620;-21.6;-282;;0;yes;2297
139;10:48:15;49.96;40.82;2960;2653;-27.7;-377;;0;yes;2303
139;10:48:28;49.44;40.18;2900;2656;-30.9;-430;;0;yes;2303
139;10:48:41;46.15;51.53;2552;2063;-31.0;-432;;0;yes;2303
139;10:48:54;45.72;50.74;2510;2063;-28.5;-390;;0;yes;2303
139;10:49:07;45.23;49.89;2467;2067;-19.1;-252;;0;yes;2306
139;10:49:19;44.87;48.92;2433;2060;-5.5;-74;;0;yes;2306
139;10:49:32;44.4;48.08;2391;2050;13.2;134;;0;yes;2308
139;10:49:45;43.59;47.44;2324;2065;15.8;159;;0;yes;2315
139;10:49:58;44.07;41.69;2360;2232;16.4;165;;0;yes;2308
139;10:50:11;43.19;40.18;2288;2256;15.2;154;;0;yes;2315
139;10:50:26;42.23;38.91;2205;2269;12.5;129;;0;yes;2317
139;10:50:39;41.04;37.3;2111;2288;8.0;84;;0;yes;2322
139;10:50:54;39.93;36.02;2028;2303;1.9;21;;0;yes;2330
139;10:51:07;38.52;34.51;1921;2307;-0.3;-4;;0;yes;2334
139;10:51:20;37.19;33.26;1822;2295;-3.0;-34;;0;yes;2334
139;10:51:35;35.82;31.78;1728;2284;-5.8;-67;;0;yes;2340
139;10:51:48;34.33;29.43;1626;2270;-8.7;-101;;0;yes;2340
139;10:52:01;33.13;27.26;1546;2244;-11.4;-132;;0;yes;2340
139;10:52:14;32.0;25.22;1474;2201;-13.8;-162;;0;yes;2340
139;10:52:27;31.18;22.58;1423;2162;-15.2;-177;;0;yes;2341
139;10:52:40;30.75;19.35;1397;2115;-15.5;-178;;0;yes;2341
139;10:52:53;30.74;15.53;1396;2068;-14.4;-164;;0;yes;2341
139;10:53:06;30.98;11.88;1415;2023;-12.5;-138;;0;yes;2347
139;10:53:19;31.14;7.81;1421;1984;-11.5;-126;;0;yes;2341
139;10:53:32;31.08;3.71;1425;1973;-9.9;-106;;0;yes;2355
139;10:53:45;29.08;29.09;1302;2387;-7.9;-83;;1;no;2341
139;10:53:58;15.47;350.76;652;311;;;;1;no;2355
139;10:54:12;41.79;342.76;863;187;;;;0;no;2355
139;10:54:24;47.64;340.0;820;103;;;;0;no;2355
139;10:54:37;48.45;337.44;790;75;;;;0;no;2357
139;10:54:51;48.91;334.95;769;50;;;;0;no;2357
140;10:43:10;62.96;131.71;4878;77;;;74;0;yes;2223
140;10:43:23;62.23;132.98;4739;112;282.7;110;109;0;yes;2228
140;10:43:36;61.48;134.0;4597;152;225.1;100;137;0;yes;2230
140;10:43:49;60.8;135.47;4472;183;178.0;89;177;0;yes;2232
140;10:44:02;60.2;137.24;4366;215;135.7;75;225;0;yes;2232
140;10:44:15;59.66;138.99;4271;248;109.6;69;250;0;yes;2235
140;10:44:28;59.06;140.38;4190;232;81.3;58;250;0;yes;2250
140;10:44:43;59.7;143.06;4312;340;72.9;70;;1;no;2252
140;10:44:57;59.39;145.08;4254;364;63.6;66;;1;no;2252
140;10:45:10;59.16;147.14;4248;363;59.7;64;;1;no;2272
140;10:45:25;58.82;149.14;4187;374;55.2;60;;1;no;2272
140;10:45:38;58.21;151.43;4079;379;49.5;56;;1;no;2272
140;10:45:51;57.81;153.46;4010;351;36.9;43;;1;no;2272
140;10:46:04;57.46;155.37;3954;332;-1.6;-3;452;0;yes;2274
140;10:46:17;56.94;157.45;3870;310;-0.8;-1;419;0;yes;2274
140;10:46:30;56.72;159.76;3846;315;-1.0;-2;417;0;yes;2281
140;10:46:43;56.61;161.96;3829;325;-17.9;-27;416;0;yes;2281
140;10:46:56;56.57;164.31;3824;332;-38.3;-61;462;0;yes;2281
140;10:47:09;56.56;166.77;3824;320;-54.0;-94;454;0;yes;2283
140;10:47:22;56.67;169.18;3842;324;-64.9;-121;471;0;yes;2283
140;10:47:36;55.84;172.88;3712;229;-72.4;-139;276;0;yes;2283
140;10:47:49;55.67;175.36;3687;185;-77.0;-156;202;0;yes;2283
140;10:48:02;55.73;178.73;3718;140;-80.6;-171;168;0;yes;2297
140;10:48:15;55.91;181.29;3755;95;-82.3;-171;130;0;yes;2303
140;10:48:28;56.16;183.94;3795;41;;;;0;no;2303
141;10:43:10;57.04;207.92;3286;39;;;;0;no;2223
141;10:43:23;57.69;209.8;3390;56;1.0;3;;0;no;2228
141;10:43:36;54.92;217.3;3491;586;1.0;3;997;0;yes;2230
141;10:43:49;55.83;218.68;3628;590;1.0;3;954;0;yes;2232
141;10:44:02;55.12;217.38;3525;711;1.0;3;;1;no;2232
141;10:44:15;57.15;222.54;3837;903;;;;1;no;2235
141;10:44:28;57.79;221.06;3968;912;;;;1;no;2250
141;10:44:43;58.57;222.12;4107;877;;;;1;no;2252
141;10:44:57;59.3;223.12;4238;862;;;;1;no;2252
141;10:45:10;59.91;224.04;4389;835;;;;1;no;2272
141;10:45:25;60.52;224.78;4501;775;;;;1;no;2272
141;10:45:38;58.85;228.9;4655;224;-41.5;-153;;1;no;2272
141;10:45:51;62.06;226.17;4797;665;-45.3;-168;875;0;yes;2272
141;10:46:04;62.65;227.12;4923;639;-47.2;-174;836;0;yes;2274
141;10:46:17;63.18;227.94;5036;597;-47.5;-171;785;0;yes;2274
141;10:46:30;63.47;227.32;5117;470;-49.5;-175;705;0;yes;2281
141;10:46:43;64.1;227.87;5260;460;-49.1;-166;674;0;yes;2281
141;10:46:56;64.74;228.76;5416;426;-47.1;-149;645;0;yes;2281
141;10:47:09;65.32;229.88;5564;405;-47.0;-134;523;0;yes;2283
141;10:47:22;65.76;230.66;5681;389;-48.3;-118;526;0;yes;2283
141;10:47:36;66.15;231.57;5786;373;-56.2;-135;527;0;yes;2283
141;10:47:49;66.69;232.28;5936;351;-63.6;-148;526;0;yes;2283
141;10:48:02;67.26;233.35;6138;297;-71.1;-162;416;0;yes;2297
141;10:48:15;67.5;233.95;6226;248;-78.2;-174;365;0;yes;2303
141;10:48:28;67.79;234.5;6316;213;-81.4;-184;315;0;yes;2303
141;10:48:41;68.19;234.76;6444;174;-83.7;-186;280;0;yes;2303
141;10:48:54;68.77;235.01;6641;104;-84.8;-175;135;0;yes;2303
141;10:49:07;69.26;235.42;6823;79;;;120;0;yes;2306
142;10:43:23;57.7;72.88;3855;107;;;;0;no;2228
142;10:43:36;56.84;71.79;3779;193;;;215;0;yes;2230
142;10:43:49;55.87;67.61;3633;382;;;;1;no;2232
142;10:44:02;54.9;66.99;3493;440;;;;1;no;2232
142;10:44:15;53.75;66.11;3338;514;419.6;314;;1;no;2235
142;10:44:28;52.62;65.37;3211;552;438.3;320;;1;no;2250
142;10:44:43;51.35;64.44;3056;597;393.2;302;;1;no;2252
142;10:44:57;59.67;48.75;2911;3264;267.3;241;;1;no;2252
142;10:45:10;48.85;62.76;2796;656;-12.0;-41;;1;no;2272
142;10:45:25;47.6;62.04;2663;660;-11.0;-37;;0;yes;2272
142;10:45:38;46.09;60.9;2511;668;-9.7;-33;;0;yes;2272
142;10:45:51;44.77;59.89;2387;625;-8.2;-28;;0;yes;2272
142;10:46:04;43.34;58.89;2260;622;-5.2;-17;;0;yes;2274
142;10:46:17;41.91;57.78;2138;621;-0.4;-1;;0;yes;2274
142;10:46:30;40.42;56.51;2024;619;5.2;16;;0;yes;2281
142;10:46:43;38.97;54.79;1911;625;8.7;27;;0;yes;2281
142;10:46:56;37.62;52.82;1812;646;11.1;34;;0;yes;2281
142;10:47:09;36.09;50.73;1705;661;13.7;41;;0;yes;2283
142;10:47:22;34.32;48.55;1586;673;;;;0;yes;2283
143;10:43:23;77.84;91.72;16947;1894;;;;0;no;2228
143;10:43:36;77.72;91.77;16754;1923;;;;0;no;2230
143;10:43:49;77.61;91.74;16569;1919;;;;0;no;2232
143;10:44:02;77.54;91.69;16377;1896;;;;0;no;2232
143;10:44:15;78.89;91.43;16188;1466;;;;0;no;2235
143;10:44:28;78.83;91.42;16095;1496;;;;0;no;2250
143;10:44:43;79.08;95.68;15896;1993;;;;1;no;2252
143;10:44:57;78.66;91.37;15684;1486;;;;0;no;2252
143;10:45:10;78.56;91.44;15611;1489;;;;0;no;2272
143;10:45:25;78.49;91.44;15411;1484;;;;0;no;2272
143;10:45:38;78.41;91.39;15190;1477;;;;0;no;2272
143;10:45:51;78.65;96.2;14984;1964;;;;1;no;2272
143;10:46:04;78.58;96.41;14790;1946;;;;1;no;2274
143;10:46:17;78.39;86.55;14581;1017;;;;0;no;2274
143;10:46:30;78.3;86.4;14423;994;;;;0;no;2281
143;10:46:43;78.24;86.33;14221;992;;;;0;no;2281
143;10:46:56;78.17;86.14;14023;972;;;;0;no;2281
143;10:47:09;78.21;86.04;13834;939;;;;0;no;2283
143;10:47:22;78.21;85.98;13632;914;;;;0;no;2283
143;10:47:36;78.12;85.94;13424;917;;;;0;no;2283
143;10:47:49;78.0;85.89;13223;930;;;;0;no;2283
143;10:48:02;77.91;86.01;13097;973;;;;0;no;2297
143;10:48:15;77.79;85.95;12929;967;;;;0;no;2303
143;10:48:28;77.7;86.01;12728;970;;;;0;no;2303
143;10:48:41;77.64;86.11;12527;947;;;;0;no;2303
143;10:48:54;77.51;86.16;12324;934;;;;0;no;2303
143;10:49:07;77.42;86.27;12143;910;;;;0;no;2306
143;10:49:19;77.01;85.03;11942;733;;;;0;no;2306
143;10:49:32;76.92;85.05;11748;666;;;;0;no;2308
143;10:49:45;76.85;85.33;11577;612;;;;0;no;2315
143;10:49:58;76.75;85.26;11337;565;;;;0;no;2308
143;10:50:11;76.64;85.27;11163;527;;;;0;no;2315
143;10:50:26;76.52;85.38;10969;475;;;;0;no;2317
143;10:50:39;76.32;85.34;10773;459;;;;0;no;2322
143;10:50:54;76.05;85.33;10607;473;;;;0;no;2330
143;10:51:07;75.79;85.12;10402;467;;;;0;no;2334
143;10:51:20;75.57;85.08;10199;479;-3.5;-8;;0;no;2334
143;10:51:35;75.34;85.04;10022;469;-7.1;-17;319;0;yes;2340
143;10:51:48;75.02;85.41;9796;478;-16.4;-39;313;0;yes;2340
143;10:52:01;74.78;85.54;9635;473;-26.5;-63;308;0;yes;2340
143;10:52:14;74.51;85.83;9458;445;-31.7;-79;296;0;yes;2340
143;10:52:27;74.06;86.84;9179;337;-38.0;-98;256;0;yes;2341
143;10:52:40;73.74;87.16;9021;275;-44.8;-121;;0;no;2341
143;10:52:53;73.4;87.6;8825;249;;;;0;no;2341
143;10:53:06;73.05;87.94;8654;224;;;;0;no;2347
143;10:53:19;72.77;88.04;8433;224;;;;0;no;2341
143;10:53:32;72.46;88.1;8288;220;;;;0;no;2355
143;10:53:45;72.12;88.27;8046;213;;;;0;no;2341
143;10:53:58;71.82;88.38;7899;197;;;;0;no;2355
143;10:54:12;71.55;88.84;7700;156;;;;0;no;2355
143;10:54:24;71.25;89.22;7509;109;;;;0;no;2355
144;10:43:49;65.03;315.1;5388;41;;;;0;no;2232
144;10:44:02;65.44;313.25;5514;182;;;;0;no;2232
144;10:44:15;66.68;304.73;5806;801;33.1;132;;1;no;2235
144;10:44:28;67.02;304.17;5943;847;31.6;129;723;0;yes;2250
144;10:44:43;67.56;303.82;6108;925;30.3;126;729;0;yes;2252
144;10:44:57;67.93;303.24;6220;963;29.8;126;779;0;yes;2252
144;10:45:10;68.35;302.78;6409;1009;26.9;118;832;0;yes;2272
144;10:45:25;68.67;302.36;6517;1030;23.6;108;844;0;yes;2272
144;10:45:38;69.03;301.72;6639;1054;20.4;96;876;0;yes;2272
144;10:45:51;69.39;301.25;6766;1085;15.3;74;899;0;yes;2272
144;10:46:04;69.7;300.67;6883;1100;9.6;48;920;0;yes;2274
144;10:46:17;70.01;300.1;7001;1105;4.5;23;968;0;yes;2274
144;10:46:30;70.27;299.5;7123;1104;-1.2;-7;989;0;yes;2281
144;10:46:43;70.52;298.86;7223;1093;-6.4;-35;999;0;yes;2281
144;10:46:56;70.79;298.38;7332;1093;-9.9;-55;983;0;yes;2281
144;10:47:09;71.0;297.96;7428;1072;-12.3;-69;958;0;yes;2283
144;10:47:22;71.21;297.57;7516;1047;-13.4;-75;937;0;yes;2283
144;10:47:36;71.45;297.2;7620;1027;-14.5;-80;907;0;yes;2283
144;10:47:49;71.72;296.81;7740;1007;-15.8;-87;889;0;yes;2283
144;10:48:02;72.02;296.44;7929;989;-16.5;-89;862;0;yes;2297
144;10:48:15;72.28;296.03;8073;986;-17.5;-93;855;0;yes;2303
144;10:48:28;72.47;295.76;8166;960;-18.5;-97;801;0;yes;2303
144;10:48:41;72.68;295.38;8269;931;-19.7;-101;756;0;yes;2303
144;10:48:54;72.93;294.99;8403;906;-21.2;-108;714;0;yes;2303
144;10:49:07;73.2;294.5;8556;880;-23.9;-120;683;0;yes;2306
144;10:49:19;73.47;294.01;8704;865;-26.7;-130;662;0;yes;2306
144;10:49:32;73.77;293.53;8878;840;-29.8;-142;651;0;yes;2308
144;10:49:45;74.05;293.12;9072;814;-34.0;-160;635;0;yes;2315
144;10:49:58;74.33;292.79;9212;768;-38.9;-179;590;0;yes;2308
144;10:50:11;74.59;292.61;9409;720;-43.5;-196;562;0;yes;2315
144;10:50:26;74.83;292.4;9568;679;-47.3;-208;550;0;yes;2317
144;10:50:39;75.12;292.23;9784;625;-48.0;-202;534;0;yes;2322
144;10:50:54;75.36;292.19;9994;568;-47.1;-186;513;0;yes;2330
144;10:51:07;75.62;291.97;10196;520;-45.9;-170;471;0;yes;2334
144;10:51:20;75.88;291.84;10393;476;-45.1;-155;286;0;yes;2334
144;10:51:35;76.04;291.52;10540;466;-44.1;-138;289;0;yes;2340
144;10:51:48;76.23;291.15;10699;443;-45.2;-130;273;0;yes;2340
144;10:52:01;76.42;290.83;10849;418;-48.2;-129;250;0;yes;2340
144;10:52:14;76.59;290.52;10997;386;-50.8;-130;220;0;yes;2340
144;10:52:27;76.81;290.09;11189;356;-53.5;-133;198;0;yes;2341
144;10:52:40;76.97;289.65;11331;316;-56.9;-134;178;0;yes;2341
144;10:52:53;77.15;289.31;11498;281;-58.0;-133;165;0;yes;2341
144;10:53:06;77.36;289.03;11720;252;-58.6;-129;135;0;yes;2347
144;10:53:19;77.54;289.04;11863;169;-58.6;-123;115;0;yes;2341
144;10:53:32;77.64;288.39;12038;85;;;;0;no;2355
145;10:44:15;75.45;92.08;9508;909;;;;0;no;2235
145;10:44:28;75.26;91.86;9578;909;9.0;40;563;0;yes;2250
145;10:44:43;75.02;91.56;9424;910;9.1;41;579;0;yes;2252
145;10:44:57;74.79;91.52;9280;918;8.4;38;580;0;yes;2252
145;10:45:10;74.56;91.6;9214;938;3.6;16;604;0;yes;2272
145;10:45:25;74.39;91.68;9107;958;-4.6;-20;642;0;yes;2272
145;10:45:38;74.17;91.65;8971;968;-13.1;-60;644;0;yes;2272
145;10:45:51;73.99;91.81;8866;989;-27.5;-132;673;0;yes;2272
145;10:46:04;73.57;94.07;8634;826;-39.3;-199;576;0;yes;2274
145;10:46:17;73.36;94.6;8519;797;-47.1;-246;542;0;yes;2274
145;10:46:30;73.48;92.23;8446;957;-50.9;-265;;0;no;2281
145;10:46:43;73.3;92.25;8348;929;-54.9;-277;;0;no;2281
145;10:46:56;72.8;96.14;8253;664;-61.3;-289;453;0;yes;2281
145;10:47:09;72.57;96.6;8146;616;-69.1;-304;415;0;yes;2283
145;10:47:22;72.36;96.96;8041;555;-75.9;-317;366;0;yes;2283
145;10:47:36;72.21;97.51;7970;473;-78.4;-298;335;0;yes;2283
145;10:47:49;72.2;98.28;7966;355;-80.2;-289;313;0;yes;2283
145;10:48:02;72.18;98.88;8005;268;-80.5;-268;176;0;yes;2297
145;10:48:15;71.99;99.41;7934;210;-78.9;-229;193;0;yes;2303
145;10:48:28;71.72;99.99;7807;197;-76.8;-193;186;0;yes;2303
145;10:48:41;71.46;100.58;7692;182;-71.3;-142;164;0;yes;2303
145;10:48:54;71.2;101.02;7577;146;-63.8;-100;135;0;yes;2303
145;10:49:07;70.98;101.67;7493;118;;;95;0;yes;2306
146;10:44:15;75.56;130.78;6580;548;;;;0;no;2235
146;10:44:28;75.34;131.42;6563;562;;;;0;no;2250
146;10:44:43;75.16;132.33;6502;580;;;;0;no;2252
146;10:44:57;75.01;133.24;6440;602;;;;0;no;2252
146;10:45:10;74.77;134.05;6436;646;;;;0;no;2272
146;10:45:25;74.55;134.92;6380;684;;;;0;no;2272
146;10:45:38;74.28;135.89;6314;734;;;;0;no;2272
146;10:45:51;74.0;136.68;6255;757;;;;0;no;2272
146;10:46:04;73.79;137.51;6204;793;;;;0;no;2274
146;10:46:17;73.58;138.4;6147;834;;;;0;no;2274
146;10:46:30;73.38;139.26;6115;859;;;;0;no;2281
146;10:46:43;73.12;140.18;6064;863;;;;0;no;2281
146;10:46:56;73.06;139.17;6013;1000;;;;0;no;2281
146;10:47:09;72.82;139.97;5968;996;;;;0;no;2283
146;10:47:22;72.54;140.77;5919;994;;;;0;no;2283
146;10:47:36;71.96;141.26;5868;1047;;;;0;no;2283
146;10:47:49;71.38;141.95;5821;1108;;;;0;no;2283
146;10:48:02;70.31;144.13;5808;988;;;;0;no;2297
146;10:48:15;69.82;144.94;5778;1034;;;;0;no;2303
146;10:48:28;69.35;145.79;5733;1016;;;;0;no;2303
146;10:48:41;68.92;146.61;5689;1004;;;;0;no;2303
146;10:48:54;68.55;147.53;5644;1011;;;;0;no;2303
146;10:49:07;68.2;148.52;5611;1023;10.4;53;;0;no;2306
146;10:49:19;67.88;149.53;6354;1039;14.1;71;940;0;yes;2306
146;10:49:32;67.51;150.44;6243;1031;15.1;76;956;0;yes;2308
146;10:49:45;67.11;151.39;6142;1064;14.7;74;943;0;yes;2315
146;10:49:58;66.82;152.27;6036;1097;18.0;91;970;0;yes;2308
146;10:50:11;66.46;153.29;5952;1131;21.6;111;1058;0;yes;2315
146;10:50:26;66.09;154.33;5852;1142;24.1;125;1093;0;yes;2317
146;10:50:39;65.59;155.53;5730;1145;40.4;216;1113;0;yes;2322
146;10:50:54;65.18;156.02;5643;1198;57.9;309;1156;0;yes;2330
146;10:51:07;64.77;157.26;5547;1252;76.1;402;1234;0;yes;2334
146;10:51:20;64.51;158.23;5482;1282;93.0;484;1283;0;yes;2334
146;10:51:35;64.89;157.81;5593;1592;101.6;536;1588;0;yes;2340
146;10:51:48;64.42;158.5;5476;1722;98.3;546;1656;0;yes;2340
146;10:52:01;64.08;159.48;5393;1834;85.7;514;1797;0;yes;2340
146;10:52:14;63.8;160.58;5326;1920;66.9;446;1950;0;yes;2340
146;10:52:27;63.51;161.78;5261;2005;43.4;344;2108;0;yes;2341
146;10:52:40;63.23;163.12;5196;2063;35.0;300;2235;0;yes;2341
146;10:52:53;62.94;164.56;5132;2105;27.8;254;2331;0;yes;2341
146;10:53:06;62.67;166.12;5085;2143;23.1;220;2444;0;yes;2347
146;10:53:19;62.5;168.89;5037;2224;18.4;184;2528;0;yes;2341
146;10:53:32;62.31;169.96;5025;2268;14.8;152;2610;0;yes;2355
146;10:53:45;62.02;171.23;4935;2269;11.4;120;2641;0;yes;2341
146;10:53:58;61.79;172.33;4915;2309;7.9;86;2680;0;yes;2355
146;10:54:12;61.52;173.42;4861;2311;4.9;55;2689;0;yes;2355
146;10:54:24;61.33;174.48;4823;2307;3.8;43;2668;0;yes;2355
146;10:54:37;61.18;175.66;4798;2322;3.9;44;2668;0;yes;2357
146;10:54:51;60.98;176.68;4757;2317;5.0;58;2638;0;yes;2357
146;10:55:04;60.85;177.83;4728;2338;7.3;83;2668;0;yes;2355
146;10:55:17;60.73;179.12;4705;2346;9.8;112;2746;0;yes;2355
146;10:55:30;60.63;180.47;4671;2368;12.5;143;2884;0;yes;2346
146;10:55:43;60.61;181.98;4682;2429;15.0;172;;0;yes;2355
146;10:55:56;60.55;183.55;4671;2462;17.7;203;;0;yes;2355
146;10:56:09;60.58;184.88;4660;2510;19.3;223;;0;yes;2346
146;10:56:21;60.65;186.33;4673;2559;18.9;221;;0;yes;2346
146;10:56:34;60.81;187.56;4698;2604;16.5;198;;0;yes;2343
146;10:56:49;60.98;188.51;4731;2687;14.0;172;;0;yes;2343
146;10:57:02;61.25;189.71;4779;2722;10.5;132;;0;yes;2341
146;10:57:15;61.26;190.76;4774;2739;7.1;92;;0;yes;2338
146;10:57:29;61.32;191.91;4787;2774;3.9;51;;0;yes;2338
146;10:57:41;61.34;192.6;4790;2756;1.1;15;;0;yes;2338
146;10:57:55;61.29;193.38;4787;2733;0.2;3;;0;yes;2341
146;10:58:07;61.4;194.36;4802;2712;0.0;0;;0;yes;2338
146;10:58:22;61.54;195.33;4830;2705;1.0;13;;0;yes;2338
146;10:58:35;61.69;196.32;4861;2733;2.0;27;;0;yes;2338
146;10:58:48;61.81;197.18;4876;2741;3.3;44;;0;yes;2334
146;10:59:01;61.91;198.24;4896;2742;4.1;55;;0;yes;2334
146;10:59:13;62.1;199.17;4936;2777;5.7;77;2975;0;yes;2334
146;10:59:26;62.26;200.05;4970;2790;6.5;88;2897;0;yes;2334
146;10:59:39;62.47;201.05;5023;2812;6.4;87;2972;0;yes;2338
146;10:59:52;62.73;202.02;5080;2816;4.0;55;;0;yes;2338
146;11:00:05;62.95;203.0;5129;2877;1.1;16;;0;yes;2338
146;11:00:18;63.13;203.87;5176;2879;-1.0;-13;;0;yes;2341
146;11:00:30;63.3;204.69;5218;2871;-2.6;-38;;0;yes;2343
146;11:00:43;63.42;205.3;5245;2791;-3.5;-51;2990;0;yes;2343
146;11:00:56;63.48;205.84;5267;2779;-4.0;-57;2969;0;yes;2346
146;11:01:09;63.65;206.5;5306;2781;-2.6;-38;2980;0;yes;2346
146;11:01:22;63.83;207.13;5348;2775;-0.6;-9;2966;0;yes;2346
146;11:01:34;64.01;207.7;5390;2788;1.7;24;2954;0;yes;2346
146;11:01:47;64.2;208.31;5458;2797;2.1;29;2961;0;yes;2356
146;11:02:00;64.42;209.04;5513;2807;2.0;28;2985;0;yes;2356
146;11:02:13;64.53;209.69;5559;2831;1.6;22;;0;yes;2364
146;11:02:25;64.68;210.39;5596;2837;0.8;11;;0;yes;2364
146;11:02:38;64.85;211.1;5690;2821;-0.2;-3;2990;0;yes;2386
146;11:02:51;65.03;211.8;5738;2813;-1.5;-21;2939;0;yes;2386
146;11:03:03;65.13;212.49;5781;2819;-2.3;-33;2877;0;yes;2393
146;11:03:16;65.21;213.31;5807;2804;-2.7;-39;2898;0;yes;2394
146;11:03:29;65.25;214.05;5817;2793;-2.9;-41;2883;0;yes;2394
146;11:03:42;65.38;214.85;5856;2770;-3.0;-42;2877;0;yes;2396
146;11:03:56;65.43;215.67;5877;2762;-2.9;-41;2924;0;yes;2399
146;11:04:09;65.51;216.5;5904;2760;-3.2;-46;;0;yes;2402
146;11:04:22;65.64;217.35;5966;2777;-4.6;-64;;0;yes;2412
146;11:04:35;65.72;218.16;5996;2747;-6.0;-84;;0;yes;2415
146;11:04:48;65.88;219.07;6051;2738;-7.9;-110;;0;yes;2419
146;11:05:01;66.01;219.85;6096;2710;-9.1;-128;2936;0;yes;2422
146;11:05:14;66.1;220.43;6176;2648;-10.7;-150;2822;0;yes;2443
146;11:05:27;66.22;220.94;6215;2619;-11.3;-157;2715;0;yes;2445
146;11:05:42;66.37;221.51;6316;2583;-11.0;-151;2620;0;yes;2468
146;11:05:54;66.6;222.37;6398;2562;-9.8;-133;2572;0;yes;2473
146;11:06:07;66.71;223.15;6433;2506;-7.9;-105;2479;0;yes;2473
146;11:06:20;66.9;223.98;6503;2495;-6.1;-80;2406;0;yes;2476
146;11:06:33;67.13;224.85;6576;2476;-2.8;-35;2330;0;yes;2476
146;11:06:46;67.37;225.75;6654;2467;0.3;4;2262;0;yes;2476
146;11:06:59;67.56;226.31;6716;2486;3.0;37;2194;0;yes;2476
146;11:07:12;67.76;227.21;6806;2475;3.8;47;2144;0;yes;2484
146;11:07:25;67.44;227.67;6696;2582;3.6;44;2746;0;yes;2484
146;11:07:38;67.7;228.43;6784;2553;2.6;32;2715;0;yes;2484
146;11:07:51;67.9;229.01;6853;2544;1.2;14;2643;0;yes;2484
146;11:08:04;68.01;229.58;6889;2558;-0.5;-6;2667;0;yes;2484
146;11:08:17;68.22;230.2;6963;2524;-1.5;-19;2493;0;yes;2484
146;11:08:30;68.42;230.81;7013;2498;-0.4;-6;2449;0;yes;2476
146;11:08:43;68.55;231.26;7059;2510;1.0;13;2416;0;yes;2476
146;11:08:56;68.77;231.71;7140;2514;2.7;34;2371;0;yes;2476
146;11:09:09;69.0;232.1;7248;2537;4.1;52;2400;0;yes;2484
146;11:09:22;69.22;232.52;7332;2564;4.7;58;2413;0;yes;2484
146;11:09:35;69.43;232.84;7389;2572;4.5;56;2424;0;yes;2476
146;11:09:48;69.7;233.26;7496;2595;4.7;59;2460;0;yes;2476
146;11:10:01;69.93;233.7;7591;2600;4.1;52;2509;0;yes;2476
146;11:10:14;70.16;233.97;7676;2588;3.5;45;2553;0;yes;2473
146;11:10:27;70.33;234.24;7746;2596;2.1;28;2567;0;yes;2473
146;11:10:42;69.93;234.14;7592;2645;-0.9;-12;2845;0;yes;2476
146;11:10:55;70.0;234.46;7618;2650;-4.1;-54;2835;0;yes;2476
146;11:11:08;69.99;234.85;7615;2637;-7.0;-93;2798;0;yes;2476
146;11:11:21;70.06;235.24;7578;2595;-9.8;-130;2740;0;yes;2454
146;11:11:34;70.17;235.65;7568;2518;-12.0;-161;2672;0;yes;2437
146;11:11:47;70.31;236.11;7543;2474;-12.9;-173;2604;0;yes;2410
146;11:12:00;70.49;236.41;7602;2452;-13.1;-173;2584;0;yes;2405
146;11:12:13;70.75;236.64;7692;2421;-19.3;-249;2560;0;yes;2398
146;11:12:26;70.97;236.88;7787;2399;-23.2;-297;2557;0;yes;2398
146;11:12:39;71.2;237.1;7880;2358;-26.3;-336;2550;0;yes;2395
146;11:12:52;71.42;237.36;7980;2326;-28.9;-369;2573;0;yes;2395
146;11:13:06;70.8;235.49;7697;2000;-30.8;-390;2294;0;yes;2393
146;11:13:19;71.06;235.76;7811;1982;-31.9;-396;2177;0;yes;2393
146;11:13:34;71.22;236.11;7879;1942;-31.3;-374;2145;0;yes;2393
146;11:13:47;71.39;236.41;7957;1874;-29.5;-334;2040;0;yes;2392
146;11:14:00;71.49;236.72;8005;1797;-25.3;-261;1909;0;yes;2392
146;11:14:13;71.62;237.13;8054;1726;-25.3;-256;1838;0;yes;2390
146;11:14:26;71.78;237.5;8131;1678;-23.2;-228;1797;0;yes;2390
146;11:14:39;72.0;237.86;8235;1616;-19.3;-180;1740;0;yes;2390
146;11:14:52;72.28;238.03;8369;1578;-14.6;-130;1707;0;yes;2387
146;11:15:07;72.53;238.21;8495;1558;-8.3;-71;1680;0;yes;2387
146;11:15:20;72.79;238.59;8635;1555;-2.9;-24;1580;0;yes;2387
146;11:15:33;73.0;238.84;8757;1562;1.8;14;1553;0;yes;2390
146;11:15:46;73.17;239.14;8848;1548;-12.3;-88;1506;0;yes;2390
146;11:15:59;73.02;238.79;8773;1639;-23.8;-184;1477;0;yes;2392
146;11:16:12;73.14;239.13;8843;1635;-33.5;-275;1478;0;yes;2392
146;11:16:25;73.23;239.47;8885;1613;-40.3;-344;1491;0;yes;2390
146;11:16:38;72.43;241.44;8444;1208;-43.6;-379;876;0;yes;2387
146;11:16:53;72.6;241.49;8539;1185;-44.1;-382;868;0;yes;2390
146;11:17:06;72.7;241.78;8592;1112;-40.2;-331;816;0;yes;2390
146;11:17:19;72.82;242.04;8669;1071;-32.3;-242;675;0;yes;2393
146;11:17:32;72.98;242.19;8753;1064;-19.2;-117;672;0;yes;2393
146;11:17:45;73.13;242.3;8879;1048;-17.9;-105;674;0;yes;2405
146;11:17:58;73.3;242.4;8986;1040;-18.1;-101;672;0;yes;2408
146;11:18:11;73.51;242.6;9107;1023;-19.8;-108;662;0;yes;2408
146;11:18:24;73.65;242.76;9198;989;-22.4;-122;649;0;yes;2410
146;11:18:37;73.85;242.91;9320;966;-24.4;-132;645;0;yes;2410
146;11:18:50;74.05;242.96;9458;907;-26.1;-139;578;0;yes;2414
146;11:19:05;74.2;243.24;9564;887;-27.3;-142;591;0;yes;2416
146;11:19:18;74.4;243.57;9693;862;-28.4;-143;584;0;yes;2416
146;11:19:31;74.61;243.77;9836;832;-30.1;-147;575;0;yes;2417
146;11:19:44;74.81;243.7;9968;802;-31.7;-148;571;0;yes;2417
146;11:19:57;74.98;243.66;10097;767;-35.2;-161;557;0;yes;2419
146;11:20:10;75.16;243.77;10253;728;-36.6;-163;537;0;yes;2425
146;11:20:23;75.3;243.88;10358;689;-37.5;-161;505;0;yes;2427
146;11:20:38;75.43;243.88;10457;647;-38.3;-158;469;0;yes;2427
146;11:20:51;75.58;243.91;10578;605;-37.5;-147;426;0;yes;2428
146;11:21:04;75.8;244.13;10748;587;-35.8;-132;416;0;yes;2428
146;11:21:17;75.99;244.39;10914;557;-34.9;-121;395;0;yes;2431
146;11:21:31;76.2;244.52;11068;523;-35.1;-115;367;0;yes;2428
146;11:21:45;76.37;244.67;11230;492;-34.7;-110;341;0;yes;2431
146;11:21:58;76.6;244.86;11429;431;-35.4;-110;310;0;yes;2431
146;11:22:11;76.91;245.4;11037;301;-35.1;-106;;0;no;2431
146;11:22:24;77.11;245.91;11096;227;;;;0;no;2428
146;11:22:37;77.29;246.09;11167;193;;;;0;no;2428
147;10:44:28;73.21;165.12;8348;46;;;;0;no;2250
147;10:44:43;73.04;166.1;8272;76;129.7;48;67;0;yes;2252
147;10:44:57;72.95;166.96;8227;103;107.7;44;96;0;yes;2252
147;10:45:10;72.83;167.66;8233;136;82.1;36;113;0;yes;2272
147;10:45:25;72.7;168.52;8167;144;48.7;23;138;0;yes;2272
147;10:45:38;72.62;169.46;8129;156;7.0;4;165;0;yes;2272
147;10:45:51;72.06;173.26;8123;475;-19.9;-13;;1;no;2272
147;10:46:04;71.92;174.33;8128;505;-35.2;-26;;1;no;2274
147;10:46:17;71.81;175.45;8128;524;-45.9;-36;;1;no;2274
147;10:46:30;72.61;172.73;8157;131;-53.7;-43;105;0;yes;2281
147;10:46:43;72.64;173.51;8170;109;-58.4;-46;96;0;yes;2281
147;10:46:56;72.62;174.39;8163;100;-60.1;-43;78;0;yes;2281
147;10:47:09;72.59;175.3;8158;87;-59.0;-39;72;0;yes;2283
147;10:47:22;72.59;176.15;8156;77;-60.9;-39;59;0;yes;2283
147;10:47:36;72.58;177.05;8150;56;-64.5;-42;45;0;yes;2283
147;10:47:49;72.58;178.08;8149;60;;;53;0;yes;2283
148;10:44:28;73.37;241.83;8437;97;;;72;0;yes;2250
148;10:44:43;73.67;242.1;8611;110;302.3;120;83;0;yes;2252
148;10:44:57;73.96;242.81;8776;170;253.4;114;104;0;yes;2252
148;10:45:10;74.19;243.24;8984;204;204.4;104;119;0;yes;2272
148;10:45:25;74.42;243.67;9123;228;213.1;118;137;0;yes;2272
148;10:45:38;74.7;244.13;9300;247;184.0;128;151;0;yes;2272
148;10:45:51;74.95;244.71;9463;267;167.6;138;154;0;yes;2272
148;10:46:04;75.17;245.46;9621;266;147.5;139;145;0;yes;2274
148;10:46:17;75.65;246.17;9954;359;129.5;134;302;0;yes;2274
148;10:46:30;75.9;246.62;10170;385;106.1;122;325;0;yes;2281
148;10:46:43;76.15;247.21;10361;424;77.9;100;355;0;yes;2281
148;10:46:56;76.39;247.68;10552;426;49.7;72;353;0;yes;2281
148;10:47:09;76.6;248.02;10737;421;16.9;31;344;0;yes;2283
148;10:47:22;76.84;248.35;10937;429;6.3;12;342;0;yes;2283
148;10:47:36;77.05;248.7;11124;437;-1.1;-2;327;0;yes;2283
148;10:47:49;77.22;249.11;11276;442;-3.9;-8;322;0;yes;2283
148;10:48:02;77.37;249.5;11480;422;-7.0;-15;285;0;yes;2297
148;10:48:15;77.5;249.78;11633;422;-9.8;-21;278;0;yes;2303
148;10:48:28;77.6;250.11;11731;416;-12.1;-26;;0;yes;2303
148;10:48:41;77.71;250.36;11840;400;-13.4;-29;;0;yes;2303
148;10:48:54;77.81;250.56;11944;385;-14.2;-31;;0;yes;2303
148;10:49:07;77.94;250.04;12347;311;-15.9;-35;;0;no;2306
148;10:49:19;78.0;250.11;12526;306;;;;0;no;2306
149;10:44:43;54.16;102.41;3419;31;;;;0;no;2252
149;10:44:57;52.97;102.74;3259;51;938.6;172;;0;yes;2252
149;10:45:10;51.91;102.78;3152;92;785.9;171;;0;yes;2272
149;10:45:25;50.93;103.36;3032;137;624.0;163;;0;yes;2272
149;10:45:38;50.48;104.05;2979;221;479.4;149;;0;yes;2272
149;10:45:51;49.33;105.24;2848;264;315.6;133;;0;yes;2272
149;10:46:04;48.15;106.61;2723;283;125.3;78;;0;yes;2274
149;10:46:17;47.1;107.89;2614;298;14.0;12;;0;yes;2274
149;10:46:30;45.91;109.39;2505;301;-58.9;-76;;0;yes;2281
149;10:46:43;44.88;110.4;2406;319;-84.0;-139;;0;yes;2281
149;10:46:56;42.28;112.83;2176;200;-91.9;-174;;0;yes;2281
149;10:47:09;41.07;114.74;2078;170;-95.1;-187;;0;yes;2283
149;10:47:22;40.73;117.3;2051;86;-96.6;-201;;0;yes;2283
149;10:47:36;39.54;119.0;1957;48;-97.5;-202;;0;yes;2283
149;10:47:49;38.33;122.04;1865;30;-97.6;-165;;0;yes;2283
149;10:48:02;37.18;125.14;1792;21;;;;0;yes;2297
150;10:44:57;59.7;172.12;4311;51;;;;0;no;2252
150;10:45:10;59.5;174.41;4311;138;;;133;0;yes;2272
150;10:45:25;59.49;177.49;4310;212;;;;1;no;2272
150;10:45:38;59.44;179.69;4299;234;255.2;136;;1;no;2272
150;10:45:51;59.4;181.7;4293;248;237.5;132;;1;no;2272
150;10:46:04;59.34;183.26;4285;262;246.0;135;;1;no;2274
150;10:46:17;59.44;184.78;4304;287;218.4;126;;1;no;2274
150;10:46:30;59.5;186.48;4329;302;140.3;96;;1;no;2281
150;10:46:43;59.6;188.28;4348;308;3.2;5;328;0;yes;2281
150;10:46:56;59.72;190.03;4371;327;-1.4;-2;349;0;yes;2281
150;10:47:09;59.89;191.93;4408;328;-7.2;-11;338;0;yes;2283
150;10:47:22;60.07;193.86;4441;323;-18.7;-31;318;0;yes;2283
150;10:47:36;60.25;195.8;4475;316;-30.9;-52;308;0;yes;2283
150;10:47:49;60.51;197.56;4522;306;-41.8;-72;287;0;yes;2283
150;10:48:02;60.78;199.31;4600;286;-52.5;-93;257;0;yes;2297
150;10:48:15;61.05;200.85;4663;259;-59.5;-106;221;0;yes;2303
150;10:48:28;61.36;202.24;4723;227;-63.7;-112;200;0;yes;2303
150;10:48:41;61.72;203.63;4795;199;-65.4;-109;172;0;yes;2303
150;10:48:54;62.06;205.13;4863;168;-66.4;-107;143;0;yes;2303
150;10:49:07;62.44;206.48;4950;142;-66.1;-100;122;0;yes;2306
150;10:49:19;62.82;208.08;5032;119;-64.5;-90;101;0;yes;2306
150;10:49:32;63.28;210.04;5135;71;;;;0;no;2308
151;10:45:10;73.49;170.25;7951;129;;;;0;no;2272
151;10:45:25;73.52;171.01;7906;180;;;;0;no;2272
151;10:45:38;72.12;172.84;7884;399;;;;1;no;2272
151;10:45:51;72.06;173.26;7857;475;;;;1;no;2272
151;10:46:04;71.92;174.33;7798;505;;;;1;no;2274
151;10:46:17;71.81;175.45;7747;524;13.6;34;;1;no;2274
151;10:46:30;71.64;176.8;7699;511;13.5;34;467;0;yes;2281
151;10:46:43;71.58;177.9;7670;520;13.7;34;463;0;yes;2281
151;10:46:56;71.55;178.93;7660;539;14.2;36;484;0;yes;2281
151;10:47:09;71.53;179.88;7655;552;14.8;37;500;0;yes;2283
151;10:47:22;71.6;180.76;7687;573;15.2;39;516;0;yes;2283
151;10:47:36;74.09;188.4;7673;1384;14.7;38;;1;no;2283
151;10:47:49;74.09;189.17;7659;1413;;;;1;no;2283
151;10:48:02;71.59;183.52;7693;588;;;;0;no;2297
151;10:48:15;71.54;184.35;7701;600;;;;0;no;2303
151;10:48:28;71.51;185.2;7690;599;;;;0;no;2303
151;10:48:41;71.53;185.91;7681;591;;;;0;no;2303
151;10:48:54;71.52;186.65;7671;582;;;;0;no;2303
151;10:49:07;71.52;187.36;7676;564;;;;0;no;2306
151;10:49:19;71.5;188.18;7671;545;;;;0;no;2306
151;10:49:32;71.47;188.97;7672;501;;;;0;no;2308
151;10:49:45;71.49;189.53;7695;466;;;;0;no;2315
151;10:49:58;71.37;189.32;7669;418;;;323;0;yes;2308
151;10:50:11;71.19;187.64;7658;272;;;;0;no;2315
151;10:50:26;70.96;187.98;7625;240;;;;0;no;2317
151;10:50:39;70.31;188.72;7615;169;;;;0;no;2322
151;10:50:54;70.33;189.92;7612;188;;;;0;no;2330
151;10:51:07;70.36;191.33;7596;202;;;;0;no;2334
151;10:51:20;70.35;192.65;7565;193;;;;0;no;2334
151;10:51:35;70.37;193.77;7552;203;;;;0;no;2340
151;10:51:48;70.35;195.03;7529;212;;;;0;no;2340
151;10:52:01;70.34;196.15;7502;214;;;;0;no;2340
151;10:52:14;70.3;197.24;7478;214;;;;0;no;2340
151;10:52:27;70.1;199.65;7455;286;;;;1;no;2341
151;10:52:40;70.28;199.4;7426;220;;;;0;no;2341
151;10:52:53;70.31;200.48;7404;228;;;;0;no;2341
151;10:53:06;70.32;201.53;7396;227;3.4;4;;0;no;2347
151;10:53:19;70.4;202.5;7362;233;10.3;12;190;0;yes;2341
151;10:53:32;70.47;203.54;7436;234;12.3;14;190;0;yes;2355
151;10:53:45;70.56;204.51;7430;232;12.4;14;194;0;yes;2341
151;10:53:58;70.63;205.42;7499;239;13.1;15;202;0;yes;2355
151;10:54:12;70.74;206.33;7546;253;9.7;11;210;0;yes;2355
151;10:54:24;70.89;207.06;7609;261;3.7;4;207;0;yes;2355
151;10:54:37;71.01;207.91;7669;258;-3.8;-5;200;0;yes;2357
151;10:54:51;71.18;208.78;7744;253;-12.5;-16;182;0;yes;2357
151;10:55:04;71.35;209.64;7815;242;-18.5;-24;169;0;yes;2355
151;10:55:17;71.49;210.53;7879;234;-19.3;-25;156;0;yes;2355
151;10:55:30;71.64;211.25;7917;218;-20.2;-26;155;0;yes;2346
151;10:55:43;71.81;212.12;8025;227;-20.5;-26;162;0;yes;2355
151;10:55:56;71.94;212.87;8089;218;-19.0;-23;156;0;yes;2355
151;10:56:09;72.07;213.61;8124;203;-17.6;-21;140;0;yes;2346
151;10:56:21;72.2;214.37;7914;193;-16.2;-19;;0;no;2346
151;10:56:34;72.38;215.17;7932;179;;;;0;no;2343
151;10:56:49;72.57;215.81;7963;150;;;;0;no;2343
151;10:57:02;72.79;216.52;8005;121;;;;0;no;2341
152;10:45:10;65.75;179.13;5647;86;;;95;0;yes;2272
152;10:45:25;65.73;180.47;5643;116;;;114;0;yes;2272
152;10:45:38;65.81;182.19;5665;153;;;158;0;yes;2272
152;10:45:51;65.7;183.87;5634;218;221.3;105;;1;no;2272
152;10:46:04;65.76;185.43;5657;248;223.3;109;;1;no;2274
152;10:46:17;65.79;186.66;5663;260;240.5;116;;1;no;2274
152;10:46:30;65.87;188.08;5702;271;215.6;112;;1;no;2281
152;10:46:43;65.99;189.44;5736;274;153.9;95;;1;no;2281
152;10:46:56;66.13;190.83;5774;275;92.6;71;;1;no;2281
152;10:47:09;66.31;192.16;5828;277;14.6;20;226;0;yes;2283
152;10:47:22;66.48;193.47;5876;282;16.3;22;217;0;yes;2283
152;10:47:36;66.68;194.81;5933;286;17.1;23;211;0;yes;2283
152;10:47:49;66.93;195.38;6005;306;18.9;26;216;0;yes;2283
152;10:48:02;67.15;196.44;6105;316;21.1;28;214;0;yes;2297
152;10:48:15;67.37;197.45;6142;333;23.8;32;;0;no;2303
152;10:48:28;67.57;198.36;6163;333;;;;0;no;2303
152;10:48:41;67.76;199.19;6186;327;;;;0;no;2303
152;10:48:54;67.91;200.01;6210;319;;;;0;no;2303
152;10:49:07;68.06;200.81;6245;309;;;;0;no;2306
152;10:49:19;68.19;201.22;6273;298;;;;0;no;2306
152;10:49:32;68.28;201.67;6306;286;;;;0;no;2308
152;10:49:45;68.07;202.55;6359;325;12.0;22;;0;no;2315
152;10:49:58;67.92;203.7;6371;369;12.0;22;461;0;yes;2308
152;10:50:11;67.89;204.79;6383;403;12.0;22;500;0;yes;2315
152;10:50:26;67.65;207.36;6309;552;122.1;228;;1;no;2317
152;10:50:39;67.78;208.51;6366;610;176.2;299;;1;no;2322
152;10:50:54;67.9;209.47;6429;647;205.9;332;;1;no;2330
152;10:51:07;68.23;210.62;6544;726;212.6;343;;1;no;2334
152;10:51:20;68.41;211.61;6605;762;194.3;332;;1;no;2334
152;10:51:35;68.54;212.63;6667;804;138.2;281;;1;no;2340
152;10:51:48;68.69;213.79;6720;841;29.9;120;734;0;yes;2340
152;10:52:01;68.9;214.77;6794;881;32.3;131;734;0;yes;2340
152;10:52:14;69.09;215.73;6861;920;33.7;138;736;0;yes;2340
152;10:52:27;69.31;216.62;6942;967;36.0;150;750;0;yes;2341
152;10:52:40;69.51;217.54;7016;1005;36.9;157;743;0;yes;2341
152;10:52:53;69.72;218.4;7095;1044;35.1;154;762;0;yes;2341
152;10:53:06;69.92;219.29;7192;1079;31.0;142;795;0;yes;2347
152;10:53:19;70.1;220.14;7242;1107;25.2;121;815;0;yes;2341
152;10:53:32;70.23;220.97;7335;1138;20.9;105;844;0;yes;2355
152;10:53:45;70.37;221.77;7353;1160;18.3;94;861;0;yes;2341
152;10:53:58;70.53;222.55;7458;1195;15.8;84;873;0;yes;2355
152;10:54:12;70.66;223.2;7546;1203;13.8;74;;0;no;2355
152;10:54:24;70.79;223.86;7630;1207;;;;0;no;2355
152;10:54:37;70.94;224.57;7719;1203;;;;0;no;2357
152;10:54:51;71.1;225.28;7802;1199;;;;0;no;2357
152;10:55:04;71.28;225.9;7882;1192;;;;0;no;2355
152;10:55:17;71.46;226.56;7969;1195;;;;0;no;2355
152;10:55:30;71.64;227.19;8029;1188;;;;0;no;2346
152;10:55:43;71.87;227.91;8146;1198;;;;0;no;2355
152;10:55:56;71.97;228.54;8235;1149;;;;0;no;2355
152;10:56:09;72.18;229.15;8292;1140;;;;0;no;2346
152;10:56:21;72.38;229.71;8373;1143;;;;0;no;2346
152;10:56:34;72.61;230.23;8448;1136;;;;0;no;2343
152;10:56:49;72.85;230.72;8537;1130;-12.1;-69;;0;no;2343
152;10:57:02;73.12;231.35;8638;1113;-15.5;-88;786;0;yes;2341
152;10:57:15;73.24;231.73;8695;1075;-17.8;-101;731;0;yes;2338
152;10:57:29;73.44;232.15;8803;1063;-19.3;-109;717;0;yes;2338
152;10:57:41;73.65;232.35;8924;1025;-20.8;-117;698;0;yes;2338
152;10:57:55;73.87;232.46;9068;979;-22.1;-122;681;0;yes;2341
152;10:58:07;74.07;232.62;9176;949;-23.3;-128;675;0;yes;2338
152;10:58:22;74.25;232.81;9286;917;-23.7;-127;663;0;yes;2338
152;10:58:35;74.51;233.19;9449;907;-23.1;-119;630;0;yes;2338
152;10:58:48;74.74;233.51;9578;881;-23.2;-115;607;0;yes;2334
152;10:59:01;74.98;234.09;9740;830;-23.4;-114;593;0;yes;2334
152;10:59:13;75.21;234.65;9902;771;-24.3;-118;592;0;yes;2334
152;10:59:26;75.46;235.1;9723;715;-26.2;-128;;0;no;2334
152;10:59:39;75.7;235.58;9838;667;;;;0;no;2338
152;10:59:52;75.98;236.01;9939;623;;;;0;no;2338
152;11:00:05;76.19;236.4;10037;574;;;;0;no;2338
152;11:00:18;76.42;236.71;10150;522;;;;0;no;2341
152;11:00:30;76.67;237.04;10263;485;;;;0;no;2343
152;11:00:43;76.9;237.34;10366;441;;;;0;no;2343
152;11:00:56;77.14;237.82;10482;372;;;;0;no;2346
152;11:01:09;77.4;238.06;10589;332;;;;0;no;2346
152;11:01:22;77.62;238.3;10691;256;;;;0;no;2346
152;11:01:34;77.85;238.8;10788;116;;;;0;no;2346
153;10:45:38;76.96;36.03;10576;139;;;;0;no;2272
153;10:45:51;76.8;35.29;10519;195;;;;0;no;2272
153;10:46:04;76.65;34.55;10471;229;;;;0;no;2274
153;10:46:17;76.51;33.79;10611;256;;;187;0;yes;2274
153;10:46:30;76.4;31.78;10555;402;99.7;118;;1;no;2281
153;10:46:43;76.27;31.08;10456;420;110.5;127;;1;no;2281
153;10:46:56;76.13;30.33;10351;432;125.2;139;;1;no;2281
153;10:47:09;76.01;29.64;10262;450;130.7;144;;1;no;2283
153;10:47:22;75.9;28.98;10184;438;124.7;142;;1;no;2283
153;10:47:36;75.79;28.46;10099;432;98.5;126;;1;no;2283
153;10:47:49;75.68;27.96;10017;445;28.2;59;351;0;yes;2283
153;10:48:02;75.54;27.31;10001;451;28.5;60;;0;no;2297
153;10:48:15;75.44;26.88;9953;497;26.4;57;;0;no;2303
153;10:48:28;75.37;27.95;9879;484;25.6;56;375;0;yes;2303
153;10:48:41;75.31;27.43;9838;503;20.6;46;406;0;yes;2303
153;10:48:54;75.26;26.78;9803;526;12.1;28;434;0;yes;2303
153;10:49:07;75.22;26.11;9793;544;1.9;5;476;0;yes;2306
153;10:49:19;75.17;25.49;9756;549;-8.2;-21;493;0;yes;2306
153;10:49:32;75.13;24.89;9735;520;-15.2;-40;490;0;yes;2308
153;10:49:45;75.08;24.2;9733;514;-23.3;-63;489;0;yes;2315
153;10:49:58;75.12;23.45;9725;488;-27.9;-76;439;0;yes;2308
153;10:50:11;75.09;22.62;9735;462;-30.4;-83;454;0;yes;2315
153;10:50:26;75.08;21.94;9738;453;-32.2;-86;454;0;yes;2317
153;10:50:39;75.09;21.22;9765;413;-31.7;-82;427;0;yes;2322
153;10:50:54;74.98;20.6;9730;402;-32.2;-79;419;0;yes;2330
153;10:51:07;74.91;19.85;9691;392;-35.3;-83;402;0;yes;2334
153;10:51:20;74.83;19.2;9642;373;-38.4;-87;354;0;yes;2334
153;10:51:35;74.79;18.54;9639;366;-39.8;-86;348;0;yes;2340
153;10:51:48;74.96;17.64;9759;299;-42.6;-92;349;0;yes;2340
153;10:52:01;74.99;16.85;9774;269;-45.3;-99;322;0;yes;2340
153;10:52:14;75.1;15.75;9540;203;-47.5;-103;;0;no;2340
153;10:52:27;75.06;14.3;9518;122;;;;0;no;2341
154;10:45:51;66.07;12.33;5733;50;;;56;0;yes;2272
154;10:46:04;65.87;11.23;5683;66;541.9;102;66;0;yes;2274
154;10:46:17;65.55;10.29;5600;87;480.7;103;80;0;yes;2274
154;10:46:30;65.23;10.51;5537;125;422.9;104;90;0;yes;2281
154;10:46:43;64.99;9.48;5474;145;352.6;99;110;0;yes;2281
154;10:46:56;64.68;8.33;5401;172;273.6;96;141;0;yes;2281
154;10:47:09;64.38;7.34;5332;192;187.7;85;185;0;yes;2283
154;10:47:22;64.05;6.42;5255;214;106.3;66;190;0;yes;2283
154;10:47:36;63.76;5.27;5188;223;66.4;50;192;0;yes;2283
154;10:47:49;63.48;4.02;5124;236;34.3;30;220;0;yes;2283
154;10:48:02;63.08;2.68;5066;233;6.8;7;236;0;yes;2297
154;10:48:15;62.8;1.39;5019;255;-17.2;-19;248;0;yes;2303
154;10:48:28;62.43;359.92;4940;248;-33.4;-40;243;0;yes;2303
154;10:48:41;62.04;358.76;4859;227;-40.9;-52;214;0;yes;2303
154;10:48:54;61.72;358.15;4794;173;-47.9;-65;186;0;yes;2303
154;10:49:07;61.4;356.6;4738;142;-55.2;-79;183;0;yes;2306
154;10:49:19;61.01;355.22;4663;65;;;;0;no;2306
155;10:46:43;53.79;114.39;3412;36;;;;0;no;2281
155;10:46:56;52.55;115.94;3247;68;111.6;36;;0;yes;2281
155;10:47:09;51.45;117.54;3111;86;97.8;34;;0;yes;2283
155;10:47:22;50.48;118.75;2995;105;87.2;32;;0;yes;2283
155;10:47:36;49.34;120.27;2864;112;82.8;32;;0;yes;2283
155;10:47:49;48.22;121.81;2742;121;77.9;33;;0;yes;2283
155;10:48:02;47.01;123.57;2631;115;69.8;33;;0;yes;2297
155;10:48:15;45.8;125.46;2518;126;60.7;31;;0;yes;2303
155;10:48:28;44.62;127.63;2406;135;47.3;26;;0;yes;2303
155;10:48:41;43.69;130.56;2321;161;29.9;17;;0;yes;2303
155;10:48:54;42.76;134.02;2238;152;3.3;2;;0;yes;2303
155;10:49:07;41.81;137.02;2160;154;-7.3;-5;;0;yes;2306
155;10:49:19;40.9;141.02;2085;135;-21.8;-16;;0;yes;2306
155;10:49:32;40.06;144.57;2019;98;-37.5;-32;;0;yes;2308
155;10:49:45;40.07;147.13;2026;35;;;;0;no;2315
156;10:46:43;68.41;356.61;6456;441;;;316;0;yes;2281
156;10:46:56;68.34;355.55;6433;459;-5.6;-12;365;0;yes;2281
156;10:47:09;68.18;355.15;6387;424;2.5;6;398;0;yes;2283
156;10:47:22;67.84;354.31;6280;404;13.2;29;387;0;yes;2283
156;10:47:36;67.56;353.53;6192;403;20.6;44;390;0;yes;2283
156;10:47:49;67.34;352.23;6126;426;31.5;64;401;0;yes;2283
156;10:48:02;67.25;350.7;6134;456;37.7;76;436;0;yes;2297
156;10:48:15;67.2;349.22;6137;498;37.9;76;476;0;yes;2303
156;10:48:28;67.18;347.75;6131;520;32.9;68;486;0;yes;2303
156;10:48:41;67.18;346.26;6131;529;21.7;47;478;0;yes;2303
156;10:48:54;67.24;344.79;6148;532;5.4;13;462;0;yes;2303
156;10:49:07;67.25;343.3;6161;534;-9.7;-25;467;0;yes;2306
156;10:49:19;67.3;341.86;6175;523;-19.9;-54;459;0;yes;2306
156;10:49:32;67.5;340.72;6241;509;-25.7;-71;468;0;yes;2308
156;10:49:45;67.71;339.68;6325;486;-28.7;-80;479;0;yes;2315
156;10:49:58;67.98;338.65;6390;454;-33.7;-92;468;0;yes;2308
156;10:50:11;68.21;337.61;6486;430;-44.5;-119;467;0;yes;2315
156;10:50:26;68.43;336.3;6562;410;-51.7;-136;431;0;yes;2317
156;10:50:39;68.77;335.3;6694;363;-56.1;-143;310;0;yes;2322
156;10:50:54;68.95;334.14;6751;348;-56.4;-137;;0;no;2330
156;10:51:07;69.16;333.46;6802;263;-54.6;-127;;0;no;2334
156;10:51:20;69.09;332.97;6840;276;-50.6;-111;276;0;yes;2334
156;10:51:35;68.96;332.32;6815;255;-40.7;-81;236;0;yes;2340
156;10:51:48;68.77;332.5;6747;183;-23.5;-40;186;0;yes;2340
156;10:52:01;68.87;331.21;6781;214;-2.8;-4;190;0;yes;2340
156;10:52:14;68.95;330.08;6811;242;5.5;6;209;0;yes;2340
156;10:52:27;69.05;328.81;6848;260;8.9;10;215;0;yes;2341
156;10:52:40;69.13;327.63;6876;257;3.2;4;218;0;yes;2341
156;10:52:53;69.19;326.5;6897;252;-11.0;-13;213;0;yes;2341
156;10:53:06;69.3;325.23;6957;255;-24.0;-30;219;0;yes;2347
156;10:53:19;69.44;323.93;6988;251;-35.1;-47;210;0;yes;2341
156;10:53:32;69.63;322.71;7103;242;-40.5;-57;195;0;yes;2355
156;10:53:45;69.9;321.68;7165;201;-46.0;-67;164;0;yes;2341
156;10:53:58;70.06;320.56;7271;177;-51.7;-78;163;0;yes;2355
156;10:54:12;70.31;319.21;7368;147;;;131;0;yes;2355
157;10:46:56;73.71;86.9;8746;584;;;378;0;yes;2281
157;10:47:09;73.45;87.02;8608;595;20.9;59;383;0;yes;2283
157;10:47:22;73.2;87.1;8472;602;27.0;76;381;0;yes;2283
157;10:47:36;72.92;87.2;8322;613;27.8;79;391;0;yes;2283
157;10:47:49;72.64;87.28;8181;641;26.6;76;446;0;yes;2283
157;10:48:02;72.31;87.26;8065;659;26.6;77;450;0;yes;2297
157;10:48:15;71.97;87.3;7922;699;24.5;73;508;0;yes;2303
157;10:48:28;71.66;87.28;7780;708;19.4;60;510;0;yes;2303
157;10:48:41;71.34;87.28;7639;720;13.2;43;530;0;yes;2303
157;10:48:54;68.43;85.73;7491;1096;8.8;29;;1;no;2303
157;10:49:07;67.75;85.64;7357;1141;4.2;14;;1;no;2306
157;10:49:19;67.14;85.58;7211;1187;2.6;9;;1;no;2306
157;10:49:32;66.4;85.45;7069;1184;1.2;4;;1;no;2308
157;10:49:45;69.51;87.52;6938;717;-1.7;-6;546;0;yes;2315
157;10:49:58;69.12;87.74;6775;726;-4.4;-16;548;0;yes;2308
157;10:50:11;68.67;87.95;6641;727;-7.3;-26;554;0;yes;2315
157;10:50:26;68.2;88.3;6486;716;-11.6;-43;538;0;yes;2317
157;10:50:39;67.64;88.71;6320;697;-15.4;-57;524;0;yes;2322
157;10:50:54;67.12;88.92;6186;688;-17.0;-63;533;0;yes;2330
157;10:51:07;66.58;89.4;6034;669;-28.7;-104;506;0;yes;2334
157;10:51:20;66.1;89.73;5897;641;-36.9;-135;495;0;yes;2334
157;10:51:35;65.61;90.22;5779;621;-41.7;-153;455;0;yes;2340
157;10:51:48;64.95;90.45;5608;621;-44.0;-160;477;0;yes;2340
157;10:52:01;64.3;93.6;5447;480;-43.2;-153;442;0;yes;2340
157;10:52:14;63.82;94.3;5332;463;-46.2;-156;456;0;yes;2340
157;10:52:27;63.35;94.44;5223;444;-51.5;-166;477;0;yes;2341
157;10:52:40;62.68;93.82;5076;447;-53.8;-161;470;0;yes;2341
157;10:52:53;61.99;94.21;4929;437;-52.6;-136;438;0;yes;2341
157;10:53:06;61.21;95.99;4784;362;-59.2;-152;391;0;yes;2347
157;10:53:19;60.4;96.88;4615;304;-63.0;-166;335;0;yes;2341
157;10:53:32;59.58;97.76;4485;264;-67.0;-181;293;0;yes;2355
157;10:53:45;58.79;98.65;4309;176;-69.1;-185;237;0;yes;2341
157;10:53:58;57.92;100.27;4175;78;;;;0;no;2355
158;10:46:56;77.64;96.31;12027;920;;;;0;no;2281
158;10:47:09;77.53;96.26;11917;951;;;;0;no;2283
158;10:47:22;77.42;96.42;11796;962;;;;0;no;2283
158;10:47:36;77.3;96.61;11668;963;19.9;92;;0;no;2283
158;10:47:49;77.2;96.76;11258;975;17.5;82;;0;yes;2283
158;10:48:02;77.74;101.34;11221;1591;14.9;71;;1;no;2297
158;10:48:15;77.59;101.15;11149;1549;12.7;61;;1;no;2303
158;10:48:28;76.86;97.81;11050;1057;10.8;52;679;0;yes;2303
158;10:48:41;76.75;98.0;10954;1058;6.9;34;680;0;yes;2303
158;10:48:54;76.61;98.25;10837;1058;1.4;7;692;0;yes;2303
158;10:49:07;76.5;98.55;10758;1059;-2.0;-10;709;0;yes;2306
158;10:49:19;76.38;98.84;10664;1070;-2.9;-15;725;0;yes;2306
158;10:49:32;76.27;99.07;10581;1044;-3.4;-18;709;0;yes;2308
158;10:49:45;76.14;99.33;10512;1033;-20.1;-106;696;0;yes;2315
158;10:49:58;76.03;99.58;10398;1016;-27.1;-148;;0;no;2308
158;10:50:11;75.89;99.81;10345;1007;-30.0;-166;;0;no;2315
158;10:50:26;75.78;99.98;10274;1008;-30.6;-169;;0;no;2317
158;10:50:39;75.62;100.17;10200;995;-29.0;-158;;0;no;2322
158;10:50:54;75.48;100.43;10156;996;-26.7;-141;;0;no;2330
158;10:51:07;75.45;98.62;10073;821;-21.0;-106;535;0;yes;2334
158;10:51:20;75.3;98.67;9961;815;-10.9;-45;489;0;yes;2334
158;10:51:35;75.11;98.74;9859;809;-14.3;-59;494;0;yes;2340
158;10:51:48;74.9;98.82;9716;784;-20.0;-84;505;0;yes;2340
158;10:52:01;74.71;98.89;9586;779;-25.0;-106;521;0;yes;2340
158;10:52:14;74.49;98.75;9446;740;-27.7;-117;516;0;yes;2340
158;10:52:27;74.22;98.66;9277;704;-29.1;-122;488;0;yes;2341
158;10:52:40;73.94;98.71;9106;666;-28.2;-114;447;0;yes;2341
158;10:52:53;73.7;98.8;8966;639;-28.6;-112;406;0;yes;2341
158;10:53:06;73.53;98.92;8890;632;-28.4;-106;414;0;yes;2347
158;10:53:19;73.33;98.97;8754;617;-27.2;-96;430;0;yes;2341
158;10:53:32;73.13;98.99;8695;592;-25.3;-86;452;0;yes;2355
158;10:53:45;72.97;99.05;8557;542;-23.1;-76;461;0;yes;2341
158;10:53:58;72.81;99.14;8514;523;-19.5;-62;;0;no;2355
158;10:54:12;72.6;99.52;8414;526;-12.9;-40;416;0;yes;2355
158;10:54:24;72.3;99.96;8265;529;-3.9;-12;421;0;yes;2355
158;10:54:37;72.05;100.35;8147;529;7.8;21;422;0;yes;2357
158;10:54:51;71.8;100.68;8030;541;15.6;41;431;0;yes;2357
158;10:55:04;71.56;100.98;7910;554;18.0;46;425;0;yes;2355
158;10:55:17;71.29;101.32;7787;573;16.9;44;426;0;yes;2355
158;10:55:30;70.99;101.57;7630;593;12.8;34;434;0;yes;2346
158;10:55:43;70.71;101.77;7535;599;6.3;17;427;0;yes;2355
158;10:55:56;70.39;101.95;7404;600;-0.2;-1;448;0;yes;2355
158;10:56:09;70.12;102.15;7268;589;-7.4;-22;444;0;yes;2346
158;10:56:21;69.79;102.63;7138;578;-12.8;-39;453;0;yes;2346
158;10:56:34;69.42;103.16;6990;569;-15.1;-46;468;0;yes;2343
158;10:56:49;69.04;103.54;6850;563;-16.8;-51;469;0;yes;2343
158;10:57:02;68.62;103.89;6697;540;-17.2;-52;481;0;yes;2341
158;10:57:15;68.19;104.28;6543;527;-17.8;-52;487;0;yes;2338
158;10:57:29;67.74;104.58;6398;520;-17.9;-52;480;0;yes;2338
158;10:57:41;67.29;104.75;6258;510;-18.5;-52;446;0;yes;2338
158;10:57:55;66.83;104.94;6126;502;-21.4;-58;424;0;yes;2341
158;10:58:07;66.31;105.27;5968;478;-38.6;-102;393;0;yes;2338
158;10:58:22;65.84;105.73;5838;486;-51.9;-142;404;0;yes;2338
158;10:58:35;65.23;106.16;5675;462;-60.9;-172;405;0;yes;2338
158;10:58:48;64.65;106.59;5516;422;-65.7;-188;367;0;yes;2334
158;10:59:01;63.84;105.34;5322;291;-66.8;-186;282;0;yes;2334
158;10:59:13;63.34;105.8;5206;261;-68.9;-183;284;0;yes;2334
158;10:59:26;62.74;106.69;5073;236;-69.1;-176;253;0;yes;2334
158;10:59:39;62.31;107.55;4989;222;-65.5;-148;247;0;yes;2338
158;10:59:52;61.64;108.47;4851;142;-53.2;-89;203;0;yes;2338
158;11:00:05;61.69;108.19;4861;50;;;;0;no;2338
159;10:46:56;46.0;109.58;2513;218;;;;0;yes;2281
159;10:47:09;44.89;110.69;2410;233;20.6;23;;0;yes;2283
159;10:47:22;43.72;111.58;2303;243;18.2;21;;0;yes;2283
159;10:47:36;42.3;113.02;2180;254;15.4;18;;0;yes;2283
159;10:47:49;40.84;114.62;2059;258;13.0;15;;0;yes;2283
159;10:48:02;39.25;116.07;1946;248;3.7;5;;0;yes;2297
159;10:48:15;37.8;117.7;1842;257;-9.7;-12;;0;yes;2303
159;10:48:28;36.23;119.63;1730;261;-24.6;-32;;0;yes;2303
159;10:48:41;34.69;121.87;1624;258;-48.4;-65;;0;yes;2303
159;10:48:54;33.17;124.33;1524;236;-66.3;-96;;0;yes;2303
159;10:49:07;31.77;126.82;1439;212;-76.4;-117;;0;yes;2306
159;10:49:19;30.32;130.26;1350;188;-82.1;-128;;0;yes;2306
159;10:49:32;28.6;133.65;1258;125;-85.7;-128;;0;yes;2308
159;10:49:45;27.39;138.55;1199;95;-87.4;-128;;0;yes;2315
159;10:49:58;26.66;145.74;1159;69;-88.4;-123;;0;yes;2308
159;10:50:11;25.58;151.01;1108;35;-88.2;-110;;0;yes;2315
159;10:50:26;24.99;157.9;1080;21;;;;0;no;2317
160;10:46:56;57.23;230.2;3930;217;;;415;0;yes;2281
160;10:47:09;59.02;230.23;4244;237;75.9;78;436;0;yes;2283
160;10:47:22;59.69;230.8;4370;264;66.2;71;283;0;yes;2283
160;10:47:36;60.29;231.54;4482;288;57.1;64;331;0;yes;2283
160;10:47:49;60.95;232.23;4605;312;69.3;80;362;0;yes;2283
160;10:48:02;61.59;232.82;4757;316;76.2;93;371;0;yes;2297
160;10:48:15;62.16;233.32;4885;324;80.2;103;370;0;yes;2303
160;10:48:28;62.72;233.83;5001;328;79.7;108;374;0;yes;2303
160;10:48:41;63.98;235.55;5283;406;57.2;84;579;0;yes;2303
160;10:48:54;64.74;236.3;5468;447;17.9;33;587;0;yes;2303
160;10:49:07;65.37;236.98;5635;473;-11.3;-18;584;0;yes;2306
160;10:49:19;65.97;237.55;5718;484;-31.1;-64;;0;no;2306
160;10:49:32;66.54;238.08;5805;477;-44.6;-105;;0;no;2308
160;10:49:45;67.05;238.48;5913;475;-47.0;-113;;0;no;2315
160;10:49:58;66.62;236.06;5980;302;-45.0;-106;298;0;yes;2308
160;10:50:11;67.16;236.47;6157;290;-38.6;-84;285;0;yes;2315
160;10:50:26;67.7;236.73;6327;289;-27.3;-49;278;0;yes;2317
160;10:50:39;68.21;237.22;6506;282;-16.7;-25;294;0;yes;2322
160;10:50:54;68.68;237.67;6686;265;-18.3;-28;285;0;yes;2330
160;10:51:07;69.18;238.26;6873;239;-21.7;-33;264;0;yes;2334
160;10:51:20;69.74;238.46;7079;122;;;;0;no;2334
161;10:47:09;76.99;177.07;11072;136;;;94;0;yes;2283
161;10:47:22;76.94;177.82;11022;179;626.7;324;120;0;yes;2283
161;10:47:36;77.1;178.0;11164;303;501.7;314;219;0;yes;2283
161;10:47:49;77.2;178.64;11260;408;399.9;296;293;0;yes;2283
161;10:48:02;77.18;179.26;11303;468;319.3;274;307;0;yes;2297
161;10:48:15;77.17;179.88;11324;522;204.0;243;340;0;yes;2303
161;10:48:28;77.17;180.49;11325;580;133.2;209;406;0;yes;2303
161;10:48:41;77.14;181.13;11299;613;84.2;171;428;0;yes;2303
161;10:48:54;77.06;181.75;11224;630;62.7;146;463;0;yes;2303
161;10:49:07;77.04;182.43;11224;659;48.2;126;479;0;yes;2306
161;10:49:19;77.0;183.21;11192;687;37.7;108;490;0;yes;2306
161;10:49:32;76.99;183.91;11191;712;32.2;97;514;0;yes;2308
161;10:49:45;76.99;184.55;11222;730;28.1;88;519;0;yes;2315
161;10:49:58;77.0;185.2;11194;749;22.9;76;532;0;yes;2308
161;10:50:11;77.02;185.77;11245;760;18.1;62;542;0;yes;2315
161;10:50:26;77.02;186.32;11254;775;15.7;56;555;0;yes;2317
161;10:50:39;77.03;186.99;11290;798;15.5;57;588;0;yes;2322
161;10:50:54;77.04;187.58;11339;799;17.2;64;585;0;yes;2330
161;10:51:07;77.02;188.15;11337;788;25.4;96;579;0;yes;2334
161;10:51:20;77.03;188.66;11345;820;31.8;120;591;0;yes;2334
161;10:51:35;77.05;189.26;11398;847;35.8;136;;0;yes;2340
161;10:51:48;77.07;189.94;11417;879;37.7;144;;0;yes;2340
161;10:52:01;77.29;190.42;11618;978;35.8;139;;0;yes;2340
161;10:52:14;77.32;190.93;11647;990;29.9;121;;0;yes;2340
161;10:52:27;77.34;191.35;11670;998;22.6;96;;0;yes;2341
161;10:52:40;77.36;191.84;11694;1009;22.1;100;;0;yes;2341
161;10:52:53;77.35;192.4;11680;1013;19.9;96;;0;yes;2341
161;10:53:06;77.39;192.94;11747;1022;23.8;115;;0;yes;2347
161;10:53:19;77.47;193.4;11799;1031;26.1;126;;0;yes;2341
161;10:53:32;77.72;193.42;12120;1154;26.4;129;;0;yes;2355
161;10:53:45;77.77;193.98;12098;1146;24.8;123;;0;yes;2341
161;10:53:58;77.83;194.47;12231;1173;24.2;120;;0;yes;2355
161;10:54:12;77.88;195.01;12278;1186;20.3;104;;0;yes;2355
161;10:54:24;77.92;195.57;12317;1200;9.3;52;;0;yes;2355
161;10:54:37;77.95;196.09;12367;1210;;;;0;yes;2357
162;10:47:22;75.57;68.11;9942;93;;;;0;no;2283
162;10:47:36;75.28;67.64;9734;159;311.9;202;104;0;yes;2283
162;10:47:49;75.06;67.3;9584;222;288.0;205;155;0;yes;2283
162;10:48:02;74.81;66.96;9478;286;264.4;207;200;0;yes;2297
162;10:48:15;74.58;66.71;9349;361;236.6;203;257;0;yes;2303
162;10:48:28;74.32;66.47;9187;412;202.2;205;310;0;yes;2303
162;10:48:41;74.05;66.11;9024;447;165.8;199;338;0;yes;2303
162;10:48:54;73.79;65.89;8870;493;130.1;187;372;0;yes;2303
162;10:49:07;73.53;65.67;8740;523;96.8;170;394;0;yes;2306
162;10:49:19;73.24;65.45;8580;557;82.7;164;414;0;yes;2306
162;10:49:32;72.95;65.15;8430;590;73.7;161;439;0;yes;2308
162;10:49:45;72.64;64.84;8294;623;65.5;156;445;0;yes;2315
162;10:49:58;72.32;64.54;8108;662;59.2;151;468;0;yes;2308
162;10:50:11;71.97;64.24;7966;697;51.9;142;504;0;yes;2315
162;10:50:26;71.63;63.84;7815;731;46.8;136;536;0;yes;2317
162;10:50:39;71.23;63.5;7650;761;41.8;130;589;0;yes;2322
162;10:50:54;70.83;63.16;7508;787;36.3;120;640;0;yes;2330
162;10:51:07;70.4;62.71;7341;806;30.9;107;672;0;yes;2334
162;10:51:20;70.1;62.22;7220;840;25.8;94;739;0;yes;2334
162;10:51:35;69.78;61.83;7116;868;23.7;88;802;0;yes;2340
162;10:51:48;69.37;61.42;6963;880;21.8;83;846;0;yes;2340
162;10:52:01;69.03;61.18;6841;893;19.3;75;848;0;yes;2340
162;10:52:14;68.73;60.72;6733;920;;;857;0;yes;2340
163;10:47:22;70.08;85.79;7057;99;;;;0;no;2283
163;10:47:36;69.65;86.05;6897;158;634.0;322;142;0;yes;2283
163;10:47:49;69.23;86.33;6743;214;518.9;311;189;0;yes;2283
163;10:48:02;68.8;85.65;6634;329;418.9;294;274;0;yes;2297
163;10:48:15;68.25;84.9;6466;474;343.4;277;350;0;yes;2303
163;10:48:28;67.67;84.62;6280;554;318.7;320;410;0;yes;2303
163;10:48:41;67.09;84.49;6102;622;248.1;326;494;0;yes;2303
163;10:48:54;68.36;85.45;5936;1078;181.9;307;;1;no;2303
163;10:49:07;67.7;85.49;5782;1131;122.2;266;;1;no;2306
163;10:49:19;67.12;85.52;5617;1183;101.0;242;;1;no;2306
163;10:49:32;66.4;85.45;5456;1184;77.4;206;;1;no;2308
163;10:49:45;63.94;84.44;5301;839;58.0;172;864;0;yes;2315
163;10:49:58;63.22;84.33;5122;856;40.2;137;926;0;yes;2308
163;10:50:11;62.49;84.14;4978;870;24.2;100;935;0;yes;2315
163;10:50:26;61.81;83.72;4841;892;28.4;117;992;0;yes;2317
163;10:50:39;60.93;83.5;4678;937;30.4;126;1070;0;yes;2322
163;10:50:54;60.09;83.36;4536;983;30.7;129;1153;0;yes;2330
163;10:51:07;59.18;83.09;4368;1026;38.6;166;1232;0;yes;2334
163;10:51:20;58.28;82.76;4203;1055;51.8;231;1342;0;yes;2334
163;10:51:35;57.4;82.32;4060;1090;59.3;271;1440;0;yes;2340
163;10:51:48;52.87;78.8;3374;1420;63.9;298;;1;no;2340
163;10:52:01;51.62;78.33;3211;1247;64.5;307;;1;no;2340
163;10:52:14;50.41;77.32;3061;1323;64.5;314;;1;no;2340
163;10:52:27;49.16;76.68;2916;1378;57.7;295;;0;yes;2341
163;10:52:40;47.86;76.02;2772;1428;44.1;244;;0;yes;2341
163;10:52:53;46.51;75.29;2631;1469;26.8;170;;0;yes;2341
163;10:53:06;45.29;74.33;2516;1526;18.1;126;;0;yes;2347
163;10:53:19;43.89;73.47;2377;1563;18.2;127;;0;yes;2341
163;10:53:32;42.4;72.78;2257;1614;18.1;127;;0;yes;2355
163;10:53:45;28.1;36.82;2025;2228;17.2;123;;1;no;2341
163;10:53:58;26.66;36.07;1869;22;;;;1;no;2355
164;10:47:22;74.25;229.45;9065;83;;;67;0;yes;2283
164;10:47:36;74.39;229.99;9153;111;95.3;45;95;0;yes;2283
164;10:47:49;74.52;230.63;9234;123;118.3;56;118;0;yes;2283
164;10:48:02;74.7;231.26;9406;141;118.3;56;125;0;yes;2297
164;10:48:15;74.81;231.81;9497;188;118.3;56;167;0;yes;2303
164;10:48:28;75.12;231.63;9708;278;245.7;126;;1;no;2303
164;10:48:41;75.26;232.12;9801;300;280.2;146;;1;no;2303
164;10:48:54;75.4;232.53;9905;327;262.0;147;;1;no;2303
164;10:49:07;75.53;233.02;10010;340;215.3;136;;1;no;2306
164;10:49:19;75.66;233.4;10106;349;146.6;111;;1;no;2306
164;10:49:32;75.86;233.52;10260;344;75.9;72;;1;no;2308
164;10:49:45;76.02;233.79;10415;342;-4.0;-7;230;0;yes;2315
164;10:49:58;76.19;234.15;10513;345;-3.8;-7;229;0;yes;2308
164;10:50:11;76.33;234.43;10663;336;-4.0;-7;229;0;yes;2315
164;10:50:26;76.5;234.71;10809;333;-4.2;-7;217;0;yes;2317
164;10:50:39;76.7;235.09;11003;335;-4.7;-8;199;0;yes;2322
164;10:50:54;76.91;235.46;11226;341;-7.8;-13;195;0;yes;2330
164;10:51:07;77.09;235.86;11401;330;-14.9;-25;170;0;yes;2334
164;10:51:20;77.26;236.27;11560;324;-21.8;-37;179;0;yes;2334
164;10:51:35;77.45;236.71;11774;331;-27.3;-48;201;0;yes;2340
164;10:51:48;77.6;237.21;11927;307;-31.1;-55;211;0;yes;2340
164;10:52:01;77.76;237.4;12082;277;-35.0;-64;;0;yes;2340
164;10:52:14;77.89;237.68;12215;256;-39.5;-73;;0;yes;2340
164;10:52:27;77.97;238.02;12298;218;;;;0;yes;2341
165;10:47:36;76.36;324.54;10541;96;;;67;0;yes;2283
165;10:47:49;76.33;323.83;10517;131;141.0;74;95;0;yes;2283
165;10:48:02;76.35;323.14;10592;159;122.0;68;118;0;yes;2297
165;10:48:15;76.37;322.48;10634;184;108.8;65;151;0;yes;2303
165;10:48:28;76.38;321.81;10642;194;94.1;60;164;0;yes;2303
165;10:48:41;76.4;321.25;10659;209;70.2;50;190;0;yes;2303
165;10:48:54;76.48;320.6;10729;216;47.9;39;193;0;yes;2303
165;10:49:07;76.5;320.02;10760;227;26.5;24;206;0;yes;2306
165;10:49:19;76.53;319.45;10783;229;14.2;14;214;0;yes;2306
165;10:49:32;76.6;318.92;10848;229;-1.3;-1;210;0;yes;2308
165;10:49:45;76.65;318.37;10924;223;-17.2;-19;197;0;yes;2315
165;10:49:58;76.75;318.01;10979;235;-37.1;-43;193;0;yes;2308
165;10:50:11;76.81;317.61;11064;221;-56.2;-68;158;0;yes;2315
165;10:50:26;76.9;317.13;11152;203;-62.6;-81;131;0;yes;2317
165;10:50:39;76.97;316.58;11239;177;-69.1;-95;111;0;yes;2322
165;10:50:54;77.04;316.58;11341;97;-75.7;-112;93;0;yes;2330
165;10:51:07;77.1;315.97;11409;75;;;76;0;yes;2334
166;10:48:02;77.74;101.34;13430;1591;;;;1;no;2297
166;10:48:15;77.59;101.15;13346;1549;;;;1;no;2303
166;10:48:28;78.5;106.34;13228;993;;;;0;no;2303
166;10:48:41;78.47;106.57;13111;979;;;;0;no;2303
166;10:48:54;78.45;106.55;12991;971;;;;0;no;2303
166;10:49:07;78.43;106.66;12894;941;;;;0;no;2306
166;10:49:19;78.39;106.78;12578;933;;;;0;no;2306
166;10:49:32;78.35;106.79;12537;879;;;;0;no;2308
166;10:49:45;78.34;106.8;12559;830;;;;0;no;2315
166;10:49:58;78.25;106.97;12432;801;;;;0;no;2308
166;10:50:11;78.21;106.96;12425;770;;;;0;no;2315
166;10:50:26;78.15;107.0;12360;754;;;;0;no;2317
166;10:50:39;78.04;106.83;12277;713;;;;0;no;2322
166;10:50:54;77.88;105.76;12192;586;;;;0;no;2330
166;10:51:07;77.77;105.88;12064;573;;;;0;no;2334
166;10:51:20;77.65;105.99;11934;572;;;;0;no;2334
166;10:51:35;77.58;106.04;11841;554;;;;0;no;2340
166;10:51:48;77.46;106.15;11699;549;;;;0;no;2340
166;10:52:01;77.4;106.08;11572;515;;;;0;no;2340
166;10:52:14;77.26;106.29;11441;526;;;;0;no;2340
166;10:52:27;77.08;106.57;11317;523;;;;0;no;2341
166;10:52:40;76.9;106.82;11189;527;;;;0;no;2341
166;10:52:53;76.69;106.95;11063;496;-1.8;-5;;0;no;2341
166;10:53:06;76.52;107.28;10964;504;-22.9;-58;328;0;yes;2347
166;10:53:19;76.35;107.52;10792;498;-31.1;-82;333;0;yes;2341
166;10:53:32;76.18;107.84;10723;498;-35.0;-93;325;0;yes;2355
166;10:53:45;75.99;108.12;10507;503;-40.1;-109;333;0;yes;2341
166;10:53:58;75.75;109.64;10381;389;-42.4;-115;290;0;yes;2355
166;10:54:12;75.58;110.05;10254;354;-45.6;-127;272;0;yes;2355
166;10:54:24;75.39;110.49;10119;340;-47.3;-133;249;0;yes;2355
166;10:54:37;75.17;110.93;10096;304;-45.1;-122;;0;no;2357
166;10:54:51;74.84;111.31;9980;251;;;;0;no;2357
166;10:55:04;74.66;111.78;9851;216;;;;0;no;2355
166;10:55:17;74.44;112.19;9733;176;;;;0;no;2355
166;10:55:30;74.26;112.81;9579;155;;;;0;no;2346
167;10:48:02;50.21;118.74;2981;50;;;;0;no;2297
167;10:48:15;49.23;120.61;2876;147;101.4;73;;0;yes;2303
167;10:48:28;48.02;122.57;2744;191;132.6;98;;0;yes;2303
167;10:48:41;46.69;124.75;2606;226;170.4;128;;0;yes;2303
167;10:48:54;45.41;126.81;2480;243;180.1;140;;0;yes;2303
167;10:49:07;44.17;128.94;2367;258;176.7;149;;0;yes;2306
167;10:49:19;40.8;128.21;2077;398;164.8;150;;1;no;2306
167;10:49:32;40.55;129.83;2058;376;142.2;144;;0;yes;2308
167;10:49:45;39.05;131.96;1946;404;112.1;127;;0;yes;2315
167;10:49:58;37.73;134.44;1841;417;73.3;99;;0;yes;2308
167;10:50:11;36.39;137.43;1750;426;36.9;62;;0;yes;2315
167;10:50:26;35.21;140.51;1669;444;18.5;36;;0;yes;2317
167;10:50:39;33.99;144.46;1590;449;12.9;26;;0;yes;2322
167;10:50:54;33.06;148.5;1535;455;7.0;15;;0;yes;2330
167;10:51:07;32.13;153.26;1478;460;-2.2;-5;;0;yes;2334
167;10:51:20;31.4;157.62;1433;456;-14.3;-32;;0;yes;2334
167;10:51:35;30.91;162.37;1406;455;-27.2;-63;;0;yes;2340
167;10:51:48;30.81;167.38;1401;438;-41.1;-99;;0;yes;2340
167;10:52:01;31.0;171.76;1412;410;-61.7;-152;;0;yes;2340
167;10:52:14;31.41;175.85;1437;372;-73.7;-192;;0;yes;2340
167;10:52:27;31.88;179.58;1467;324;-80.5;-214;;0;yes;2341
167;10:52:40;32.37;183.35;1498;275;-85.8;-222;;0;yes;2341
167;10:52:53;33.83;187.4;1593;166;-88.1;-210;;0;yes;2341
167;10:53:06;34.5;192.52;1642;144;-88.0;-183;;0;yes;2347
167;10:53:19;35.19;196.98;1685;125;-88.3;-150;;0;yes;2341
167;10:53:32;35.64;199.81;1726;85;-87.0;-114;;0;yes;2355
167;10:53:45;36.32;203.81;1764;74;-85.0;-78;;0;yes;2341
167;10:53:58;37.78;208.02;1882;69;-83.9;-64;;0;yes;2355
167;10:54:12;38.51;211.93;1938;47;-80.6;-50;;0;yes;2355
167;10:54:24;39.5;214.9;2015;42;-77.8;-39;;0;yes;2355
167;10:54:37;40.64;217.84;2108;33;-77.6;-36;;0;yes;2357
167;10:54:51;41.78;220.49;2205;30;-76.4;-32;;0;yes;2357
167;10:55:04;43.05;222.98;2315;26;;;;0;yes;2355
168;10:48:41;73.08;194.33;8482;531;;;359;0;yes;2303
168;10:48:54;73.0;195.14;8436;531;-7.6;-21;368;0;yes;2303
168;10:49:07;72.93;195.94;8412;527;-11.3;-31;388;0;yes;2306
168;10:49:19;72.87;196.9;8383;526;-16.7;-45;404;0;yes;2306
168;10:49:32;72.87;198.06;8387;513;-21.2;-58;410;0;yes;2308
168;10:49:45;72.85;199.05;8400;510;-30.1;-83;412;0;yes;2315
168;10:49:58;72.8;200.14;8351;487;-37.0;-103;396;0;yes;2308
168;10:50:11;72.72;201.15;8336;454;-43.6;-121;373;0;yes;2315
168;10:50:26;72.7;202.12;8329;425;-49.6;-136;358;0;yes;2317
168;10:50:39;72.79;203.66;8397;378;-56.1;-150;340;0;yes;2322
168;10:50:54;72.82;204.61;8441;354;-61.7;-157;313;0;yes;2330
168;10:51:07;72.82;205.5;8451;317;-65.3;-157;262;0;yes;2334
168;10:51:20;72.79;206.24;8439;280;-67.8;-152;224;0;yes;2334
168;10:51:35;72.81;207.17;8474;234;-68.7;-141;200;0;yes;2340
168;10:51:48;72.78;208.09;8456;196;-70.4;-140;171;0;yes;2340
168;10:52:01;72.8;208.96;8468;159;-70.6;-132;141;0;yes;2340
168;10:52:14;72.88;209.82;8509;126;-69.9;-121;114;0;yes;2340
168;10:52:27;72.95;210.76;8551;79;;;;0;no;2341
169;10:49:19;74.14;187.65;9092;134;;;75;0;yes;2306
169;10:49:32;74.03;188.44;9031;142;;;85;0;yes;2308
169;10:49:45;73.83;189.91;8943;188;;;;1;no;2315
169;10:49:58;73.72;190.88;8849;214;118.9;71;;1;no;2308
169;10:50:11;73.56;192.12;8786;211;101.5;63;;1;no;2315
169;10:50:26;73.48;193.02;8747;221;95.8;60;;1;no;2317
169;10:50:39;73.4;194.12;8722;226;77.9;51;;1;no;2322
169;10:50:54;73.37;195.05;8736;235;46.1;33;;1;no;2330
169;10:51:07;73.26;196.16;8690;236;-11.0;-13;197;0;yes;2334
169;10:51:20;73.15;197.28;8631;219;-11.7;-14;179;0;yes;2334
169;10:51:35;73.09;198.17;8622;222;-13.6;-16;183;0;yes;2340
169;10:51:48;73.04;199.31;8597;219;-15.6;-18;172;0;yes;2340
169;10:52:01;73.02;200.23;8587;216;-20.4;-23;162;0;yes;2340
169;10:52:14;73.07;201.14;8613;209;-23.1;-26;145;0;yes;2340
169;10:52:27;73.11;201.85;8633;191;-26.8;-31;135;0;yes;2341
169;10:52:40;73.18;202.73;8673;167;-31.0;-37;110;0;yes;2341
169;10:52:53;73.27;203.49;8522;135;;;;0;no;2341
170;10:49:19;71.42;332.6;7802;113;;;;0;no;2306
170;10:49:32;71.46;331.36;7852;168;;;;0;no;2308
170;10:49:45;71.43;330.91;7926;264;;;;0;no;2315
170;10:49:58;71.81;327.94;7866;504;;;;1;no;2308
170;10:50:11;71.86;326.92;7913;581;;;;1;no;2315
170;10:50:26;71.93;326.14;7951;657;;;;1;no;2317
170;10:50:39;72.08;325.23;8043;744;;;;1;no;2322
170;10:50:54;72.32;324.62;8187;833;;;;1;no;2330
170;10:51:07;72.48;323.71;8281;889;21.5;95;;1;no;2334
170;10:51:20;72.63;322.88;8354;923;24.3;108;715;0;yes;2334
170;10:51:35;72.78;322.14;8454;960;25.9;116;733;0;yes;2340
170;10:51:48;72.91;321.31;8525;998;26.9;122;753;0;yes;2340
170;10:52:01;73.04;320.65;8593;1035;28.2;130;761;0;yes;2340
170;10:52:14;73.15;320.09;8654;1074;29.2;137;765;0;yes;2340
170;10:52:27;73.28;319.54;8731;1104;27.9;134;784;0;yes;2341
170;10:52:40;73.41;318.88;8801;1135;25.2;125;814;0;yes;2341
170;10:52:53;73.52;318.23;8865;1158;20.4;105;832;0;yes;2341
170;10:53:06;73.67;317.62;8972;1190;16.1;86;847;0;yes;2347
170;10:53:19;73.78;317.09;9012;1193;12.2;67;862;0;yes;2341
170;10:53:32;73.91;316.51;9143;1214;8.6;49;886;0;yes;2355
170;10:53:45;74.04;315.96;9166;1213;5.3;31;881;0;yes;2341
170;10:53:58;74.19;315.42;9312;1230;2.4;14;898;0;yes;2355
170;10:54:12;74.31;314.87;9390;1225;0.7;4;882;0;yes;2355
170;10:54:24;74.45;314.36;9476;1224;-0.9;-6;884;0;yes;2355
170;10:54:37;74.58;313.94;9573;1216;-1.5;-9;879;0;yes;2357
170;10:54:51;74.69;313.55;9640;1212;-1.8;-11;869;0;yes;2357
170;10:55:04;74.8;313.18;9709;1207;-1.5;-9;859;0;yes;2355
170;10:55:17;74.9;312.78;9775;1195;-0.4;-3;807;0;yes;2355
170;10:55:30;75.04;312.37;9833;1190;0.6;4;795;0;yes;2346
170;10:55:43;75.16;311.96;9956;1211;1.3;8;802;0;yes;2355
170;10:55:56;75.25;311.43;10015;1210;1.2;7;796;0;yes;2355
170;10:56:09;75.37;310.95;10066;1220;0.8;5;807;0;yes;2346
170;10:56:21;75.5;310.59;10165;1228;0.2;1;842;0;yes;2346
170;10:56:34;75.57;310.15;10204;1221;-0.5;-3;825;0;yes;2343
170;10:56:49;75.63;309.8;10247;1213;-1.6;-10;824;0;yes;2343
170;10:57:02;75.75;309.19;10323;1208;-2.4;-15;835;0;yes;2341
170;10:57:15;75.86;308.68;10390;1208;-2.9;-18;841;0;yes;2338
170;10:57:29;75.94;308.16;10456;1213;-4.3;-26;844;0;yes;2338
170;10:57:41;76.02;307.7;10518;1197;-5.6;-34;837;0;yes;2338
170;10:57:55;76.08;307.31;10576;1197;-6.5;-40;826;0;yes;2341
170;10:58:07;76.14;306.96;10608;1188;-6.9;-42;818;0;yes;2338
170;10:58:22;76.14;306.47;10613;1149;-7.1;-43;795;0;yes;2338
170;10:58:35;76.21;306.0;10671;1162;-6.6;-40;804;0;yes;2338
170;10:58:48;76.27;305.55;10695;1151;-8.1;-48;806;0;yes;2334
170;10:59:01;76.32;305.13;10739;1138;-11.7;-69;797;0;yes;2334
170;10:59:13;76.41;304.81;10810;1134;-15.1;-89;830;0;yes;2334
170;10:59:26;74.91;307.89;10884;1641;-18.0;-106;;1;no;2334
170;10:59:39;75.0;307.56;10977;1643;-19.9;-118;;1;no;2338
170;10:59:52;75.05;307.27;11053;1622;-22.3;-132;;1;no;2338
170;11:00:05;76.76;303.44;11128;1050;-26.4;-154;848;0;yes;2338
170;11:00:18;76.88;303.19;11250;1002;-31.3;-180;785;0;yes;2341
170;11:00:30;77.05;302.82;11414;981;-35.6;-198;762;0;yes;2343
170;11:00:43;77.2;302.58;11553;934;-38.4;-208;;0;yes;2343
170;11:00:56;77.41;302.46;11771;858;-41.7;-225;;0;yes;2346
170;11:01:09;77.59;302.67;11944;785;-47.6;-253;;0;yes;2346
170;11:01:22;77.7;302.79;12049;724;-52.0;-268;;0;yes;2346
170;11:01:34;77.71;302.71;12062;703;-52.1;-253;;0;yes;2346
170;11:01:47;77.87;303.19;12272;568;-48.9;-218;;0;yes;2356
170;11:02:00;77.75;301.91;12153;668;-48.3;-206;;0;yes;2356
170;11:02:13;77.76;302.48;12208;512;-48.2;-199;;0;yes;2364
170;11:02:25;77.85;301.97;12299;511;-49.0;-200;;0;yes;2364
170;11:02:38;77.95;301.5;12515;483;;;;0;yes;2386
171;10:50:11;75.37;214.59;9934;75;;;82;0;yes;2315
171;10:50:26;75.27;214.55;9867;60;102.2;30;58;0;yes;2317
171;10:50:39;75.53;214.6;10075;134;78.7;24;;0;no;2322
171;10:50:54;75.32;214.59;9961;89;57.5;19;102;0;yes;2330
171;10:51:07;75.51;214.65;10110;137;47.9;16;196;0;yes;2334
171;10:51:20;75.35;214.53;9995;91;23.6;9;83;0;yes;2334
171;10:51:35;75.36;214.52;10030;108;1.3;0;129;0;yes;2340
171;10:51:48;75.3;214.56;9994;99;-9.7;-5;101;0;yes;2340
171;10:52:01;75.33;214.58;10012;84;-19.3;-10;90;0;yes;2340
171;10:52:14;75.64;214.68;10238;155;45.4;24;;1;no;2340
171;10:52:27;75.3;214.56;9997;82;49.2;24;;1;no;2341
171;10:52:40;75.32;214.59;10008;84;50.3;23;;1;no;2341
171;10:52:53;75.49;214.59;10130;132;45.6;20;;1;no;2341
171;10:53:06;75.45;214.61;10126;131;57.7;23;;1;no;2347
171;10:53:19;75.36;214.51;10039;98;;;;1;no;2341
171;10:53:32;75.66;214.71;10312;154;;;220;0;yes;2355
171;10:53:45;75.36;214.55;10036;79;;;87;0;yes;2341
172;10:50:11;76.03;250.73;10425;113;;;82;0;yes;2315
172;10:50:26;76.2;251.08;10559;164;282.7;172;115;0;yes;2317
172;10:50:39;76.37;250.58;10721;273;193.4;140;158;0;yes;2322
172;10:50:54;76.51;250.69;10879;321;122.9;102;193;0;yes;2330
172;10:51:07;76.63;250.87;10997;351;86.4;78;250;0;yes;2334
172;10:51:20;76.76;251.07;11107;362;30.4;36;276;0;yes;2334
172;10:51:35;76.9;251.24;11258;352;4.1;5;293;0;yes;2340
172;10:51:48;76.85;250.86;11217;299;-7.3;-13;268;0;yes;2340
172;10:52:01;76.95;251.15;11307;313;-7.2;-13;265;0;yes;2340
172;10:52:14;77.03;251.41;11381;305;0.0;0;242;0;yes;2340
172;10:52:27;77.19;251.73;11528;324;8.5;13;243;0;yes;2341
172;10:52:40;77.32;252.06;11652;328;17.7;27;246;0;yes;2341
172;10:52:53;77.47;252.23;11796;340;19.5;30;258;0;yes;2341
172;10:53:06;77.62;252.43;11976;351;20.3;31;;0;yes;2347
172;10:53:19;77.79;252.58;12112;348;17.9;28;;0;yes;2341
172;10:53:32;77.95;252.76;12350;354;;;;0;yes;2355
173;10:50:26;76.87;193.79;11124;98;;;76;0;yes;2317
173;10:50:39;76.85;194.74;11126;136;99.1;57;114;0;yes;2322
173;10:50:54;76.89;195.55;11206;158;80.5;49;136;0;yes;2330
173;10:51:07;76.94;196.37;11263;177;65.3;42;141;0;yes;2334
173;10:51:20;76.98;197.11;11302;192;51.6;35;156;0;yes;2334
173;10:51:35;77.02;197.83;11373;197;31.7;24;158;0;yes;2340
173;10:51:48;77.12;198.61;11461;198;7.1;6;145;0;yes;2340
173;10:52:01;77.2;199.35;11534;204;-18.0;-17;143;0;yes;2340
173;10:52:14;77.29;200.1;11620;192;-36.2;-37;135;0;yes;2340
173;10:52:27;77.37;200.78;11699;189;-45.5;-49;122;0;yes;2341
173;10:52:40;77.4;201.48;11730;168;-48.8;-53;111;0;yes;2341
173;10:52:53;77.43;201.96;11755;144;-49.8;-53;104;0;yes;2341
173;10:53:06;77.5;202.67;11855;124;-48.9;-50;103;0;yes;2347
173;10:53:19;77.53;203.24;11855;126;-48.0;-47;92;0;yes;2341
173;10:53:32;77.59;204.1;11980;91;-42.0;-37;77;0;yes;2355
173;10:53:45;77.74;204.69;12061;111;-32.8;-25;93;0;yes;2341
173;10:53:58;77.86;205.36;12255;128;;;;0;yes;2355
174;10:50:26;75.3;304.18;9892;58;;;;0;no;2317
174;10:50:39;75.47;304.24;10033;165;261.2;199;115;0;yes;2322
174;10:50:54;75.48;303.67;10078;251;211.4;183;167;0;yes;2330
174;10:51:07;75.65;303.14;10213;373;179.0;171;282;0;yes;2334
174;10:51:20;75.71;302.62;10263;425;179.0;171;332;0;yes;2334
174;10:51:35;75.77;302.14;10336;479;142.6;160;366;0;yes;2340
174;10:51:48;75.94;299.76;10464;688;179.3;277;;1;no;2340
174;10:52:01;76.05;299.38;10551;737;183.6;310;;1;no;2340
174;10:52:14;76.14;299.02;10626;774;182.4;320;;1;no;2340
174;10:52:27;76.26;298.66;10721;807;165.2;308;;1;no;2341
174;10:52:40;76.36;298.28;10802;830;131.6;270;;1;no;2341
174;10:52:53;76.45;297.89;10879;845;81.1;194;;1;no;2341
174;10:53:06;76.55;297.51;10994;860;0.9;4;508;0;yes;2347
174;10:53:19;76.66;297.11;11053;864;0.1;0;505;0;yes;2341
174;10:53:32;76.75;296.78;11202;865;-1.0;-4;511;0;yes;2355
174;10:53:45;76.89;296.42;11257;857;-3.3;-14;488;0;yes;2341
174;10:53:58;77.01;296.09;11433;872;-6.3;-28;484;0;yes;2355
174;10:54:12;77.12;295.75;11533;866;-9.0;-39;491;0;yes;2355
174;10:54:24;77.23;295.66;11633;847;-12.2;-54;474;0;yes;2355
174;10:54:37;77.35;295.36;11764;830;-14.9;-66;454;0;yes;2357
174;10:54:51;77.48;295.05;11886;809;-16.9;-74;;0;yes;2357
174;10:55:04;77.61;294.74;12002;797;-17.9;-79;;0;yes;2355
174;10:55:17;77.73;294.5;12128;774;-18.5;-81;;0;yes;2355
174;10:55:30;77.83;294.37;12186;738;-18.7;-81;;0;yes;2346
174;10:55:43;77.94;294.12;12339;740;;;;0;yes;2355
175;10:50:39;76.97;356.82;11053;139;;;;0;no;2322
175;10:50:54;76.86;356.24;11097;161;;;;0;no;2330
175;10:51:07;76.83;355.58;11120;231;;;;0;no;2334
175;10:51:20;76.83;354.9;11129;285;;;;0;no;2334
175;10:51:35;76.82;354.23;11173;317;;;;0;no;2340
175;10:51:48;76.8;353.34;11190;355;;;;0;no;2340
175;10:52:01;76.8;352.52;11203;395;;;;0;no;2340
175;10:52:14;76.91;350.44;11269;549;;;;1;no;2340
175;10:52:27;76.9;349.7;11267;581;;;;1;no;2341
175;10:52:40;76.9;348.88;11268;608;;;;1;no;2341
175;10:52:53;76.91;348.06;11275;644;;;;1;no;2341
175;10:53:06;76.95;347.26;11338;689;;;;1;no;2347
175;10:53:19;76.94;346.4;11305;712;5.2;19;;1;no;2341
175;10:53:32;76.96;345.6;11386;731;5.9;21;471;0;yes;2355
175;10:53:45;76.99;344.82;11345;747;5.9;21;488;0;yes;2341
175;10:53:58;77.04;344.05;11460;764;5.9;21;498;0;yes;2355
175;10:54:12;77.07;343.23;11491;765;5.3;20;;0;no;2355
175;10:54:24;77.12;342.42;11522;760;;;;0;no;2355
175;10:54:37;77.18;341.63;11566;751;;;;0;no;2357
175;10:54:51;77.21;340.86;11600;741;;;;0;no;2357
175;10:55:04;77.25;340.14;11627;736;;;;0;no;2355
175;10:55:17;77.29;339.46;11664;738;;;;0;no;2355
175;10:55:30;77.33;338.81;11665;738;;;;0;no;2346
175;10:55:43;77.38;338.3;11749;761;;;;0;no;2355
175;10:55:56;77.41;337.85;11792;765;;;;0;no;2355
175;10:56:09;77.46;337.41;11800;773;;;;0;no;2346
175;10:56:21;77.53;337.02;11850;781;;;;0;no;2346
175;10:56:34;77.57;336.56;11886;778;;;;0;no;2343
175;10:56:49;77.61;336.15;11937;761;;;;0;no;2343
175;10:57:02;77.67;335.73;11979;742;-4.7;-16;;0;no;2341
175;10:57:15;77.71;335.47;12015;699;-6.2;-22;;0;yes;2338
175;10:57:29;77.73;335.29;12043;679;-6.6;-23;;0;yes;2338
175;10:57:41;77.77;334.82;12083;662;-8.0;-28;;0;yes;2338
175;10:57:55;77.76;335.07;12084;699;-10.2;-35;;0;yes;2341
175;10:58:07;77.79;334.66;12099;678;-13.3;-46;;0;yes;2338
175;10:58:22;77.8;334.3;12108;640;-15.7;-55;;0;yes;2338
175;10:58:35;77.84;333.98;12149;600;-16.9;-59;;0;yes;2338
175;10:58:48;77.82;333.96;12254;530;-19.2;-68;;0;no;2334
175;10:59:01;77.8;333.77;12303;467;;;;0;no;2334
175;10:59:13;77.84;333.86;12355;379;;;;0;no;2334
175;10:59:26;78.01;333.5;12406;213;;;;0;no;2334
175;10:59:39;77.78;333.64;12481;271;;;;1;no;2338
175;10:59:52;77.81;333.05;12534;260;;;;1;no;2338
176;10:50:54;57.48;195.04;4056;91;;;78;0;yes;2330
176;10:51:07;57.81;197.32;4120;128;108.5;58;110;0;yes;2334
176;10:51:20;58.19;199.39;4187;153;93.4;53;139;0;yes;2334
176;10:51:35;58.59;201.32;4269;180;77.7;47;158;0;yes;2340
176;10:51:48;59.1;203.84;4367;189;64.5;41;182;0;yes;2340
176;10:52:01;59.41;206.07;4425;180;39.7;28;179;0;yes;2340
176;10:52:14;60.03;207.7;4546;198;10.3;8;219;0;yes;2340
176;10:52:27;60.61;209.44;4656;207;-19.3;-17;235;0;yes;2341
176;10:52:40;61.2;211.23;4769;196;-40.8;-40;235;0;yes;2341
176;10:52:53;61.73;212.83;4876;188;-54.9;-59;214;0;yes;2341
176;10:53:06;62.32;214.52;5012;164;-62.7;-71;205;0;yes;2347
176;10:53:19;62.87;216.29;5116;137;-67.6;-80;159;0;yes;2341
176;10:53:32;63.33;217.52;5249;109;-71.8;-88;129;0;yes;2355
176;10:53:45;63.89;218.76;5350;94;-74.0;-90;110;0;yes;2341
176;10:53:58;64.45;219.98;5517;77;;;96;0;yes;2355
177;10:51:20;69.75;195.67;7084;110;;;75;0;yes;2334
177;10:51:35;69.72;196.86;7092;139;51.3;32;91;0;yes;2340
177;10:51:48;69.73;198.09;7097;151;46.7;30;104;0;yes;2340
177;10:52:01;69.76;199.35;7110;165;41.5;28;111;0;yes;2340
177;10:52:14;69.82;200.48;7132;172;35.1;24;120;0;yes;2340
177;10:52:27;70.1;199.65;7244;286;26.7;19;;1;no;2341
177;10:52:40;69.95;202.64;7183;176;17.5;13;123;0;yes;2341
177;10:52:53;70.03;203.68;7217;176;8.1;6;121;0;yes;2341
177;10:53:06;70.13;204.77;7272;181;0.5;0;130;0;yes;2347
177;10:53:19;70.26;205.82;7306;180;-5.4;-5;131;0;yes;2341
177;10:53:32;70.35;206.85;7386;175;-10.7;-10;133;0;yes;2355
177;10:53:45;70.46;207.86;7389;172;-12.9;-12;136;0;yes;2341
177;10:53:58;70.59;208.8;7484;172;-14.5;-13;143;0;yes;2355
177;10:54:12;70.77;209.74;7561;158;-17.4;-16;138;0;yes;2355
177;10:54:24;70.89;210.57;7612;134;;;121;0;yes;2355
178;10:51:48;77.06;89.22;11409;94;;;69;0;yes;2340
178;10:52:01;76.89;89.42;11258;119;411.0;160;89;0;yes;2340
178;10:52:14;76.72;89.37;11110;196;335.5;153;125;0;yes;2340
178;10:52:27;76.53;89.62;10947;236;274.2;144;140;0;yes;2341
178;10:52:40;76.35;89.77;10795;266;228.1;134;180;0;yes;2341
178;10:52:53;76.21;90.01;10679;289;146.8;116;201;0;yes;2341
178;10:53:06;76.03;90.24;10566;318;94.4;93;240;0;yes;2347
178;10:53:19;75.87;90.44;10418;334;59.2;70;241;0;yes;2341
178;10:53:32;75.71;90.72;10356;349;37.8;51;259;0;yes;2355
178;10:53:45;75.55;90.99;10174;356;22.8;34;274;0;yes;2341
178;10:53:58;75.44;91.26;10151;356;9.6;16;276;0;yes;2355
178;10:54:12;75.27;91.56;10032;361;-1.8;-3;278;0;yes;2355
178;10:54:24;75.09;91.89;9904;363;-16.8;-29;294;0;yes;2355
178;10:54:37;74.95;92.22;9814;357;-29.7;-54;280;0;yes;2357
178;10:54:51;74.81;92.6;9719;348;-43.7;-83;279;0;yes;2357
178;10:55:04;74.67;92.97;9623;325;-51.8;-102;257;0;yes;2355
178;10:55:17;74.63;93.28;9592;280;-60.5;-121;206;0;yes;2355
178;10:55:30;74.56;93.59;9514;252;-67.0;-133;176;0;yes;2346
178;10:55:43;74.44;94.05;9470;208;-71.5;-136;138;0;yes;2355
178;10:55:56;74.28;94.31;9372;204;-73.0;-134;147;0;yes;2355
178;10:56:09;74.04;94.55;9187;163;-73.4;-125;137;0;yes;2346
178;10:56:21;73.71;94.91;8994;119;-74.7;-122;110;0;yes;2346
178;10:56:34;73.4;95.32;8806;92;;;74;0;yes;2343
179;10:52:01;77.81;161.39;12134;150;;;;0;yes;2340
179;10:52:14;77.76;161.95;12079;179;316.5;190;;0;yes;2340
179;10:52:27;77.64;162.39;11962;231;281.9;187;167;0;yes;2341
179;10:52:40;77.55;162.88;11879;277;251.9;185;188;0;yes;2341
179;10:52:53;77.53;163.44;11856;337;219.1;177;248;0;yes;2341
179;10:53:06;77.51;163.98;11864;378;177.1;170;280;0;yes;2347
179;10:53:19;77.45;164.52;11782;407;132.7;153;301;0;yes;2341
179;10:53:32;77.41;165.13;11807;444;91.1;129;331;0;yes;2355
179;10:53:45;77.37;165.74;11700;461;60.6;102;325;0;yes;2341
179;10:53:58;77.36;166.35;11755;483;42.7;81;317;0;yes;2355
179;10:54:12;77.32;167.02;11725;499;31.0;64;330;0;yes;2355
179;10:54:24;77.3;167.64;11702;515;23.3;52;347;0;yes;2355
179;10:54:37;77.26;168.28;11678;526;19.5;45;370;0;yes;2357
179;10:54:51;77.21;168.8;11630;510;16.2;39;367;0;yes;2357
179;10:55:04;77.23;169.46;11636;518;15.0;37;377;0;yes;2355
179;10:55:17;77.22;170.26;11626;542;14.0;35;416;0;yes;2355
179;10:55:30;77.18;171.02;11552;549;12.9;33;431;0;yes;2346
179;10:55:43;77.18;171.88;11592;555;11.0;28;450;0;yes;2355
179;10:55:56;77.16;172.66;11567;564;6.9;18;440;0;yes;2355
179;10:56:09;77.16;173.36;11526;565;1.4;4;442;0;yes;2346
179;10:56:21;77.15;174.08;11526;569;-4.7;-13;436;0;yes;2346
179;10:56:34;77.17;174.81;11525;567;-9.0;-26;441;0;yes;2343
179;10:56:49;77.17;175.52;11521;557;-11.8;-34;445;0;yes;2343
179;10:57:02;77.14;176.29;11481;543;-13.3;-39;467;0;yes;2341
179;10:57:15;77.1;176.98;11431;516;-14.6;-42;444;0;yes;2338
179;10:57:29;77.13;177.78;11458;519;-15.5;-45;447;0;yes;2338
179;10:57:41;77.17;178.48;11493;496;-14.9;-43;409;0;yes;2338
179;10:57:55;77.99;179.95;11438;800;;;;0;no;2341
180;10:52:27;51.2;46.78;3158;40;;;;0;no;2341
180;10:52:40;50.38;45.84;3058;69;638.6;134;;0;yes;2341
180;10:52:53;49.47;44.25;2951;88;654.9;139;;0;yes;2341
180;10:53:06;47.52;39.76;2743;233;531.4;128;;1;no;2347
180;10:53:19;46.77;37.98;2658;248;400.0;111;;1;no;2341
180;10:53:32;46.0;36.07;2595;250;283.5;90;;1;no;2355
180;10:53:45;45.15;33.94;2496;230;98.5;41;;0;yes;2341
180;10:53:58;44.2;31.61;2420;235;-13.1;-16;;0;yes;2355
180;10:54:12;43.25;28.94;2333;219;-66.2;-77;;0;yes;2355
180;10:54:24;42.35;25.86;2252;174;-78.4;-110;;0;yes;2355
180;10:54:37;41.53;20.5;2184;112;-79.7;-109;;0;yes;2357
180;10:54:51;40.83;17.19;2124;95;-77.8;-97;;0;yes;2357
180;10:55:04;40.13;13.75;2065;80;-75.3;-80;;0;yes;2355
180;10:55:17;39.55;10.12;2019;75;-69.7;-60;;0;yes;2355
180;10:55:30;38.96;6.33;1966;72;-58.7;-36;;0;yes;2346
180;10:55:43;38.39;2.53;1928;41;-54.0;-29;;0;yes;2355
180;10:55:56;38.08;358.47;1905;24;;;;0;no;2355
181;10:52:27;29.18;291.51;1307;40;;;;0;yes;2341
181;10:52:40;31.22;289.09;1426;54;739.2;112;;0;yes;2341
181;10:52:53;33.16;288.53;1549;105;564.2;107;;0;yes;2341
181;10:53:06;35.14;287.4;1686;140;432.4;100;;0;yes;2347
181;10:53:19;36.97;285.96;1811;153;325.2;89;;0;yes;2341
181;10:53:32;39.02;284.87;1977;173;175.3;72;;0;yes;2355
181;10:53:45;40.97;283.6;2122;193;76.0;43;;0;yes;2341
181;10:53:58;42.65;282.48;2278;206;23.3;17;;0;yes;2355
181;10:54:12;44.22;281.61;2422;210;-7.0;-6;;0;yes;2355
181;10:54:24;45.84;280.83;2578;201;-34.8;-34;;0;yes;2355
181;10:54:37;47.85;280.83;2789;169;-50.8;-55;;0;yes;2357
181;10:54:51;49.21;279.8;2941;168;-59.5;-67;;0;yes;2357
181;10:55:04;50.45;278.94;3085;149;-63.8;-74;;0;yes;2355
181;10:55:17;51.6;278.14;3227;119;-66.8;-78;;0;yes;2355
181;10:55:30;52.88;277.35;3384;98;-67.0;-73;;0;yes;2346
181;10:55:43;54.17;276.44;3576;84;;;;0;yes;2355
182;10:52:53;77.91;135.46;14471;1554;;;;0;no;2341
182;10:53:06;77.83;135.79;14387;1573;;;;0;no;2347
182;10:53:19;77.77;136.16;14228;1585;;;;0;no;2341
182;10:53:32;77.67;136.59;14194;1588;;;;0;no;2355
182;10:53:45;77.56;137.0;13993;1585;;;;0;no;2341
182;10:53:58;77.49;137.46;13958;1599;;;;0;no;2355
182;10:54:12;77.41;137.97;13837;1615;;;;0;no;2355
182;10:54:24;77.34;138.44;13723;1633;;;;0;no;2355
182;10:54:37;77.27;138.96;13621;1639;;;;0;no;2357
182;10:54:51;77.22;139.48;13508;1644;;;;0;no;2357
182;10:55:04;77.17;139.93;13379;1636;;;;0;no;2355
182;10:55:17;77.11;140.38;13266;1634;;;;0;no;2355
182;10:55:30;77.04;140.78;13104;1634;;;;0;no;2346
182;10:55:43;76.99;141.28;13034;1628;;;;0;no;2355
182;10:55:56;76.93;141.64;12919;1601;;;;0;no;2355
182;10:56:09;76.88;142.07;12760;1580;;;;0;no;2346
182;10:56:21;76.85;142.58;12648;1579;;;;0;no;2346
182;10:56:34;76.81;143.09;12516;1568;;;;0;no;2343
182;10:56:49;76.75;143.65;12403;1545;;;;0;no;2343
182;10:57:02;76.69;144.25;12265;1506;;;;0;no;2341
182;10:57:15;76.65;144.66;12137;1488;;;;0;no;2338
182;10:57:29;76.59;145.24;12029;1475;;;;0;no;2338
182;10:57:41;76.51;145.77;11919;1432;;;;0;no;2338
182;10:57:55;76.44;146.17;11824;1390;;;;0;no;2341
182;10:58:07;76.91;143.34;11701;1131;;;;0;no;2338
182;10:58:22;76.79;143.06;11598;1054;;;;0;no;2338
182;10:58:35;76.67;142.79;11482;1027;;;;0;no;2338
182;10:58:48;76.52;142.48;11359;990;;;;0;no;2334
182;10:59:01;76.47;142.88;11261;1012;;;;0;no;2334
182;10:59:13;76.39;143.42;11160;1024;;;;0;no;2334
182;10:59:26;76.33;143.85;11061;1054;;;;0;no;2334
182;10:59:39;76.26;144.24;10984;1057;;;;0;no;2338
182;10:59:52;76.19;144.65;10888;1081;;;;0;no;2338
182;11:00:05;76.1;145.16;10792;1108;;;;0;no;2338
182;11:00:18;76.02;145.57;10713;1127;;;;0;no;2341
182;11:00:30;75.94;145.92;10630;1155;;;;0;no;2343
182;11:00:43;75.86;146.43;10536;1181;;;;0;no;2343
182;11:00:56;75.76;146.88;10457;1196;;;;0;no;2346
182;11:01:09;75.69;147.4;10365;1225;;;;0;no;2346
182;11:01:22;75.63;147.85;10275;1224;;;;0;no;2346
182;11:01:34;75.56;148.35;10190;1230;;;;0;no;2346
182;11:01:47;75.47;148.87;10144;1231;;;;0;no;2356
182;11:02:00;75.45;149.45;10062;1255;;;;0;no;2356
182;11:02:13;75.35;149.9;10012;1247;;;;0;no;2364
182;11:02:25;75.27;150.25;9935;1228;;;;0;no;2364
182;11:02:38;75.15;150.58;9952;1210;;;;0;no;2386
182;11:02:51;75.06;151.07;9876;1192;;;;0;no;2386
182;11:03:03;74.92;151.47;9832;1163;;;;0;no;2393
182;11:03:16;74.79;152.01;9765;1132;;;;0;no;2394
182;11:03:29;74.69;152.74;9693;1109;;;;0;no;2394
182;11:03:42;74.59;153.46;9630;1078;;;;0;no;2396
182;11:03:56;74.51;154.14;9576;1026;;;;0;no;2399
182;11:04:09;74.38;154.7;9522;967;;;;0;no;2402
182;11:04:22;74.23;155.01;9494;906;;;;0;no;2412
182;11:04:35;74.18;155.47;9446;867;;;;0;no;2415
182;11:04:48;74.15;156.02;9398;854;;;;0;no;2419
182;11:05:01;74.13;156.74;9350;810;;;;0;no;2422
182;11:05:14;74.09;157.54;9373;755;;;;0;no;2443
182;11:05:27;74.03;158.4;9323;695;;;;0;no;2445
182;11:05:42;73.97;159.16;9356;668;;;;0;no;2468
182;11:05:54;73.94;159.95;9317;614;;;;0;no;2473
182;11:06:07;73.86;160.61;9266;569;;;;0;no;2473
182;11:06:20;73.79;161.18;9231;526;;;;0;no;2476
182;11:06:33;73.31;160.5;9185;461;;;;0;no;2476
182;11:06:46;73.07;160.77;9141;437;;;;0;no;2476
182;11:06:59;73.02;161.75;9098;475;;;;0;no;2476
182;11:07:12;72.96;162.48;9086;487;;;;0;no;2484
182;11:07:25;72.9;163.42;9049;509;-0.7;-2;;0;no;2484
182;11:07:38;72.82;164.31;9001;500;-1.3;-3;317;0;yes;2484
182;11:07:51;72.78;164.89;8978;494;-2.9;-7;335;0;yes;2484
182;11:08:04;72.73;166.02;8948;507;-3.6;-9;343;0;yes;2484
182;11:08:17;72.62;167.57;8891;544;-5.0;-13;377;0;yes;2484
182;11:08:30;72.62;167.27;8858;495;-8.2;-21;374;0;yes;2476
182;11:08:43;72.56;168.17;8827;485;-12.9;-33;373;0;yes;2476
182;11:08:56;72.54;169.17;8817;484;-16.3;-41;366;0;yes;2476
182;11:09:09;72.54;170.19;8848;478;-18.4;-47;364;0;yes;2484
182;11:09:22;72.54;171.2;8846;463;-20.8;-53;343;0;yes;2484
182;11:09:35;72.5;172.25;8799;436;-21.0;-53;312;0;yes;2476
182;11:09:48;72.51;173.21;8803;424;-19.9;-49;284;0;yes;2476
182;11:10:01;72.47;174.16;8778;428;-18.1;-43;320;0;yes;2476
182;11:10:14;72.44;175.2;8750;408;-16.0;-37;324;0;yes;2473
182;11:10:27;72.41;176.25;8737;406;-13.7;-30;344;0;yes;2473
182;11:10:42;72.39;177.37;8739;386;-13.3;-29;350;0;yes;2476
182;11:10:55;72.31;178.6;8767;355;-13.3;-29;;0;no;2476
182;11:11:08;72.06;179.83;8772;284;;;;0;no;2476
182;11:11:21;71.9;180.64;8700;217;;;;0;no;2454
182;11:11:34;71.9;181.64;8643;209;;;;0;no;2437
182;11:11:47;71.99;182.75;8563;192;;;;0;no;2410
182;11:12:00;72.02;183.79;8557;177;;;;0;no;2405
182;11:12:13;71.92;184.86;8555;158;;;;0;no;2398
182;11:12:26;71.26;185.85;8575;88;;;;0;no;2398
182;11:12:39;71.22;186.78;8586;116;;;;0;no;2395
182;11:12:52;71.18;187.86;8612;125;;;;0;no;2395
182;11:13:06;71.19;188.89;8637;142;;;;0;no;2393
182;11:13:19;71.09;189.92;8669;167;;;;0;no;2393
182;11:13:34;71.01;191.0;8703;185;;;;0;no;2393
182;11:13:47;71.02;192.17;8745;195;;;;0;no;2392
182;11:14:00;71.05;193.23;8784;193;;;;0;no;2392
183;10:53:06;60.51;79.36;989;102;;;;0;no;2347
183;10:53:19;59.41;79.34;987;107;;;;0;no;2341
183;10:53:32;58.25;79.31;997;112;;;;0;no;2355
183;10:53:45;56.87;79.28;994;100;3.8;43;;0;no;2341
183;10:53:58;27.39;35.45;1220;2265;3.6;41;;0;yes;2355
183;10:54:12;26.48;34.07;1173;2290;4.6;51;;0;yes;2355
183;10:54:24;25.42;32.02;1119;2299;4.8;54;;0;yes;2355
183;10:54:37;24.69;30.18;1083;2317;4.7;54;;0;yes;2357
183;10:54:51;23.95;28.17;1047;2320;4.3;49;;0;yes;2357
183;10:55:04;24.01;29.56;1049;2368;3.8;43;;0;yes;2355
183;10:55:17;23.53;27.52;1025;2370;2.7;30;;0;yes;2355
183;10:55:30;23.13;24.98;1002;2358;-8.1;-90;;0;yes;2346
183;10:55:43;22.68;23.09;984;2363;-15.7;-185;;0;yes;2355
183;10:55:56;22.22;20.83;962;2357;-20.6;-251;;0;yes;2355
183;10:56:09;21.66;19.47;932;2348;-22.1;-272;;0;yes;2346
183;10:56:21;26.72;57.14;1181;1967;-21.4;-262;;0;yes;2346
183;10:56:34;25.15;54.92;1100;1963;-18.0;-218;;0;yes;2343
183;10:56:49;24.48;55.04;1067;1998;-12.8;-151;;0;yes;2343
183;10:57:02;23.4;53.82;1013;2014;-5.1;-60;;0;yes;2341
183;10:57:15;22.51;52.94;969;2021;4.9;49;;0;yes;2338
183;10:57:29;22.0;53.36;945;2046;5.1;50;;0;yes;2338
183;10:57:41;21.02;53.59;899;2060;4.7;47;;0;yes;2338
183;10:57:55;20.56;53.61;878;2084;14.4;148;;0;yes;2341
183;10:58:07;20.17;53.46;859;2087;33.8;344;;0;yes;2338
183;10:58:22;20.21;54.57;861;2068;50.5;494;;0;yes;2338
183;10:58:35;20.34;57.5;866;2065;61.9;588;;0;yes;2338
183;10:58:48;30.31;41.83;1366;2766;67.3;633;;1;no;2334
183;10:59:01;29.56;41.91;1324;2821;64.0;613;;0;yes;2334
183;10:59:13;28.86;40.52;1286;2886;55.6;556;;0;yes;2334
183;10:59:26;28.17;39.48;1249;2898;38.9;422;;0;yes;2334
183;10:59:39;27.96;38.38;1241;2907;17.3;220;;0;yes;2338
183;10:59:52;26.38;36.94;1160;2910;5.5;78;;0;yes;2338
183;11:00:05;26.07;33.93;1144;3007;3.1;45;;0;yes;2338
183;11:00:18;25.63;32.32;1123;2997;1.0;14;;0;yes;2341
183;11:00:30;25.7;30.83;1128;2993;-1.5;-22;;0;yes;2343
183;11:00:43;24.58;29.91;1072;2926;-3.3;-49;;0;yes;2343
183;11:00:56;24.58;28.63;1073;2882;-6.4;-97;;0;yes;2346
183;11:01:09;33.25;355.58;1029;2459;-7.5;-115;;0;no;2346
183;11:01:22;22.87;26.85;990;2904;;;;1;no;2346
183;11:01:34;18.24;246.7;1087;448;;;;0;no;2346
183;11:01:47;22.06;240.77;1095;336;;;;0;no;2356
183;11:02:00;25.04;243.75;1099;276;;;;0;no;2356
183;11:02:13;27.28;243.65;1107;216;;;;0;no;2364
183;11:02:25;29.51;250.93;1112;63;;;;0;no;2364
183;11:02:38;32.78;252.7;1127;19;;;;0;no;2386
184;10:53:32;76.39;226.09;10895;252;;;232;0;yes;2355
184;10:53:45;76.47;226.53;10893;236;-25.1;-32;233;0;yes;2341
184;10:53:58;76.47;226.95;10955;217;-12.2;-14;212;0;yes;2355
184;10:54:12;76.49;227.52;10979;204;3.2;4;211;0;yes;2355
184;10:54:24;76.57;228.02;11044;196;20.5;24;203;0;yes;2355
184;10:54:37;76.62;228.66;11098;187;46.1;47;202;0;yes;2357
184;10:54:51;76.53;229.07;11023;226;66.6;64;262;0;yes;2357
184;10:55:04;76.43;229.36;10924;279;76.6;71;281;0;yes;2355
184;10:55:17;76.45;229.91;10943;299;69.3;66;301;0;yes;2355
184;10:55:30;76.47;230.39;10962;297;53.2;55;;0;no;2346
184;10:55:43;76.59;230.85;11058;333;29.6;34;283;0;yes;2355
184;10:55:56;76.57;231.27;11106;298;11.2;15;;0;no;2355
184;10:56:09;76.69;231.77;11113;300;-2.6;-4;243;0;yes;2346
184;10:56:21;76.81;232.24;11214;301;-7.4;-11;246;0;yes;2346
184;10:56:34;76.93;232.72;11305;296;-9.7;-15;237;0;yes;2343
184;10:56:49;77.09;233.15;11447;295;-11.4;-17;210;0;yes;2343
184;10:57:02;77.25;233.72;11591;282;-12.5;-19;193;0;yes;2341
184;10:57:15;77.39;234.21;11709;278;-13.0;-20;181;0;yes;2338
184;10:57:29;77.57;234.57;11877;269;-13.6;-21;179;0;yes;2338
184;10:57:41;77.71;235.02;11654;243;-13.8;-21;;0;no;2338
184;10:57:55;77.92;235.58;11732;202;;;;0;no;2341
185;10:53:45;77.97;155.51;12307;660;;;;0;yes;2341
185;10:53:58;77.94;155.96;12344;663;-4.5;-15;;0;yes;2355
185;10:54:12;77.92;156.51;12320;660;-3.9;-13;;0;yes;2355
185;10:54:24;77.87;156.85;12269;651;-3.2;-11;;0;yes;2355
185;10:54:37;77.82;157.36;12229;647;1.0;4;;0;yes;2357
185;10:54:51;77.78;157.81;12184;620;10.1;34;;0;yes;2357
185;10:55:04;77.74;158.41;12138;616;18.6;60;;0;yes;2355
185;10:55:17;77.77;158.99;12166;647;25.2;79;;0;yes;2355
185;10:55:30;77.66;159.26;12015;689;32.9;101;;0;yes;2346
185;10:55:43;77.6;159.54;11995;751;37.7;116;;0;yes;2355
185;10:55:56;77.49;160.04;11889;762;39.1;122;;0;yes;2355
185;10:56:09;77.4;160.54;11757;760;37.8;122;;0;yes;2346
185;10:56:21;77.42;161.01;11772;808;32.6;113;;0;yes;2346
185;10:56:34;77.37;161.44;11710;824;27.8;102;;0;yes;2343
185;10:56:49;77.38;162.03;11719;849;26.9;100;;0;yes;2343
185;10:57:02;77.36;162.71;11686;880;23.2;89;;0;yes;2341
185;10:57:15;77.34;163.31;11660;903;16.9;68;;0;yes;2338
185;10:57:29;77.37;163.95;11684;927;13.9;58;;0;yes;2338
185;10:57:41;77.35;164.45;11665;919;10.4;44;;0;yes;2338
185;10:57:55;77.33;165.02;11618;915;6.9;31;;0;no;2341
185;10:58:07;77.25;165.53;11542;916;4.9;22;;0;no;2338
185;10:58:22;77.15;166.08;11483;915;3.6;16;;0;yes;2338
185;10:58:35;77.1;166.84;11435;939;0.1;1;;0;yes;2338
185;10:58:48;77.05;167.55;11364;944;-3.4;-16;;0;yes;2334
185;10:59:01;76.98;168.26;11299;947;-6.5;-30;;0;yes;2334
185;10:59:13;76.9;168.92;11231;933;-9.5;-45;;0;yes;2334
185;10:59:26;76.75;169.54;11097;899;-10.5;-50;;0;yes;2334
185;10:59:39;76.64;170.26;11024;884;-11.7;-56;725;0;yes;2338
185;10:59:52;76.56;171.04;10953;882;-12.9;-61;711;0;yes;2338
185;11:00:05;76.43;171.83;10850;868;-12.6;-59;696;0;yes;2338
185;11:00:18;76.24;172.65;10706;826;-11.2;-52;670;0;yes;2341
185;11:00:30;76.12;173.54;10693;813;-22.4;-101;;0;no;2343
185;11:00:43;76.03;174.4;10670;799;-26.2;-120;;0;no;2343
185;11:00:56;75.96;175.21;10663;785;-27.1;-123;;0;no;2346
185;11:01:09;75.93;176.07;10645;763;-26.3;-118;;0;no;2346
185;11:01:22;75.92;176.93;10627;734;-23.6;-102;;0;no;2346
185;11:01:34;75.99;177.68;10612;722;-19.2;-80;;0;no;2346
185;11:01:47;76.07;178.4;10641;707;-7.5;-27;509;0;yes;2356
185;11:02:00;76.21;179.09;10748;695;-7.1;-25;467;0;yes;2356
185;11:02:13;76.27;179.73;10839;683;-7.9;-28;446;0;yes;2364
185;11:02:25;76.37;180.39;10918;677;-9.4;-33;433;0;yes;2364
185;11:02:38;76.46;181.07;11095;670;-9.9;-35;406;0;yes;2386
185;11:02:51;76.55;181.48;11170;638;-10.6;-37;387;0;yes;2386
185;11:03:03;76.59;182.11;11187;636;-11.6;-41;;0;no;2393
185;11:03:16;76.66;182.8;11182;628;;;;0;no;2394
185;11:03:29;76.7;183.33;11168;607;;;;0;no;2394
185;11:03:42;76.71;183.91;11162;600;;;;0;no;2396
185;11:03:56;76.76;184.73;11165;593;;;;0;no;2399
185;11:04:09;76.78;185.45;11170;592;;;;0;no;2402
185;11:04:22;76.81;186.16;11209;582;;;;0;no;2412
185;11:04:35;76.85;186.79;11219;570;;;;0;no;2415
185;11:04:48;76.91;187.44;11231;565;;;;0;no;2419
185;11:05:01;76.87;188.14;11239;521;;;;0;no;2422
185;11:05:14;76.87;188.9;11335;494;;;;0;no;2443
185;11:05:27;76.9;189.55;11344;487;;;;0;no;2445
185;11:05:42;76.93;190.25;11450;495;;;;0;no;2468
185;11:05:54;76.98;191.04;11482;496;;;;0;no;2473
185;11:06:07;77.0;191.75;11486;483;;;;0;no;2473
185;11:06:20;77.0;192.44;11510;476;;;;0;no;2476
185;11:06:33;76.9;193.15;11517;441;;;;0;no;2476
185;11:06:46;76.66;193.98;11523;508;;;;0;no;2476
185;11:06:59;76.6;194.49;11532;524;;;;0;no;2476
185;11:07:12;76.58;195.19;11579;522;;;;0;no;2484
185;11:07:25;76.61;195.79;11589;563;25.7;74;;0;no;2484
185;11:07:38;76.51;196.59;11601;610;30.7;89;480;0;yes;2484
185;11:07:51;76.55;197.12;11634;633;33.0;96;483;0;yes;2484
185;11:08:04;76.57;197.56;11651;656;34.1;101;476;0;yes;2484
185;11:08:17;76.54;198.31;11621;701;36.8;110;474;0;yes;2484
185;11:08:30;76.55;198.74;11599;730;43.4;132;474;0;yes;2476
185;11:08:43;76.54;199.26;11589;776;46.2;144;482;0;yes;2476
185;11:08:56;76.55;199.83;11594;800;43.4;140;490;0;yes;2476
185;11:09:09;76.68;197.39;11670;1017;37.1;127;;1;no;2484
185;11:09:22;76.72;198.18;11711;1020;33.4;119;;1;no;2484
185;11:09:35;76.68;201.23;11712;873;28.7;107;486;0;yes;2476
185;11:09:48;76.66;202.11;11695;903;22.0;86;519;0;yes;2476
185;11:10:01;76.77;200.71;11753;1043;14.8;60;;1;no;2476
185;11:10:14;76.79;201.59;11794;1046;7.3;32;;1;no;2473
185;11:10:27;76.77;204.14;11777;934;4.4;19;542;0;yes;2473
185;11:10:42;76.8;204.8;11822;928;0.9;4;538;0;yes;2476
185;11:10:55;76.85;205.52;11876;931;-2.7;-12;546;0;yes;2476
185;11:11:08;76.91;206.07;11931;923;-5.1;-24;530;0;yes;2476
185;11:11:21;76.98;206.64;11886;914;-6.0;-28;520;0;yes;2454
185;11:11:34;77.02;207.11;11839;895;-7.2;-34;509;0;yes;2437
185;11:11:47;77.1;207.65;11788;886;-8.4;-39;501;0;yes;2410
185;11:12:00;77.15;208.02;11809;896;-8.7;-40;496;0;yes;2405
185;11:12:13;77.21;208.57;11836;899;-8.7;-40;495;0;yes;2398
185;11:12:26;77.24;209.24;11860;870;-8.4;-38;480;0;yes;2398
185;11:12:39;77.27;209.46;11876;854;-8.3;-38;483;0;yes;2395
185;11:12:52;77.3;209.85;11907;852;-7.3;-33;490;0;yes;2395
185;11:13:06;77.35;210.35;11937;843;-5.5;-24;501;0;yes;2393
185;11:13:19;77.4;210.78;11984;833;-3.5;-15;;0;yes;2393
185;11:13:34;77.42;211.42;12010;839;-1.9;-8;;0;yes;2393
185;11:13:47;77.45;212.04;12034;828;-1.1;-5;;0;yes;2392
185;11:14:00;77.47;212.53;12061;838;-0.2;-1;;0;yes;2392
185;11:14:13;77.49;212.95;12065;840;0.2;1;;0;yes;2390
185;11:14:26;77.51;213.31;12383;858;0.3;1;;0;no;2390
185;11:14:39;77.53;213.77;12443;877;;;;0;no;2390
185;11:14:52;74.2;204.08;12495;2098;;;;1;no;2387
185;11:15:07;74.27;204.79;12561;2134;;;;1;no;2387
185;11:15:20;74.33;205.68;12645;2183;;;;1;no;2387
185;11:15:33;77.65;214.99;12722;1048;;;;1;no;2390
185;11:15:46;77.71;215.51;12784;1059;;;;0;no;2390
185;11:15:59;77.74;215.99;12866;1074;;;;0;no;2392
185;11:16:12;77.8;216.49;12928;1090;;;;0;no;2392
185;11:16:25;77.81;216.82;12987;1110;;;;0;no;2390
185;11:16:38;77.84;217.24;13049;1135;;;;0;no;2387
185;11:16:53;77.89;217.86;13132;1136;;;;0;no;2390
185;11:17:06;77.93;218.33;13221;1146;;;;0;no;2390
185;11:17:19;77.97;218.71;13311;1162;;;;0;no;2393
186;10:53:45;69.68;332.12;7542;56;;;;0;no;2341
186;10:53:58;69.64;330.81;7629;96;;;;0;no;2355
186;10:54:12;69.72;329.74;7675;135;;;;0;no;2355
186;10:54:24;69.81;328.77;7717;137;;;;0;no;2355
186;10:54:37;69.86;327.74;7768;155;;;;0;no;2357
186;10:54:51;69.93;326.75;7812;170;;;;0;no;2357
186;10:55:04;70.01;325.69;7853;178;;;;0;no;2355
186;10:55:17;70.1;324.31;7899;193;;;;0;no;2355
186;10:55:30;70.34;323.96;7921;136;;;;0;no;2346
186;10:55:43;70.51;322.87;7999;142;;;;0;no;2355
186;10:55:56;71.09;319.78;7698;335;127.1;214;;1;no;2355
186;10:56:09;71.43;318.93;7822;400;125.0;220;348;0;yes;2346
186;10:56:21;72.01;319.92;8092;574;116.8;217;443;0;yes;2346
186;10:56:34;71.88;317.61;8021;475;110.6;217;361;0;yes;2343
186;10:56:49;72.26;318.55;8204;661;95.6;211;438;0;yes;2343
186;10:57:02;72.4;317.73;8266;700;93.5;216;446;0;yes;2341
186;10:57:15;72.52;317.01;8312;732;76.8;199;475;0;yes;2338
186;10:57:29;72.63;316.07;8373;786;59.9;174;505;0;yes;2338
186;10:57:41;72.76;315.44;8435;816;45.4;148;537;0;yes;2338
186;10:57:55;72.89;314.79;8518;852;38.9;135;573;0;yes;2341
186;10:58:07;73.02;314.19;8573;876;32.6;120;591;0;yes;2338
186;10:58:22;73.09;313.54;8610;892;26.0;102;596;0;yes;2338
186;10:58:35;73.2;312.84;8673;917;22.2;90;620;0;yes;2338
186;10:58:48;73.31;312.37;8716;940;21.5;91;634;0;yes;2334
186;10:59:01;73.41;311.85;8773;964;23.0;100;632;0;yes;2334
186;10:59:13;73.56;311.41;8856;994;23.6;104;646;0;yes;2334
186;10:59:26;74.91;307.89;8922;1641;22.6;102;;1;no;2334
186;10:59:39;75.0;307.56;9005;1643;21.6;99;;1;no;2338
186;10:59:52;75.05;307.27;9072;1622;19.6;92;;1;no;2338
186;11:00:05;74.02;309.43;9141;1058;16.5;79;678;0;yes;2338
186;11:00:18;74.13;308.92;9220;1067;12.7;63;670;0;yes;2341
186;11:00:30;74.24;308.31;9299;1090;8.6;44;677;0;yes;2343
186;11:00:43;74.35;307.83;9369;1091;6.9;36;668;0;yes;2343
186;11:00:56;74.44;307.28;9437;1096;7.2;38;687;0;yes;2346
186;11:01:09;74.56;306.72;9512;1107;7.9;42;699;0;yes;2346
186;11:01:22;74.67;306.25;9588;1117;8.2;44;690;0;yes;2346
186;11:01:34;74.77;305.79;9653;1125;8.4;46;707;0;yes;2346
186;11:01:47;74.86;305.31;9753;1136;7.6;42;716;0;yes;2356
186;11:02:00;74.98;304.82;9836;1156;6.2;34;726;0;yes;2356
186;11:02:13;75.09;304.35;9942;1161;29.4;173;748;0;yes;2364
186;11:02:25;75.19;303.96;10013;1160;50.0;277;760;0;yes;2364
186;11:02:38;75.27;303.48;10078;1169;65.5;347;;0;no;2386
186;11:02:51;75.61;302.85;10054;1322;81.0;418;;0;no;2386
186;11:03:03;75.69;302.43;10060;1320;94.0;482;;0;no;2393
186;11:03:16;75.74;302.01;10047;1298;94.7;498;;0;no;2394
186;11:03:29;75.02;305.41;10024;1629;84.2;472;1033;0;yes;2394
186;11:03:42;75.07;305.08;10064;1645;61.5;387;1024;0;yes;2396
186;11:03:56;75.43;304.98;10335;1889;31.3;246;1182;0;yes;2399
186;11:04:09;75.52;304.62;10415;1926;28.7;231;1188;0;yes;2402
186;11:04:22;75.59;304.31;10510;1967;22.9;191;1199;0;yes;2412
186;11:04:35;75.68;304.0;10601;1974;15.3;138;1196;0;yes;2415
186;11:04:48;75.76;303.68;10672;1983;11.3;107;1205;0;yes;2419
186;11:05:01;75.87;303.34;10777;2018;10.4;100;1224;0;yes;2422
186;11:05:14;75.96;303.02;10940;2024;10.0;97;1232;0;yes;2443
186;11:05:27;75.89;302.72;10897;2065;9.8;96;1536;0;yes;2445
186;11:05:42;75.87;302.41;10976;2096;8.7;86;1866;0;yes;2468
186;11:05:54;75.92;302.08;11044;2100;6.9;70;1780;0;yes;2473
186;11:06:07;76.02;301.93;11126;2123;5.5;56;1759;0;yes;2473
186;11:06:20;76.11;301.58;11218;2143;3.4;35;1717;0;yes;2476
186;11:06:33;76.2;301.19;11289;2139;2.1;22;1640;0;yes;2476
186;11:06:46;76.3;300.86;11375;2126;1.7;18;1569;0;yes;2476
186;11:06:59;76.42;300.51;11479;2120;1.4;15;1505;0;yes;2476
186;11:07:12;76.52;300.17;11611;2133;2.7;29;1460;0;yes;2484
186;11:07:25;76.64;299.85;11719;2154;3.9;41;;0;yes;2484
186;11:07:38;76.77;299.58;11839;2138;8.5;91;;0;yes;2484
186;11:07:51;76.89;299.35;11944;2141;12.1;127;;0;yes;2484
186;11:08:04;76.83;299.24;11890;2193;14.1;148;;0;yes;2484
186;11:08:17;76.9;299.13;11958;2201;14.5;152;;0;yes;2484
186;11:08:30;76.78;299.54;11809;2342;13.2;140;;0;yes;2476
186;11:08:43;76.86;299.54;11876;2356;9.6;103;;0;yes;2476
186;11:08:56;76.97;299.48;11980;2354;4.9;54;;0;yes;2476
186;11:09:09;77.04;299.4;12093;2345;0.8;8;;0;yes;2484
186;11:09:22;77.12;299.35;12164;2339;-3.7;-44;;0;yes;2484
186;11:09:35;77.15;299.26;12153;2306;-4.4;-52;;0;yes;2476
186;11:09:48;77.2;299.01;12212;2288;-5.3;-62;;0;yes;2476
186;11:10:01;77.28;298.78;12290;2291;-5.6;-66;;0;yes;2476
186;11:10:14;77.34;298.61;12333;2279;-5.9;-69;;0;yes;2473
186;11:10:27;77.39;298.46;12381;2265;-6.1;-71;;0;yes;2473
186;11:10:42;77.43;298.2;12439;2237;-7.7;-88;;0;yes;2476
186;11:10:55;77.5;298.01;12514;2229;-9.3;-108;;0;yes;2476
186;11:11:08;77.54;297.82;12547;2202;-10.7;-123;;0;yes;2476
186;11:11:21;77.6;297.68;12505;2176;-11.8;-135;;0;yes;2454
186;11:11:34;77.62;297.47;12433;2127;-12.3;-140;;0;yes;2437
186;11:11:47;77.7;297.22;12383;2095;-12.4;-140;;0;yes;2410
186;11:12:00;77.76;296.97;12416;2068;-12.4;-139;;0;yes;2405
186;11:12:13;77.85;296.78;12480;2033;-12.1;-134;;0;yes;2398
186;11:12:26;77.93;296.73;12561;1999;-11.0;-120;;0;yes;2398
186;11:12:39;77.98;296.46;12594;1968;;;;0;yes;2395
187;10:53:45;60.97;351.9;4415;44;;;;0;no;2341
187;10:53:58;59.64;344.39;4495;1409;-8.9;-64;1706;0;yes;2355
187;10:54:12;59.63;343.75;4494;1384;-11.9;-85;1756;0;yes;2355
187;10:54:24;59.49;342.62;4467;1361;-15.0;-107;1791;0;yes;2355
187;10:54:37;59.37;341.25;4447;1337;-16.4;-117;1810;0;yes;2357
187;10:54:51;59.23;339.85;4421;1308;-17.9;-127;1770;0;yes;2357
187;10:55:04;57.96;334.96;4400;1007;-18.9;-133;;0;no;2355
187;10:55:17;59.05;337.04;4382;1236;-18.4;-128;1624;0;yes;2355
187;10:55:30;59.01;335.55;4359;1203;-17.1;-116;1580;0;yes;2346
187;10:55:43;59.09;334.31;4391;1190;-15.5;-102;1568;0;yes;2355
187;10:55:56;59.2;333.4;4411;1167;-13.2;-84;1562;0;yes;2355
187;10:56:09;59.43;332.64;4439;1164;-11.8;-72;1581;0;yes;2346
187;10:56:21;59.6;331.61;4473;1150;-13.1;-79;1576;0;yes;2346
187;10:56:34;59.81;330.28;4508;1121;-14.3;-86;1549;0;yes;2343
187;10:56:49;60.05;328.92;4555;1104;-16.0;-95;1298;0;yes;2343
187;10:57:02;60.34;327.25;4604;1091;-16.9;-100;1248;0;yes;2341
187;10:57:15;60.56;325.91;4640;1052;-17.1;-99;1191;0;yes;2338
187;10:57:29;60.92;324.54;4709;1040;-16.3;-93;1143;0;yes;2338
187;10:57:41;61.25;323.35;4773;1001;-15.5;-87;1133;0;yes;2338
187;10:57:55;61.55;322.03;4839;998;-15.3;-84;1147;0;yes;2341
187;10:58:07;61.96;320.91;4917;976;-13.7;-72;1082;0;yes;2338
187;10:58:22;62.33;319.78;4994;967;-13.1;-68;1082;0;yes;2338
187;10:58:35;62.73;318.41;5080;958;-11.5;-58;1082;0;yes;2338
187;10:58:48;63.11;317.49;5155;926;-13.1;-66;1070;0;yes;2334
187;10:59:01;63.46;316.31;5233;912;-16.7;-82;955;0;yes;2334
187;10:59:13;63.89;315.08;5333;925;-21.3;-105;965;0;yes;2334
187;10:59:26;64.31;313.99;5433;910;-38.9;-188;962;0;yes;2334
187;10:59:39;64.66;312.72;5530;869;-52.1;-260;925;0;yes;2338
187;10:59:52;65.0;311.23;5614;811;-63.2;-329;830;0;yes;2338
187;11:00:05;65.32;310.07;5697;774;-71.4;-379;841;0;yes;2338
187;11:00:18;64.7;307.17;5546;539;-78.0;-413;585;0;yes;2341
187;11:00:30;64.86;306.24;5592;478;-82.8;-416;524;0;yes;2343
187;11:00:43;65.15;304.57;5666;405;-85.0;-390;481;0;yes;2343
187;11:00:56;65.47;303.65;5758;334;-85.7;-340;479;0;yes;2346
187;11:01:09;65.76;302.46;5836;261;-84.8;-280;389;0;yes;2346
187;11:01:22;66.18;301.26;5954;198;-86.0;-270;189;0;yes;2346
187;11:01:34;66.69;299.86;6099;142;-86.7;-251;137;0;yes;2346
187;11:01:47;67.17;298.81;6268;110;;;102;0;yes;2356
188;10:53:58;75.91;106.2;10506;294;;;240;0;yes;2355
188;10:54:12;75.68;106.56;10329;312;20.3;30;253;0;yes;2355
188;10:54:24;75.48;106.91;10179;329;21.3;32;273;0;yes;2355
188;10:54:37;75.26;107.26;10030;326;20.8;32;270;0;yes;2357
188;10:54:51;75.06;107.67;9891;338;19.1;29;273;0;yes;2357
188;10:55:04;74.87;108.1;9756;347;16.4;26;275;0;yes;2355
188;10:55:17;74.69;108.56;9633;355;10.9;18;278;0;yes;2355
188;10:55:30;74.51;109.03;9483;369;1.3;2;295;0;yes;2346
188;10:55:43;74.33;109.57;9401;359;-12.1;-21;291;0;yes;2355
188;10:55:56;74.17;110.03;9300;364;-25.9;-47;294;0;yes;2355
188;10:56:09;74.02;110.45;9178;348;-40.4;-77;276;0;yes;2346
188;10:56:21;73.87;110.84;9087;322;-46.3;-92;260;0;yes;2346
188;10:56:34;73.71;111.09;8979;263;-52.3;-108;214;0;yes;2343
188;10:56:49;73.48;111.94;8847;178;-58.3;-127;146;0;yes;2343
188;10:57:02;73.31;112.89;8747;106;;;;0;no;2341
189;10:54:24;66.43;119.85;5383;371;;;;0;no;2355
189;10:54:37;65.86;120.84;5301;386;;;;0;no;2357
189;10:54:51;65.17;122.11;5216;412;82.6;140;;0;no;2357
189;10:55:04;64.32;122.97;5485;398;93.2;160;494;0;yes;2355
189;10:55:17;63.69;123.74;5334;421;93.1;164;543;0;yes;2355
189;10:55:30;63.21;124.59;5205;497;90.6;165;620;0;yes;2346
189;10:55:43;62.38;125.59;5040;554;93.3;176;893;0;yes;2355
189;10:55:56;61.69;126.53;4896;604;88.2;179;980;0;yes;2355
189;10:56:09;61.02;127.59;4745;628;78.2;175;1035;0;yes;2346
189;10:56:21;60.34;128.71;4616;657;68.3;169;1087;0;yes;2346
189;10:56:34;59.73;129.81;4492;690;63.8;174;1150;0;yes;2343
189;10:56:49;59.09;130.93;4369;730;59.5;173;1235;0;yes;2343
189;10:57:02;58.33;132.29;4225;776;56.6;172;1288;0;yes;2341
189;10:57:15;57.66;133.5;4101;807;51.2;164;1349;0;yes;2338
189;10:57:29;57.35;134.72;4048;885;42.5;145;1521;0;yes;2338
189;10:57:41;56.7;136.07;3939;887;34.6;126;1548;0;yes;2338
189;10:57:55;56.02;137.37;3835;911;26.3;102;1603;0;yes;2341
189;10:58:07;55.5;137.74;3748;929;20.6;85;1643;0;yes;2338
189;10:58:22;54.97;138.74;3668;933;28.0;124;1684;0;yes;2338
189;10:58:35;54.45;140.01;3592;962;41.8;182;1779;0;yes;2338
189;10:58:48;53.93;140.95;3510;965;52.9;229;1832;0;yes;2334
189;10:59:01;53.42;142.1;3439;985;65.0;280;1863;0;yes;2334
189;10:59:13;54.0;144.72;3520;1188;70.7;304;2282;0;yes;2334
189;10:59:26;53.72;146.51;3481;1249;65.3;292;2385;0;yes;2334
189;10:59:39;53.45;148.25;3450;1289;39.1;190;2577;0;yes;2338
189;10:59:52;53.55;149.63;3463;1374;12.5;67;2997;0;yes;2338
189;11:00:05;53.26;151.05;3424;1459;-10.2;-64;;0;yes;2338
189;11:00:18;52.83;152.58;3369;1468;-19.0;-129;;0;yes;2341
189;11:00:30;52.66;154.02;3350;1157;-23.3;-164;;0;yes;2343
189;11:00:43;52.46;155.78;3323;1113;-24.3;-174;;0;yes;2343
189;11:00:56;52.26;157.38;3301;1126;-20.0;-138;;0;yes;2346
189;11:01:09;52.06;159.17;3275;1137;-15.4;-104;;0;yes;2346
189;11:01:22;51.81;160.98;3244;1129;-2.7;-16;;0;yes;2346
189;11:01:34;46.33;162.86;3239;763;-0.7;-4;;0;no;2346
189;11:01:47;45.67;165.4;3248;740;;;;0;no;2356
189;11:02:00;45.31;167.89;3251;726;;;;0;no;2356
189;11:02:13;45.03;170.22;3265;720;;;;0;no;2364
189;11:02:25;51.87;169.42;3275;1200;;;;1;no;2364
189;11:02:38;51.83;171.04;3299;1178;;;;1;no;2386
189;11:02:51;51.87;172.64;3305;1170;;;;1;no;2386
189;11:03:03;52.04;174.23;3338;1182;;;;1;no;2393
189;11:03:16;44.78;197.08;3218;59;;;;0;no;2394
190;10:54:51;34.79;13.54;1669;44;;;;0;no;2357
190;10:55:04;34.17;9.96;1625;77;99.5;40;;0;yes;2355
190;10:55:17;33.54;6.38;1583;109;90.4;38;;0;yes;2355
190;10:55:30;33.13;2.38;1551;126;99.9;44;;0;yes;2346
190;10:55:43;32.91;358.35;1542;130;111.9;51;;0;yes;2355
190;10:55:56;32.79;354.04;1534;146;104.5;52;;0;yes;2355
190;10:56:09;32.18;350.37;1490;195;110.4;56;;0;yes;2346
190;10:56:21;35.49;319.87;1531;1618;124.4;63;;0;no;2346
190;10:56:34;36.63;318.07;1580;1610;;;;0;no;2343
190;10:56:49;37.87;315.86;1638;1615;;;;0;no;2343
190;10:57:02;39.1;313.51;1707;1609;;;;0;no;2341
190;10:57:15;40.26;311.53;1778;1598;;;;0;no;2338
190;10:57:29;41.38;309.72;1856;1580;;;;0;no;2338
190;10:57:41;42.38;308.23;1941;1540;;;;0;no;2338
190;10:57:55;43.39;306.96;2036;1509;;;;0;no;2341
190;10:58:07;44.51;306.17;2128;1465;;;;0;no;2338
190;10:58:22;45.47;305.55;2223;1428;;;;0;no;2338
190;10:58:35;46.55;304.78;2336;1401;;;;0;no;2338
190;10:58:48;47.38;304.39;2435;1345;-3.8;-20;;0;no;2334
190;10:59:01;45.67;308.41;2538;1024;-3.0;-16;;0;yes;2334
190;10:59:13;46.4;307.58;2612;1008;3.7;19;;0;yes;2334
190;10:59:26;47.22;306.4;2696;1003;6.7;34;;0;yes;2334
190;10:59:39;48.0;305.12;2783;993;10.4;52;;0;yes;2338
190;10:59:52;48.78;303.75;2869;974;9.1;45;;0;yes;2338
190;11:00:05;49.64;302.45;2968;1092;4.2;22;;0;yes;2338
190;11:00:18;50.55;301.43;3079;1088;-1.1;-5;;0;yes;2341
190;11:00:30;51.49;300.4;3199;1085;-7.4;-39;1817;0;yes;2343
190;11:00:43;52.33;299.72;3307;1031;-13.8;-75;1711;0;yes;2343
190;11:00:56;52.92;299.04;3390;992;-19.2;-108;1563;0;yes;2346
190;11:01:09;53.65;298.17;3490;980;-18.7;-104;1497;0;yes;2346
190;11:01:22;54.23;297.37;3573;955;-16.4;-89;1384;0;yes;2346
190;11:01:34;54.82;296.64;3660;936;-13.8;-71;1271;0;yes;2346
190;11:01:47;55.48;295.72;3775;930;-14.3;-72;1169;0;yes;2356
190;11:02:00;56.17;294.74;3883;926;-18.1;-89;1081;0;yes;2356
190;11:02:13;56.81;293.97;4001;921;-22.4;-109;1012;0;yes;2364
190;11:02:25;57.41;293.28;4104;889;-26.7;-131;939;0;yes;2364
190;11:02:38;57.95;292.67;4236;851;-30.2;-148;860;0;yes;2386
190;11:02:51;58.45;291.94;4328;799;-33.1;-161;789;0;yes;2386
190;11:03:03;58.97;291.33;4438;759;-34.5;-164;736;0;yes;2393
190;11:03:16;59.61;290.65;4566;729;-33.2;-151;709;0;yes;2394
190;11:03:29;60.2;290.02;4682;711;-31.4;-135;685;0;yes;2394
190;11:03:42;60.79;289.49;4800;674;-28.9;-117;647;0;yes;2396
190;11:03:56;61.33;288.81;4914;643;-27.4;-106;605;0;yes;2399
190;11:04:09;61.9;288.21;5039;631;-26.5;-98;585;0;yes;2402
190;11:04:22;62.44;287.37;5175;609;-25.5;-91;554;0;yes;2412
190;11:04:35;62.94;286.56;5296;595;-23.1;-78;543;0;yes;2415
190;11:04:48;63.41;285.86;5412;574;-23.6;-77;515;0;yes;2419
190;11:05:01;63.89;285.2;5535;557;-27.6;-88;490;0;yes;2422
190;11:05:14;64.41;284.59;5714;543;-32.6;-102;458;0;yes;2443
190;11:05:27;64.89;283.96;5844;538;-41.2;-127;432;0;yes;2445
190;11:05:42;65.35;283.39;6023;501;-45.7;-139;396;0;yes;2468
190;11:05:54;65.93;283.08;6200;457;-47.6;-143;360;0;yes;2473
190;11:06:07;66.42;282.73;6345;418;-47.0;-137;332;0;yes;2473
190;11:06:20;66.92;283.45;6509;354;-43.7;-120;353;0;yes;2476
190;11:06:33;67.33;282.8;6639;346;-41.0;-107;375;0;yes;2476
190;11:06:46;67.7;282.31;6763;339;-35.4;-85;396;0;yes;2476
190;11:06:59;67.39;280.47;6745;215;-26.5;-58;;0;no;2476
190;11:07:12;67.17;279.76;6881;156;;;;0;no;2484
190;11:07:25;67.49;279.25;6991;138;;;;0;no;2484
190;11:07:38;67.85;278.87;7105;113;;;;0;no;2484
190;11:07:51;68.27;278.47;7220;76;;;;0;no;2484
191;10:55:04;70.74;11.1;7546;58;;;49;0;yes;2355
191;10:55:17;70.56;10.02;7471;86;363.5;106;68;0;yes;2355
191;10:55:30;70.61;9.47;7466;138;278.9;95;137;0;yes;2346
191;10:55:43;70.59;8.58;7485;163;210.8;82;169;0;yes;2355
191;10:55:56;70.45;7.5;7425;179;158.6;70;167;0;yes;2355
191;10:56:09;70.4;6.49;7380;201;85.2;50;180;0;yes;2346
191;10:56:21;70.26;5.49;7326;202;42.7;31;184;0;yes;2346
191;10:56:34;70.19;4.53;7284;214;17.7;15;214;0;yes;2343
191;10:56:49;70.13;3.62;7262;203;-13.3;-12;219;0;yes;2343
191;10:57:02;70.02;2.36;7213;200;-32.2;-33;215;0;yes;2341
191;10:57:15;69.99;1.2;7192;199;-41.9;-45;211;0;yes;2338
191;10:57:29;69.99;0.02;7192;198;-47.7;-54;208;0;yes;2338
191;10:57:41;70.11;359.03;7236;145;-54.6;-65;157;0;yes;2338
191;10:57:55;70.18;357.88;7273;130;-61.1;-78;125;0;yes;2341
191;10:58:07;70.27;356.6;7302;88;;;79;0;yes;2338
192;10:55:04;74.5;89.49;9507;75;;;;0;no;2355
192;10:55:17;74.29;88.93;9375;186;103.6;100;108;0;yes;2355
192;10:55:30;74.03;88.62;9186;264;92.7;94;134;0;yes;2346
192;10:55:43;73.76;88.77;9054;279;78.2;84;139;0;yes;2355
192;10:55:56;73.5;88.83;8903;324;64.0;72;175;0;yes;2355
192;10:56:09;73.23;88.93;8719;340;33.6;44;189;0;yes;2346
192;10:56:21;72.96;88.86;8574;355;8.6;12;217;0;yes;2346
192;10:56:34;72.68;89.1;8414;365;-11.9;-19;237;0;yes;2343
192;10:56:49;72.37;89.44;8257;346;-31.8;-56;217;0;yes;2343
192;10:57:02;72.01;89.85;8072;313;-44.1;-82;195;0;yes;2341
192;10:57:15;71.7;89.67;7919;276;-54.2;-103;192;0;yes;2338
192;10:57:29;71.39;89.97;7776;267;-58.8;-115;187;0;yes;2338
192;10:57:41;71.15;90.04;7672;206;-63.1;-126;187;0;yes;2338
192;10:57:55;70.94;90.53;7590;143;-64.1;-122;121;0;yes;2341
192;10:58:07;70.71;90.9;7483;66;;;;0;no;2338
193;10:55:04;48.04;155.48;2807;39;;;;0;no;2355
193;10:55:17;47.58;157.39;2758;100;233.4;120;;0;yes;2355
193;10:55:30;46.14;161.17;2599;173;192.6;110;;0;yes;2346
193;10:55:43;45.17;164.52;2512;213;152.9;97;;0;yes;2355
193;10:55:56;44.51;167.78;2449;246;119.3;83;;0;yes;2355
193;10:56:09;44.01;171.02;2394;271;56.3;50;;0;yes;2346
193;10:56:21;43.55;174.27;2351;275;16.8;17;;0;yes;2346
193;10:56:34;43.21;178.0;2317;277;-9.5;-12;;0;yes;2343
193;10:56:49;42.97;181.77;2296;279;-30.7;-42;;0;yes;2343
193;10:57:02;42.37;186.81;2241;239;-46.4;-68;;0;yes;2341
193;10:57:15;42.22;191.07;2225;218;-53.9;-81;;0;yes;2338
193;10:57:29;42.33;195.43;2234;213;-57.8;-86;;0;yes;2338
193;10:57:41;42.64;199.15;2261;187;-59.9;-85;;0;yes;2338
193;10:57:55;42.8;203.63;2279;154;-59.4;-78;;0;yes;2341
193;10:58:07;43.52;206.78;2340;136;-60.4;-78;;0;yes;2338
193;10:58:22;44.09;209.75;2392;108;-62.2;-79;;0;yes;2338
193;10:58:35;45.1;213.13;2487;67;;;;0;no;2338
194;10:55:04;31.23;179.36;1434;48;;;;0;no;2355
194;10:55:17;30.91;184.97;1415;107;504.3;229;;0;yes;2355
194;10:55:30;31.54;192.16;1449;190;441.9;229;;0;yes;2346
194;10:55:43;31.78;195.17;1469;264;348.9;209;;0;yes;2355
194;10:55:56;32.0;200.11;1483;325;264.5;184;;0;yes;2355
194;10:56:09;32.63;205.83;1518;407;163.8;150;;0;yes;2346
194;10:56:21;33.44;209.57;1571;430;94.0;108;;0;yes;2346
194;10:56:34;34.43;213.29;1635;434;45.5;64;;0;yes;2343
194;10:56:49;35.46;216.83;1706;429;11.2;19;;0;yes;2343
194;10:57:02;36.77;220.56;1797;422;-14.6;-31;;0;yes;2341
194;10:57:15;37.86;223.24;1874;408;-23.3;-51;;0;yes;2338
194;10:57:29;39.01;225.64;1962;409;-27.2;-61;;0;yes;2338
194;10:57:41;40.24;227.8;2059;398;-28.8;-64;;0;yes;2338
194;10:57:55;42.48;233.08;2250;335;-29.0;-63;;0;yes;2341
194;10:58:07;43.76;234.56;2362;333;-45.0;-93;;0;yes;2338
194;10:58:22;44.97;235.84;2476;343;-60.2;-126;;0;yes;2338
194;10:58:35;46.4;237.39;2616;341;-70.3;-147;;0;yes;2338
194;10:58:48;47.51;238.55;2726;321;-77.8;-160;;0;yes;2334
194;10:59:01;47.56;238.93;2732;200;-82.7;-184;;0;yes;2334
194;10:59:13;48.31;240.07;2811;155;-87.5;-214;;0;yes;2334
194;10:59:26;49.43;240.87;2938;102;-90.9;-239;;0;yes;2334
194;10:59:39;50.63;241.79;3085;67;;;;0;yes;2338
195;10:55:30;43.66;142.53;2362;29;;;;0;no;2346
195;10:55:43;44.45;144.62;2443;162;183.6;131;;0;yes;2355
195;10:55:56;43.45;147.29;2350;211;170.9;129;;0;yes;2355
195;10:56:09;42.61;150.15;2267;242;144.6;117;;0;yes;2346
195;10:56:21;41.81;155.03;2198;320;120.0;104;;1;no;2346
195;10:56:34;40.88;158.05;2117;328;89.1;87;;0;yes;2343
195;10:56:49;40.08;161.67;2051;344;61.7;66;;0;yes;2343
195;10:57:02;39.41;166.0;1996;341;29.7;36;;0;yes;2341
195;10:57:15;38.77;170.35;1944;341;3.1;4;;0;yes;2338
195;10:57:29;38.36;174.82;1912;333;-9.2;-16;;0;yes;2338
195;10:57:41;38.09;179.46;1892;321;-13.3;-23;;0;yes;2338
195;10:57:55;38.11;184.33;1896;319;-34.4;-57;;0;yes;2341
195;10:58:07;38.26;189.36;1905;299;-49.7;-87;;0;yes;2338
195;10:58:22;38.68;196.81;1936;335;-58.8;-107;;0;yes;2338
195;10:58:35;39.52;201.43;2002;313;-64.3;-119;;0;yes;2338
195;10:58:48;40.32;199.05;2062;193;-70.6;-133;;0;yes;2334
195;10:59:01;41.15;201.71;2131;171;-77.5;-142;;0;yes;2334
195;10:59:13;42.0;204.75;2202;162;-79.2;-134;;0;yes;2334
195;10:59:26;42.84;207.54;2275;152;-76.2;-109;;0;yes;2334
195;10:59:39;43.76;210.52;2362;122;-72.1;-81;;0;yes;2338
195;10:59:52;44.26;212.61;2408;84;-73.6;-80;;0;yes;2338
195;11:00:05;45.29;215.34;2506;85;-75.8;-83;;0;yes;2338
195;11:00:18;46.33;217.87;2612;64;;;;0;yes;2341
196;10:55:30;57.5;270.77;4321;67;;;;0;no;2346
196;10:55:43;58.62;270.59;4303;92;320.4;112;98;0;yes;2355
196;10:55:56;59.65;270.43;4498;118;303.5;117;114;0;yes;2355
196;10:56:09;60.57;270.39;4659;153;308.6;129;142;0;yes;2346
196;10:56:21;61.32;270.71;4805;195;285.6;131;156;0;yes;2346
196;10:56:34;62.07;271.02;4950;223;242.0;129;188;0;yes;2343
196;10:56:49;62.71;271.17;5087;252;184.2;118;221;0;yes;2343
196;10:57:02;63.49;271.91;5256;304;124.6;98;247;0;yes;2341
196;10:57:15;64.04;271.92;5379;319;64.7;64;245;0;yes;2338
196;10:57:29;64.55;271.91;5501;331;29.8;35;261;0;yes;2338
196;10:57:41;64.98;271.99;5610;320;5.9;7;264;0;yes;2338
196;10:57:55;65.41;271.88;5729;320;-8.5;-14;274;0;yes;2341
196;10:58:07;65.7;271.98;5799;293;-11.2;-18;244;0;yes;2338
196;10:58:22;65.99;272.09;5877;273;-10.5;-17;218;0;yes;2338
196;10:58:35;66.43;271.96;6002;296;-11.2;-18;231;0;yes;2338
196;10:58:48;66.87;271.7;6120;297;-19.6;-30;244;0;yes;2334
196;10:59:01;67.31;271.5;6250;294;-35.0;-52;248;0;yes;2334
196;10:59:13;67.78;271.29;6398;298;-47.2;-75;244;0;yes;2334
196;10:59:26;68.2;271.25;6535;280;-57.0;-95;214;0;yes;2334
196;10:59:39;68.57;271.57;6669;234;-62.5;-107;193;0;yes;2338
196;10:59:52;68.76;272.28;6738;180;-64.3;-108;155;0;yes;2338
196;11:00:05;69.08;271.97;6851;176;-66.2;-111;139;0;yes;2338
196;11:00:18;69.45;271.83;6994;153;-65.5;-104;131;0;yes;2341
196;11:00:30;69.79;271.63;7128;140;-58.9;-79;118;0;yes;2343
196;11:00:43;70.31;271.4;7336;94;;;72;0;yes;2343
197;10:55:43;77.83;94.45;12227;98;;;;0;no;2355
197;10:55:56;77.64;94.81;12033;203;52.0;53;114;0;yes;2355
197;10:56:09;77.51;94.92;11859;242;45.8;49;147;0;yes;2346
197;10:56:21;77.34;95.08;11702;277;35.2;39;170;0;yes;2346
197;10:56:34;77.21;95.24;11557;301;27.0;31;188;0;yes;2343
197;10:56:49;77.06;95.44;11419;295;13.8;17;188;0;yes;2343
197;10:57:02;76.89;95.62;11259;275;4.8;6;162;0;yes;2341
197;10:57:15;76.71;95.85;11086;279;-6.1;-8;155;0;yes;2338
197;10:57:29;76.52;96.05;10924;292;-12.5;-18;180;0;yes;2338
197;10:57:41;76.34;96.37;10778;281;-31.2;-45;175;0;yes;2338
197;10:57:55;76.18;96.68;10655;278;-43.3;-66;166;0;yes;2341
197;10:58:07;75.99;96.98;10491;251;-49.5;-76;145;0;yes;2338
197;10:58:22;75.82;97.09;10364;246;-53.7;-83;138;0;yes;2338
197;10:58:35;75.63;96.65;10223;181;-57.5;-92;116;0;yes;2338
197;10:58:48;75.41;96.85;10041;166;-60.6;-98;114;0;yes;2334
197;10:59:01;75.24;97.0;9917;153;-59.9;-92;104;0;yes;2334
197;10:59:13;75.04;97.47;9779;84;;;;0;no;2334
198;10:55:43;74.24;255.75;9347;210;;;143;0;yes;2355
198;10:55:56;74.32;255.66;9394;278;199.9;209;189;0;yes;2355
198;10:56:09;74.48;255.93;9461;339;214.1;234;228;0;yes;2346
198;10:56:21;74.62;256.17;9552;379;209.2;244;241;0;yes;2346
198;10:56:34;74.71;256.23;9599;425;195.1;244;328;0;yes;2343
198;10:56:49;74.88;256.72;9713;516;183.0;256;323;0;yes;2343
198;10:57:02;75.08;257.16;9838;588;161.6;256;323;0;yes;2341
198;10:57:15;75.22;257.38;9924;636;133.5;244;355;0;yes;2338
198;10:57:29;75.35;257.56;10017;681;99.3;215;386;0;yes;2338
198;10:57:41;75.44;257.56;10078;729;68.9;178;433;0;yes;2338
198;10:57:55;75.56;257.62;10184;771;52.8;154;454;0;yes;2341
198;10:58:07;75.72;257.65;10284;802;43.6;138;474;0;yes;2338
198;10:58:22;75.81;257.78;10356;810;40.3;137;478;0;yes;2338
198;10:58:35;75.92;257.93;10440;836;37.4;135;482;0;yes;2338
198;10:58:48;76.05;257.95;10523;868;36.5;137;513;0;yes;2334
198;10:59:01;76.17;257.97;10614;892;36.5;141;535;0;yes;2334
198;10:59:13;76.21;257.52;10652;953;35.5;140;592;0;yes;2334
198;10:59:26;76.32;257.5;10738;977;30.9;127;600;0;yes;2334
198;10:59:39;76.43;257.48;10851;1001;26.9;116;647;0;yes;2338
198;10:59:52;76.57;257.54;10967;1024;22.7;102;684;0;yes;2338
198;11:00:05;76.67;257.61;11055;1031;17.0;80;698;0;yes;2338
198;11:00:18;76.76;257.59;11143;1045;15.3;74;724;0;yes;2341
198;11:00:30;76.85;257.57;11238;1074;14.2;71;748;0;yes;2343
198;11:00:43;76.94;257.59;11319;1087;13.7;69;758;0;yes;2343
198;11:00:56;77.02;257.57;11401;1087;13.4;69;;0;yes;2346
198;11:01:09;77.13;257.58;11498;1108;16.4;86;;0;yes;2346
198;11:01:22;77.21;257.67;11576;1126;19.1;101;;0;yes;2346
198;11:01:34;77.28;257.76;11641;1139;22.2;118;;0;yes;2346
198;11:01:47;77.36;257.82;11770;1148;23.5;125;;0;yes;2356
198;11:02:00;77.31;257.62;11722;1227;21.6;117;;0;yes;2356
198;11:02:13;77.3;257.39;11749;1255;18.8;104;;0;yes;2364
198;11:02:25;77.38;257.35;11825;1276;15.8;89;;0;yes;2364
198;11:02:38;77.47;257.45;12026;1278;12.0;70;;0;yes;2386
198;11:02:51;77.51;257.45;12064;1272;6.9;43;;0;yes;2386
198;11:03:03;77.6;257.54;12185;1275;5.7;36;;0;yes;2393
198;11:03:16;77.71;257.63;12306;1295;5.4;34;;0;yes;2394
198;11:03:29;77.79;257.69;12392;1306;6.1;38;;0;yes;2394
198;11:03:42;77.87;257.69;12486;1319;6.9;43;;0;yes;2396
198;11:03:56;77.96;257.65;12592;1328;;;;0;yes;2399
199;10:56:21;77.94;120.45;12303;345;;;;0;yes;2346
199;10:56:34;77.81;120.76;12155;386;52.8;92;;0;yes;2343
199;10:56:49;77.67;121.08;12009;412;54.3;96;245;0;yes;2343
199;10:57:02;77.51;121.43;11835;430;51.9;94;267;0;yes;2341
199;10:57:15;77.37;121.68;11687;470;49.1;91;320;0;yes;2338
199;10:57:29;77.26;121.99;11583;487;44.9;87;354;0;yes;2338
199;10:57:41;77.13;122.45;11457;510;38.3;78;381;0;yes;2338
199;10:57:55;77.01;122.91;11362;534;33.5;71;392;0;yes;2341
199;10:58:07;76.88;123.37;11235;546;49.5;117;373;0;yes;2338
199;10:58:22;76.74;123.78;11098;574;63.0;149;;0;no;2338
199;10:58:35;76.59;124.29;10945;607;70.5;168;;0;no;2338
199;10:58:48;76.43;124.77;10787;628;75.2;180;;0;no;2334
199;10:59:01;76.28;125.26;10653;658;73.8;181;;0;no;2334
199;10:59:13;76.08;125.76;10517;676;65.8;168;;0;no;2334
199;10:59:26;75.87;126.09;10381;727;46.9;132;492;0;yes;2334
199;10:59:39;75.65;126.37;10239;769;16.9;60;552;0;yes;2338
199;10:59:52;75.46;126.76;10096;800;15.4;56;595;0;yes;2338
199;11:00:05;75.22;127.1;9922;811;13.4;50;611;0;yes;2338
199;11:00:18;75.0;127.5;9787;827;11.3;43;633;0;yes;2341
199;11:00:30;74.34;126.97;9677;941;9.5;37;;0;no;2343
199;11:00:43;74.15;127.45;9555;960;;;;0;no;2343
199;11:00:56;73.91;127.81;9447;990;;;;0;no;2346
199;11:01:09;73.64;128.22;9326;1004;;;;0;no;2346
199;11:01:22;73.4;128.71;9208;1004;;;;0;no;2346
199;11:01:34;73.22;129.3;9093;989;;;;0;no;2346
199;11:01:47;73.0;129.93;9012;939;;;;0;no;2356
199;11:02:00;72.89;130.89;8899;850;;;;0;no;2356
199;11:02:13;72.66;131.67;8813;837;;;;0;no;2364
199;11:02:25;72.53;132.27;8703;829;;;;0;no;2364
199;11:02:38;72.28;132.91;8674;818;;;;0;no;2386
199;11:02:51;72.05;133.47;8563;800;;;;0;no;2386
199;11:03:03;71.89;134.2;8479;785;;;;0;no;2393
199;11:03:16;71.73;135.14;8372;745;;;;0;no;2394
199;11:03:29;71.25;135.49;8263;574;;;;0;no;2394
199;11:03:42;71.11;135.84;8160;567;;;;0;no;2396
199;11:03:56;70.95;135.83;8064;516;;;;0;no;2399
199;11:04:09;70.73;136.31;7967;491;;;;0;no;2402
199;11:04:22;70.72;135.2;7890;429;;;;0;no;2412
199;11:04:35;70.5;135.95;7796;427;;;;0;no;2415
199;11:04:48;70.3;136.75;7702;451;;;;0;no;2419
199;11:05:01;70.09;137.72;7608;399;;;;0;no;2422
199;11:05:14;69.93;138.82;7569;351;-17.0;-32;;0;no;2443
199;11:05:27;69.87;139.75;7470;363;-14.3;-26;435;0;yes;2445
199;11:05:42;70.26;139.95;7702;329;-12.1;-22;240;0;yes;2468
199;11:05:54;70.03;141.27;7620;332;-9.4;-17;229;0;yes;2473
199;11:06:07;69.8;142.33;7529;324;-3.4;-6;224;0;yes;2473
199;11:06:20;69.61;143.41;7461;320;0.5;1;248;0;yes;2476
199;11:06:33;69.41;144.54;7382;322;2.0;3;258;0;yes;2476
199;11:06:46;69.2;145.65;7300;330;2.1;3;263;0;yes;2476
199;11:06:59;69.03;146.55;7236;335;1.1;2;247;0;yes;2476
199;11:07:12;68.87;147.51;7201;342;-1.9;-3;237;0;yes;2484
199;11:07:25;68.69;148.36;7132;332;-3.3;-5;225;0;yes;2484
199;11:07:38;68.56;149.38;7084;310;-5.3;-9;218;0;yes;2484
199;11:07:51;68.46;150.13;7050;323;-6.9;-12;228;0;yes;2484
199;11:08:04;68.34;150.75;6817;315;-7.9;-13;;0;no;2484
199;11:08:17;68.27;152.03;6741;329;;;;0;no;2484
199;11:08:30;68.19;153.35;6644;334;;;;0;no;2476
199;11:08:43;68.17;154.63;6574;353;;;;0;no;2476
199;11:08:56;68.12;155.89;6506;343;;;;0;no;2476
199;11:09:09;68.11;156.86;6463;330;;;;0;no;2484
199;11:09:22;67.88;158.23;6403;344;;;;0;no;2484
200;10:56:34;25.13;199.89;1099;38;;;;0;no;2343
200;10:56:49;26.03;205.77;1145;80;170.3;68;;0;yes;2343
200;10:57:02;27.31;211.35;1209;120;161.0;69;;0;yes;2341
200;10:57:15;28.48;215.78;1268;138;142.6;65;;0;yes;2338
200;10:57:29;29.98;219.86;1349;163;127.4;62;;0;yes;2338
200;10:57:41;31.43;223.22;1437;179;104.7;60;;0;yes;2338
200;10:57:55;33.01;226.39;1539;193;87.3;55;;0;yes;2341
200;10:58:07;34.5;228.84;1636;196;65.8;46;;0;yes;2338
200;10:58:22;35.97;230.97;1737;208;42.2;35;;0;yes;2338
200;10:58:35;37.7;232.93;1863;221;27.8;25;;0;yes;2338
200;10:58:48;39.11;234.3;1966;223;8.4;8;;0;yes;2334
200;10:59:01;40.53;235.52;2079;221;-16.3;-16;;0;yes;2334
200;10:59:13;41.98;235.91;2201;247;-35.6;-40;;0;yes;2334
200;10:59:26;43.2;237.07;2307;223;-48.0;-58;;0;yes;2334
200;10:59:39;44.5;238.01;2431;193;-55.6;-70;;0;yes;2338
200;10:59:52;45.9;238.79;2566;154;-60.7;-80;;0;yes;2338
200;11:00:05;47.24;239.97;2702;145;-64.9;-88;;0;yes;2338
200;11:00:18;48.59;240.55;2852;121;-67.5;-92;;0;yes;2341
200;11:00:30;49.85;240.83;2999;92;;;;0;yes;2343
201;10:57:29;76.61;93.22;10999;108;;;89;0;yes;2338
201;10:57:41;76.35;93.44;10779;101;272.2;110;86;0;yes;2338
201;10:58:07;76.12;93.68;10595;139;257.4;113;154;0;yes;2338
201;10:58:22;75.94;93.95;10455;214;231.6;110;188;0;yes;2338
201;10:58:35;75.79;94.04;10340;215;208.0;107;175;0;yes;2338
201;10:58:48;75.58;94.16;10161;250;176.9;108;182;0;yes;2334
201;10:59:01;75.36;94.37;10004;275;134.1;100;177;0;yes;2334
201;10:59:13;75.1;94.58;9823;285;74.5;75;191;0;yes;2334
201;10:59:26;74.83;94.78;9640;303;58.7;64;214;0;yes;2334
201;10:59:39;74.61;95.03;9513;325;32.0;40;227;0;yes;2338
201;10:59:52;74.38;95.22;9367;328;-7.5;-7;234;0;yes;2338
201;11:00:05;74.16;95.29;9227;344;-33.8;-51;242;0;yes;2338
201;11:00:18;73.94;95.52;9109;331;-50.8;-88;238;0;yes;2341
201;11:00:30;73.73;95.72;8992;313;-61.6;-116;222;0;yes;2343
201;11:00:43;73.67;96.43;8957;217;-66.7;-128;184;0;yes;2343
201;11:00:56;73.54;96.45;8892;192;-68.7;-129;129;0;yes;2346
201;11:01:09;73.28;96.75;8749;179;-70.3;-131;137;0;yes;2346
201;11:01:22;73.04;97.13;8616;160;-68.3;-117;115;0;yes;2346
201;11:01:34;72.75;97.48;8462;136;-57.7;-74;96;0;yes;2346
201;11:01:47;72.45;97.77;8342;109;;;82;0;yes;2356
202;10:57:29;63.57;223.13;5267;104;;;117;0;yes;2338
202;10:57:41;64.06;224.17;5382;130;132.4;71;137;0;yes;2338
202;10:57:55;64.63;225.24;5529;168;122.9;70;171;0;yes;2341
202;10:58:07;65.14;226.12;5651;181;107.7;65;178;0;yes;2338
202;10:58:22;65.47;226.83;5737;194;92.4;59;264;0;yes;2338
202;10:58:35;65.9;227.72;5854;209;64.9;48;288;0;yes;2338
202;10:58:48;66.14;228.38;5909;225;43.9;37;374;0;yes;2334
202;10:59:01;66.42;229.06;5988;230;28.7;26;383;0;yes;2334
202;10:59:13;66.63;229.73;6049;258;23.2;23;398;0;yes;2334
202;10:59:26;66.62;230.56;6047;229;30.4;33;327;0;yes;2334
202;10:59:39;66.67;231.4;6070;210;37.6;41;233;0;yes;2338
202;10:59:52;66.96;231.99;6157;209;46.7;50;218;0;yes;2338
202;11:00:05;67.36;232.96;6277;252;53.2;56;214;0;yes;2338
202;11:00:18;67.84;234.0;6436;295;53.2;57;256;0;yes;2341
202;11:00:30;68.19;234.58;6557;317;49.3;54;249;0;yes;2343
202;11:00:43;68.44;235.19;6644;300;39.4;46;228;0;yes;2343
202;11:00:56;68.76;235.78;6760;296;24.0;31;218;0;yes;2346
202;11:01:09;69.13;236.25;6893;306;12.5;18;231;0;yes;2346
202;11:01:22;69.52;236.72;7037;316;11.3;17;242;0;yes;2346
202;11:01:34;69.89;237.16;7178;319;9.0;14;245;0;yes;2346
202;11:01:47;70.26;237.51;7351;322;0.9;2;247;0;yes;2356
202;11:02:00;70.6;237.84;7495;330;-9.1;-14;240;0;yes;2356
202;11:02:13;70.91;238.07;7650;329;-19.3;-32;234;0;yes;2364
202;11:02:25;71.23;238.38;7789;322;-27.2;-46;233;0;yes;2364
202;11:02:38;71.53;238.56;7998;296;-34.3;-59;222;0;yes;2386
202;11:02:51;71.81;239.07;8131;276;-40.0;-69;201;0;yes;2386
202;11:03:03;72.16;239.73;8325;248;-43.3;-76;196;0;yes;2393
202;11:03:16;72.54;240.28;8525;215;-45.4;-80;167;0;yes;2394
202;11:03:29;72.87;241.24;8412;174;-44.1;-74;;0;no;2394
202;11:03:42;73.11;242.41;8533;89;;;;0;no;2396
203;10:57:41;66.6;94.36;6050;54;;;;0;no;2338
203;10:57:55;66.09;94.51;5915;98;232.5;87;80;0;yes;2341
203;10:58:07;65.46;94.86;5735;112;178.4;75;85;0;yes;2338
203;10:58:22;65.06;94.32;5631;169;141.0;66;165;0;yes;2338
203;10:58:35;64.39;93.93;5463;193;114.9;58;190;0;yes;2338
203;10:58:48;63.71;94.08;5290;195;79.9;47;185;0;yes;2334
203;10:59:01;63.0;94.07;5129;185;42.5;31;203;0;yes;2334
203;10:59:13;62.21;94.29;4960;191;35.1;30;213;0;yes;2334
203;10:59:26;61.34;94.83;4782;199;48.1;44;217;0;yes;2334
203;10:59:39;60.52;95.26;4631;205;61.5;55;230;0;yes;2338
203;10:59:52;59.86;95.52;4508;206;69.2;61;255;0;yes;2338
203;11:00:05;60.65;94.86;4656;279;79.3;69;628;0;yes;2338
203;11:00:18;60.83;94.73;4697;278;90.1;76;651;0;yes;2341
203;11:00:30;60.87;94.39;4567;314;99.6;83;;0;no;2343
203;11:00:43;60.3;94.45;4432;337;;;;0;no;2343
203;11:00:56;59.59;94.78;4306;404;;;;0;no;2346
203;11:01:09;57.99;99.14;4173;598;;;;1;no;2346
203;11:01:22;57.14;99.9;4028;661;;;;1;no;2346
203;11:01:34;56.31;100.86;3850;704;;;;1;no;2346
203;11:01:47;55.33;101.88;3684;765;;;;1;no;2356
203;11:02:00;54.33;102.86;3506;822;;;;1;no;2356
203;11:02:13;52.36;102.86;3338;964;;;;1;no;2364
203;11:02:25;50.99;103.42;3163;1006;;;;1;no;2364
203;11:02:38;50.98;105.08;3024;905;;;;0;no;2386
203;11:02:51;48.11;103.85;2853;946;;;;1;no;2386
203;11:03:03;46.63;104.42;2701;1013;;;;1;no;2393
203;11:03:16;44.65;104.52;2504;1104;;;;1;no;2394
203;11:03:29;43.03;105.48;2352;1180;;;;1;no;2394
203;11:03:42;41.32;106.49;2202;1216;;;;1;no;2396
203;11:03:56;39.77;107.25;2074;1267;6.2;40;;1;no;2399
203;11:04:09;38.31;108.18;1961;1314;7.7;50;;0;yes;2402
203;11:04:22;36.65;109.2;1843;1344;7.7;50;;0;yes;2412
203;11:04:35;35.31;110.6;1747;1391;7.7;50;;0;yes;2415
203;11:04:48;34.43;111.93;1569;1378;7.6;50;;0;no;2419
203;11:05:01;7.86;321.61;1394;2268;;;;1;no;2422
203;11:05:14;10.21;308.76;1224;2260;;;;0;no;2443
203;11:05:27;19.71;284.42;1044;1544;;;;0;no;2445
203;11:05:42;21.57;281.57;875;1670;;;;0;no;2468
203;11:05:54;25.17;284.54;684;2459;;;;0;no;2473
203;11:06:07;23.17;294.57;509;2542;;;;0;no;2473
203;11:06:20;24.41;293.64;345;2553;;;;0;no;2476
203;11:06:33;25.31;293.81;215;2560;;;;0;no;2476
203;11:06:46;27.02;292.76;196;2529;;;;0;no;2476
203;11:06:59;28.17;292.81;311;2515;;;;0;no;2476
203;11:07:12;29.24;292.25;471;2510;;;;0;no;2484
203;11:07:25;30.14;291.33;638;2503;;;;0;no;2484
203;11:07:38;30.74;291.6;813;2474;;;;0;no;2484
203;11:07:51;21.77;275.09;992;2668;;;;1;no;2484
203;11:08:04;22.69;274.21;1039;2687;-2.2;-30;;1;no;2484
203;11:08:17;24.09;273.36;1111;2676;-2.8;-38;;0;yes;2484
203;11:08:30;25.21;272.57;1166;2659;-3.6;-48;;0;yes;2476
203;11:08:43;26.6;271.77;1240;2657;-4.4;-59;;0;yes;2476
203;11:08:56;28.05;271.34;1319;2638;-5.5;-74;;0;yes;2476
203;11:09:09;29.39;270.69;1399;2620;-6.2;-83;;0;yes;2484
203;11:09:22;30.55;270.14;1469;2593;-6.4;-85;;0;yes;2484
203;11:09:35;31.28;268.84;1512;2565;-6.1;-82;;0;yes;2476
203;11:09:48;32.97;268.4;1625;2539;-5.4;-71;;0;yes;2476
203;11:10:01;34.73;268.18;1749;2535;-4.9;-65;;0;yes;2476
203;11:10:14;36.27;267.81;1860;2512;-4.1;-54;;0;yes;2473
203;11:10:27;24.81;285.18;2238;2706;-3.1;-40;;1;no;2473
203;11:10:42;26.14;285.05;2384;2716;;;;1;no;2476
203;11:10:55;20.08;260.9;2550;86;;;;0;no;2476
203;11:11:08;29.23;247.13;2694;54;;;;0;no;2476
203;11:11:21;31.35;249.17;2824;23;;;;0;no;2454
204;10:58:07;65.9;133.31;5617;66;;;;0;no;2338
204;10:58:22;65.34;134.32;5537;105;;;;0;no;2338
204;10:58:35;64.69;135.58;5445;122;;;;0;no;2338
204;10:58:48;64.06;136.71;5355;150;;;;0;no;2334
204;10:59:01;63.46;137.32;5280;168;;;;0;no;2334
204;10:59:13;63.11;138.27;5203;227;;;;0;no;2334
204;10:59:26;62.87;138.89;5129;261;;;;0;no;2334
204;10:59:39;62.55;139.82;5066;281;;;;0;no;2338
204;10:59:52;62.22;140.88;4995;291;;;;0;no;2338
204;11:00:05;61.91;141.98;4925;323;;;;0;no;2338
204;11:00:18;61.53;143.12;4865;333;;;;0;no;2341
204;11:00:30;61.2;144.29;4803;346;;;;0;no;2343
204;11:00:43;60.86;145.42;4737;331;;;;0;no;2343
204;11:00:56;60.55;146.58;4680;343;;;;0;no;2346
204;11:01:09;60.22;147.88;4619;342;;;;0;no;2346
204;11:01:22;59.87;149.28;4560;336;;;;0;no;2346
204;11:01:34;58.24;161.67;4505;1025;;;;0;no;2346
204;11:01:47;58.04;163.36;4468;1041;;;;0;no;2356
204;11:02:00;57.9;164.84;4419;1081;;;;0;no;2356
204;11:02:13;57.75;166.2;4385;1146;;;;0;no;2364
204;11:02:25;51.89;169.41;4343;1200;;;;1;no;2364
204;11:02:38;57.43;170.13;4344;1118;;;;1;no;2386
204;11:02:51;51.77;172.97;4306;1133;;;;1;no;2386
204;11:03:03;52.02;174.8;4284;1151;;;;1;no;2393
204;11:03:16;52.28;176.57;4255;1176;;;;0;no;2394
204;11:03:29;52.37;178.39;4225;1547;;;;0;no;2394
204;11:03:42;57.03;177.49;4199;1246;;;;0;no;2396
204;11:03:56;57.11;179.11;4183;1270;;;;0;no;2399
204;11:04:09;57.14;180.68;4167;1281;;;;0;no;2402
204;11:04:22;57.29;182.32;4165;1293;;;;0;no;2412
204;11:04:35;57.18;181.24;4157;1419;;;;0;no;2415
204;11:04:48;57.23;182.79;4151;1415;;;;0;no;2419
204;11:05:01;57.15;184.24;4145;1403;;;;0;no;2422
204;11:05:14;57.08;185.59;4175;1337;;;;0;no;2443
204;11:05:27;57.07;187.08;4174;1371;;;;0;no;2445
204;11:05:42;56.77;188.6;4215;1279;;;;0;no;2468
204;11:05:54;56.76;190.62;4230;1287;;;;0;no;2473
204;11:06:07;57.0;192.15;4236;1240;;;;0;no;2473
204;11:06:20;57.25;193.61;4253;1209;;;;0;no;2476
204;11:06:33;53.58;203.69;4266;1550;;;;1;no;2476
204;11:06:46;57.92;195.43;4280;1141;-6.9;-29;;0;no;2476
204;11:06:59;57.89;191.5;4387;824;-8.8;-37;1144;0;yes;2476
204;11:07:12;57.81;193.01;4386;809;-11.5;-48;1152;0;yes;2484
204;11:07:25;57.71;195.0;4367;813;-15.5;-65;1088;0;yes;2484
204;11:07:38;57.7;196.38;4366;785;-21.5;-90;1061;0;yes;2484
204;11:07:51;57.81;197.51;4386;771;-25.5;-108;1040;0;yes;2484
204;11:08:04;57.96;198.97;4413;743;-30.1;-128;997;0;yes;2484
204;11:08:17;58.07;200.15;4435;695;-37.7;-158;941;0;yes;2484
204;11:08:30;58.29;201.81;4462;655;-43.2;-179;924;0;yes;2476
204;11:08:43;58.43;203.25;4487;647;-47.8;-194;970;0;yes;2476
204;11:08:56;58.65;205.13;4530;603;-49.6;-194;928;0;yes;2476
204;11:09:09;59.24;205.26;4663;516;-49.0;-181;862;0;yes;2484
204;11:09:22;59.35;206.59;4685;478;-48.3;-169;778;0;yes;2484
204;11:09:35;59.54;207.88;4708;442;-45.8;-151;692;0;yes;2476
204;11:09:48;59.78;209.08;4758;424;-39.0;-115;651;0;yes;2476
204;11:10:01;59.98;210.26;4799;414;-33.1;-85;608;0;yes;2476
204;11:10:14;60.37;211.44;4870;389;-32.4;-77;566;0;yes;2473
204;11:10:27;60.69;213.03;4933;382;-32.9;-74;545;0;yes;2473
204;11:10:42;61.04;213.87;5012;377;-40.5;-88;485;0;yes;2476
204;11:10:55;61.47;215.2;5102;348;-47.7;-103;434;0;yes;2476
204;11:11:08;61.8;216.33;5172;323;-51.3;-108;390;0;yes;2476
204;11:11:21;62.18;217.4;5209;307;-59.9;-125;372;0;yes;2454
204;11:11:34;62.62;218.27;5269;251;-71.4;-145;367;0;yes;2437
204;11:11:47;63.04;219.17;5306;226;-81.1;-158;372;0;yes;2410
204;11:12:00;63.39;220.27;5375;221;-86.2;-160;375;0;yes;2405
204;11:12:13;63.75;221.14;5446;167;-87.9;-151;339;0;yes;2398
204;11:12:26;63.72;221.93;5440;111;-87.3;-129;177;0;yes;2398
204;11:12:39;63.86;222.71;5467;72;-88.6;-128;65;0;yes;2395
204;11:12:52;64.18;223.62;5543;62;-89.2;-124;61;0;yes;2395
204;11:13:06;64.48;224.58;5612;55;-86.2;-94;51;0;yes;2393
204;11:13:19;64.79;225.5;5692;39;;;39;0;yes;2393
205;10:58:22;77.94;156.68;12288;168;;;;0;no;2338
205;10:58:35;77.81;157.94;12123;329;;;;1;no;2338
205;10:58:48;77.74;158.56;12025;378;;;;1;no;2334
205;10:59:01;77.67;159.2;11959;423;;;;1;no;2334
205;10:59:13;77.61;159.82;11896;442;;;;1;no;2334
205;10:59:26;77.57;160.44;11854;487;;;;1;no;2334
205;10:59:39;77.53;160.99;11842;515;21.6;56;;1;no;2338
205;10:59:52;77.5;161.63;11813;542;22.4;58;313;0;yes;2338
205;11:00:05;77.46;162.28;11771;565;21.9;58;326;0;yes;2338
205;11:00:18;77.45;162.94;11773;587;20.7;55;347;0;yes;2341
205;11:00:30;77.42;163.58;11758;603;18.5;50;354;0;yes;2343
205;11:00:43;77.42;164.25;11763;617;16.0;45;376;0;yes;2343
205;11:00:56;77.41;164.89;11763;626;12.8;37;380;0;yes;2346
205;11:01:09;77.41;165.55;11767;632;9.2;27;377;0;yes;2346
205;11:01:22;77.42;166.14;11775;632;5.6;17;354;0;yes;2346
205;11:01:34;77.43;166.84;11788;637;2.9;9;355;0;yes;2346
205;11:01:47;77.41;167.64;11811;644;1.0;3;365;0;yes;2356
205;11:02:00;77.4;168.41;11808;647;-1.3;-4;369;0;yes;2356
205;11:02:13;77.35;169.19;11800;636;-3.7;-12;370;0;yes;2364
205;11:02:25;77.36;170.06;11803;632;-5.0;-16;370;0;yes;2364
205;11:02:38;77.34;170.91;11895;610;-6.1;-20;376;0;yes;2386
205;11:02:51;77.35;171.73;11862;585;-7.6;-25;;0;no;2386
205;11:03:03;77.31;172.66;11867;529;;;;0;no;2393
205;11:03:16;77.32;173.62;11848;505;;;;0;no;2394
205;11:03:29;77.29;174.61;11819;464;;;;0;no;2394
205;11:03:42;77.3;175.44;11800;443;;;;0;no;2396
205;11:03:56;77.34;176.29;11790;414;;;;0;no;2399
205;11:04:09;77.36;177.34;11782;394;;;;0;no;2402
205;11:04:22;77.41;178.07;11808;387;;;;0;no;2412
205;11:04:35;77.41;178.87;11805;359;;;;0;no;2415
205;11:04:48;77.4;179.46;11804;347;;;;0;no;2419
205;11:05:01;77.05;178.08;11798;402;;;;1;no;2422
205;11:05:14;76.93;178.22;11786;364;;;;1;no;2443
205;11:05:27;76.84;178.78;11718;353;;;;1;no;2445
205;11:05:42;76.88;179.58;11854;398;;;;1;no;2468
205;11:05:54;76.87;180.47;11872;410;;;;1;no;2473
205;11:06:07;76.86;181.07;11865;430;17.3;38;;1;no;2473
205;11:06:20;76.84;181.8;11863;452;18.0;39;265;0;yes;2476
205;11:06:33;76.83;182.52;11851;464;20.2;44;284;0;yes;2476
205;11:06:46;76.8;183.22;11825;476;21.3;47;294;0;yes;2476
205;11:06:59;76.81;184.0;11830;497;22.5;50;316;0;yes;2476
205;11:07:12;76.81;184.7;11868;502;21.9;50;323;0;yes;2484
205;11:07:25;76.82;185.48;11880;521;22.2;51;321;0;yes;2484
205;11:07:38;76.81;186.12;11876;532;20.9;50;323;0;yes;2484
205;11:07:51;76.83;186.89;11888;539;18.1;44;323;0;yes;2484
205;11:08:04;76.86;187.61;11917;540;16.7;42;316;0;yes;2484
205;11:08:17;76.87;188.46;11930;560;14.4;37;319;0;yes;2484
205;11:08:30;76.91;189.23;11925;565;13.6;36;323;0;yes;2476
205;11:08:43;76.94;189.93;11954;578;13.5;36;325;0;yes;2476
205;11:08:56;76.95;190.76;11969;592;13.4;36;365;0;yes;2476
205;11:09:09;76.68;197.39;12042;1017;-14.6;-40;;1;no;2484
205;11:09:22;76.72;198.18;12077;1020;-23.5;-69;;1;no;2484
205;11:09:35;77.06;192.28;12073;519;-27.9;-85;;0;no;2476
205;11:09:48;77.1;192.9;12112;518;-32.4;-100;;0;no;2476
205;11:10:01;76.77;200.71;12148;1043;-36.8;-113;;1;no;2476
205;11:10:14;76.79;201.59;12168;1046;-38.6;-116;;1;no;2473
205;11:10:27;77.22;194.84;12209;471;-40.5;-105;270;0;yes;2473
205;11:10:42;77.26;195.5;12271;458;-44.4;-114;260;0;yes;2476
205;11:10:55;77.24;195.62;12242;392;-45.8;-116;360;0;yes;2476
205;11:11:08;77.2;196.14;12207;378;-45.6;-112;372;0;yes;2476
205;11:11:21;77.43;196.54;12328;285;-40.3;-94;214;0;yes;2454
205;11:11:34;77.45;197.13;12260;284;-31.2;-66;215;0;yes;2437
205;11:11:47;77.06;197.78;12124;415;-25.9;-52;;0;no;2410
205;11:12:00;77.44;198.04;12090;317;-18.5;-35;255;0;yes;2405
205;11:12:13;76.92;199.04;12149;422;-0.5;-1;;0;no;2398
205;11:12:26;76.88;199.96;12195;450;;;;0;no;2398
205;11:12:39;76.85;200.71;12227;470;;;;0;no;2395
205;11:12:52;76.86;201.43;12278;485;;;;0;no;2395
206;10:58:35;70.31;245.18;7318;108;;;;0;no;2338
206;10:58:48;70.69;245.26;7459;173;83.6;72;135;0;yes;2334
206;10:59:01;70.99;245.32;7587;223;69.1;63;163;0;yes;2334
206;10:59:13;71.32;245.48;7729;248;56.3;54;177;0;yes;2334
206;10:59:26;71.64;245.55;7877;265;45.7;46;193;0;yes;2334
206;10:59:39;71.97;245.57;8044;278;27.2;30;200;0;yes;2338
206;10:59:52;72.3;245.59;8206;282;11.9;14;204;0;yes;2338
206;11:00:05;72.59;245.68;8350;277;-3.8;-5;199;0;yes;2338
206;11:00:18;72.89;245.81;8519;276;-18.1;-25;191;0;yes;2341
206;11:00:30;73.2;245.78;8692;272;-28.9;-42;186;0;yes;2343
206;11:00:43;73.51;245.87;8866;258;-38.2;-57;173;0;yes;2343
206;11:00:56;73.81;245.9;9049;240;-42.8;-65;163;0;yes;2346
206;11:01:09;74.11;245.89;9232;206;-47.4;-74;138;0;yes;2346
206;11:01:22;74.4;245.78;9414;161;-51.3;-82;96;0;yes;2346
206;11:01:34;74.63;246.42;9561;60;;;;0;no;2346
207;10:58:35;74.53;289.56;9464;101;;;64;0;yes;2338
207;10:58:48;74.73;289.22;9573;143;84.9;52;91;0;yes;2334
207;10:59:01;74.91;288.79;9695;158;79.0;50;109;0;yes;2334
207;10:59:13;75.09;288.44;9814;177;72.0;48;125;0;yes;2334
207;10:59:26;75.24;288.01;9918;192;94.2;65;143;0;yes;2334
207;10:59:39;75.42;287.57;10064;192;125.8;90;145;0;yes;2338
207;10:59:52;75.59;287.17;10191;205;145.0;107;152;0;yes;2338
207;11:00:05;75.73;286.75;10293;211;157.3;122;150;0;yes;2338
207;11:00:18;75.89;287.23;10433;279;174.0;140;155;0;yes;2341
207;11:00:30;76.02;287.51;10539;328;181.0;152;157;0;yes;2343
207;11:00:43;76.17;287.39;10660;340;163.8;153;167;0;yes;2343
207;11:00:56;76.28;287.25;10761;374;130.4;141;184;0;yes;2346
207;11:01:09;76.41;287.12;10871;407;84.5;117;205;0;yes;2346
207;11:01:22;76.52;286.95;10964;430;62.1;98;235;0;yes;2346
207;11:01:34;76.62;286.75;11046;453;49.5;84;270;0;yes;2346
207;11:01:47;76.72;286.57;11176;464;34.4;65;291;0;yes;2356
207;11:02:00;76.82;286.43;11271;480;22.8;47;309;0;yes;2356
207;11:02:13;76.92;286.34;11399;480;16.8;36;313;0;yes;2364
207;11:02:25;77.03;286.16;11494;483;12.1;28;315;0;yes;2364
207;11:02:38;77.14;285.96;11698;491;9.6;22;317;0;yes;2386
207;11:02:51;77.23;285.76;11792;491;7.4;18;323;0;yes;2386
207;11:03:03;77.36;285.51;11949;502;6.6;16;331;0;yes;2393
207;11:03:16;77.48;285.31;12077;503;5.1;12;302;0;yes;2394
207;11:03:29;77.59;285.12;12188;505;4.0;10;;0;yes;2394
207;11:03:42;77.73;284.89;12344;505;3.3;8;;0;yes;2396
207;11:03:56;77.86;284.69;12487;509;1.1;3;;0;yes;2399
207;11:04:09;78.0;284.46;12653;497;;;;0;yes;2402
208;10:58:48;76.91;183.66;11244;470;;;267;0;yes;2334
208;10:59:01;76.91;184.48;11239;463;-8.5;-20;249;0;yes;2334
208;10:59:13;76.95;184.92;11272;481;-9.1;-22;254;0;yes;2334
208;10:59:26;76.97;185.61;11291;471;-11.4;-27;245;0;yes;2334
208;10:59:39;76.98;186.32;11320;458;-14.3;-34;233;0;yes;2338
208;10:59:52;77.01;187.14;11350;448;-20.0;-48;249;0;yes;2338
208;11:00:05;77.07;187.86;11401;444;-26.5;-64;222;0;yes;2338
208;11:00:18;77.1;188.62;11452;428;-33.6;-81;215;0;yes;2341
208;11:00:30;77.16;189.41;11511;408;-49.6;-120;205;0;yes;2343
208;11:00:43;77.24;190.3;11592;383;-60.6;-150;214;0;yes;2343
208;11:00:56;77.27;190.85;11632;354;-68.3;-171;200;0;yes;2346
208;11:01:09;77.34;191.7;11701;321;-72.2;-185;206;0;yes;2346
208;11:01:22;77.32;192.41;11680;226;-75.9;-198;178;0;yes;2346
208;11:01:34;77.39;193.28;11749;176;-79.7;-214;150;0;yes;2346
208;11:01:47;77.49;193.93;11893;145;;;142;0;yes;2356
209;10:59:01;75.31;238.49;9970;65;;;;0;no;2334
209;10:59:13;75.46;239.15;10076;115;;;88;0;yes;2334
209;10:59:26;75.66;240.07;10223;227;;;;1;no;2334
209;10:59:39;75.82;240.53;10365;265;465.4;178;;1;no;2338
209;10:59:52;76.01;241.03;10508;277;404.0;167;;1;no;2338
209;11:00:05;76.15;241.51;10622;298;407.5;168;;1;no;2338
209;11:00:18;76.31;241.99;10760;308;352.4;158;;1;no;2341
209;11:00:30;76.46;242.41;10898;328;216.0;123;;1;no;2343
209;11:00:43;76.6;242.69;11021;336;10.0;16;203;0;yes;2343
209;11:00:56;76.72;243.1;11138;337;8.8;14;195;0;yes;2346
209;11:01:09;76.86;243.48;11262;352;6.4;11;203;0;yes;2346
209;11:01:22;77.01;243.87;11389;355;2.4;4;216;0;yes;2346
209;11:01:34;77.15;244.18;11521;353;-2.3;-4;213;0;yes;2346
209;11:01:47;77.31;244.46;11720;347;-7.5;-13;208;0;yes;2356
209;11:02:00;77.49;244.78;11896;355;-10.4;-19;205;0;yes;2356
209;11:02:13;77.65;245.07;12095;337;-12.6;-23;208;0;yes;2364
209;11:02:25;77.83;245.4;12280;326;-15.3;-28;;0;yes;2364
209;11:02:38;77.99;245.68;12555;321;;;;0;yes;2386
210;10:59:01;53.89;294.1;3505;868;;;1106;0;yes;2334
210;10:59:13;54.84;292.56;3642;805;-54.9;-266;1014;0;yes;2334
210;10:59:26;55.71;291.04;3774;750;-55.4;-261;939;0;yes;2334
210;10:59:39;56.47;289.76;3902;678;-57.5;-263;792;0;yes;2338
210;10:59:52;57.08;288.39;4002;576;-63.9;-283;591;0;yes;2338
210;11:00:05;58.01;287.86;4162;541;-72.6;-312;555;0;yes;2338
210;11:00:18;58.88;287.34;4326;498;-81.6;-337;522;0;yes;2341
210;11:00:30;59.65;286.55;4478;435;-84.6;-323;473;0;yes;2343
210;11:00:43;60.37;284.44;4615;316;-85.6;-296;346;0;yes;2343
210;11:00:56;61.14;283.63;4769;241;-85.7;-271;326;0;yes;2346
210;11:01:09;61.61;283.0;4863;153;-83.6;-226;218;0;yes;2346
210;11:01:22;62.11;283.36;4966;153;-78.0;-166;124;0;yes;2346
210;11:01:34;62.72;282.89;5095;141;-67.7;-102;120;0;yes;2346
210;11:01:47;63.29;282.6;5244;126;-52.9;-58;108;0;yes;2356
210;11:02:00;63.78;282.43;5358;110;-34.5;-28;89;0;yes;2356
210;11:02:13;64.35;281.68;5513;117;2.4;6;95;0;yes;2364
210;11:02:25;64.93;281.01;5658;114;84.7;57;91;0;yes;2364
210;11:02:38;65.42;280.46;5841;106;228.6;115;90;0;yes;2386
210;11:02:51;65.95;279.83;5986;107;410.0;168;89;0;yes;2386
210;11:03:03;66.44;280.85;6145;201;547.8;206;180;0;yes;2393
210;11:03:16;66.83;280.86;6266;270;562.0;221;261;0;yes;2394
210;11:03:29;67.18;280.57;6374;333;461.4;217;329;0;yes;2394
210;11:03:42;67.52;280.44;6487;386;295.3;189;347;0;yes;2396
210;11:03:56;67.94;280.04;6628;419;128.1;137;361;0;yes;2399
210;11:04:09;68.33;279.68;6771;428;63.8;91;348;0;yes;2402
210;11:04:22;68.76;279.23;6950;448;29.4;51;360;0;yes;2412
210;11:04:35;69.16;278.81;7105;451;9.1;18;355;0;yes;2415
210;11:04:48;69.55;278.44;7265;455;-6.9;-14;362;0;yes;2419
210;11:05:01;69.91;278.18;7417;443;-19.3;-43;355;0;yes;2422
210;11:05:14;70.32;277.7;7652;437;-31.0;-73;346;0;yes;2443
210;11:05:27;70.7;277.37;7822;423;-38.0;-91;348;0;yes;2445
210;11:05:42;71.09;277.11;8066;384;-42.3;-104;341;0;yes;2468
210;11:05:54;71.62;276.51;8333;319;-46.5;-117;211;0;yes;2473
210;11:06:07;71.98;276.25;8513;291;-50.7;-130;180;0;yes;2473
210;11:06:20;72.36;275.9;8486;257;;;;0;no;2476
211;10:59:13;52.07;185.79;3258;31;;;;0;yes;2334
211;10:59:26;51.71;189.01;3213;47;427.6;64;;0;yes;2334
211;10:59:39;51.78;192.05;3228;74;315.0;56;;0;yes;2338
211;10:59:52;51.61;195.47;3206;80;253.8;51;;0;yes;2338
211;11:00:05;51.18;198.87;3151;112;201.4;46;;0;yes;2338
211;11:00:18;50.69;202.26;3096;127;121.9;36;;0;yes;2341
211;11:00:30;50.44;205.84;3069;135;86.9;32;;0;yes;2343
211;11:00:43;51.29;208.7;3173;100;69.3;30;;0;yes;2343
211;11:00:56;51.36;211.51;3186;102;48.8;26;;0;yes;2346
211;11:01:09;51.25;214.31;3172;121;54.9;29;;0;yes;2346
211;11:01:22;51.01;217.09;3142;139;52.8;28;;0;yes;2346
211;11:01:34;51.04;219.7;3146;152;43.9;25;;0;yes;2346
211;11:01:47;51.38;222.28;3201;149;34.4;20;;0;yes;2356
211;11:02:00;51.72;224.66;3244;155;17.5;11;;0;yes;2356
211;11:02:13;51.87;226.92;3275;165;4.0;3;;0;yes;2364
211;11:02:25;52.22;228.97;3321;158;-4.1;-3;;0;yes;2364
211;11:02:38;52.71;230.87;3417;144;-9.6;-8;;0;yes;2386
211;11:02:51;52.51;231.75;3390;94;;;;0;yes;2386
212;10:59:26;73.08;152.98;8590;73;;;;0;no;2334
212;10:59:39;72.84;154.12;8481;119;299.7;134;90;0;yes;2338
212;10:59:52;72.67;155.25;8390;148;235.8;120;108;0;yes;2338
212;11:00:05;72.63;156.55;8369;221;197.5;112;171;0;yes;2338
212;11:00:18;72.51;157.67;8322;248;163.3;102;194;0;yes;2341
212;11:00:30;72.43;158.78;8290;267;113.2;86;224;0;yes;2343
212;11:00:43;72.34;159.92;8244;273;65.8;62;220;0;yes;2343
212;11:00:56;72.23;161.07;8202;293;35.2;40;239;0;yes;2346
212;11:01:09;72.14;162.28;8158;301;16.6;21;256;0;yes;2346
212;11:01:22;72.08;163.49;8126;300;-8.5;-11;263;0;yes;2346
212;11:01:34;72.02;164.66;8098;297;-35.8;-51;258;0;yes;2346
212;11:01:47;71.99;165.94;8115;284;-45.5;-71;255;0;yes;2356
212;11:02:00;71.86;167.79;8054;167;-54.0;-91;241;0;yes;2356
212;11:02:13;71.58;170.23;8072;107;-63.1;-117;;0;no;2364
212;11:02:25;71.71;171.69;8058;66;;;;0;no;2364
213;10:59:26;75.03;279.53;9773;106;;;71;0;yes;2334
213;10:59:39;75.21;279.2;9919;157;293.5;160;112;0;yes;2338
213;10:59:52;75.43;278.84;10077;223;252.9;155;151;0;yes;2338
213;11:00:05;75.62;278.59;10216;257;219.4;149;187;0;yes;2338
213;11:00:18;75.82;278.34;10376;294;195.3;145;216;0;yes;2341
213;11:00:30;75.95;277.95;10491;329;151.1;138;232;0;yes;2343
213;11:00:43;76.09;277.66;10596;350;116.1;126;241;0;yes;2343
213;11:00:56;76.2;277.33;10699;375;92.4;117;276;0;yes;2346
213;11:01:09;76.32;277.03;10798;404;78.7;113;301;0;yes;2346
213;11:01:22;76.43;276.75;10890;424;69.7;110;310;0;yes;2346
213;11:01:34;76.55;276.54;10986;434;63.1;107;332;0;yes;2346
213;11:01:47;76.66;276.29;11124;464;56.0;102;372;0;yes;2356
213;11:02:00;76.77;276.09;11225;500;46.7;91;383;0;yes;2356
213;11:02:13;76.89;275.93;11371;518;38.4;79;415;0;yes;2364
213;11:02:25;77.02;275.69;11486;525;29.2;64;416;0;yes;2364
213;11:02:38;77.15;275.49;11713;544;18.0;42;436;0;yes;2386
213;11:02:51;77.26;275.18;11822;548;9.4;24;440;0;yes;2386
213;11:03:03;77.43;274.95;12016;546;6.3;16;;0;yes;2393
213;11:03:16;77.59;274.76;12187;545;3.9;10;;0;yes;2394
213;11:03:29;77.76;274.57;12361;551;0.2;1;;0;yes;2394
213;11:03:42;77.93;274.46;12547;539;;;;0;yes;2396
214;11:00:05;77.0;182.16;11346;75;;;;0;no;2338
214;11:00:18;76.99;182.93;11347;118;177.6;81;92;0;yes;2341
214;11:00:30;76.96;183.62;11331;125;173.9;82;94;0;yes;2343
214;11:00:43;76.98;184.28;11349;140;152.7;76;108;0;yes;2343
214;11:00:56;76.99;184.98;11378;175;130.5;70;143;0;yes;2346
214;11:01:09;77.12;185.73;11495;214;112.6;65;170;0;yes;2346
214;11:01:22;77.19;186.34;11557;215;82.9;54;181;0;yes;2346
214;11:01:34;77.29;186.85;11655;210;53.9;40;167;0;yes;2346
214;11:01:47;77.32;187.46;11727;220;27.6;25;173;0;yes;2356
214;11:02:00;77.39;188.04;11792;218;15.9;17;162;0;yes;2356
214;11:02:13;77.38;188.65;11825;226;21.8;23;159;0;yes;2364
214;11:02:25;77.43;189.18;11877;220;25.6;27;156;0;yes;2364
214;11:02:38;77.48;189.68;12029;238;26.3;28;160;0;yes;2386
214;11:02:51;77.5;190.22;12054;238;19.4;21;152;0;yes;2386
214;11:03:03;77.51;190.94;12099;259;3.4;4;152;0;yes;2393
214;11:03:16;77.55;191.51;12147;260;-24.0;-27;159;0;yes;2394
214;11:03:29;77.57;192.01;12165;257;-43.6;-56;169;0;yes;2394
214;11:03:42;77.59;192.51;12196;240;-54.6;-76;174;0;yes;2396
214;11:03:56;77.62;193.0;12245;211;-61.1;-90;150;0;yes;2399
214;11:04:09;77.64;193.03;12280;160;-62.6;-90;151;0;yes;2402
214;11:04:22;77.7;193.57;12389;143;-64.7;-94;141;0;yes;2412
214;11:04:35;77.74;194.07;12449;136;-63.7;-87;135;0;yes;2415
214;11:04:48;77.77;194.64;12499;125;-58.2;-70;119;0;yes;2419
214;11:05:01;77.81;195.14;12554;99;;;92;0;yes;2422
215;11:00:18;44.91;233.33;2473;76;;;;0;yes;2341
215;11:00:30;45.96;235.21;2578;96;101.2;41;;0;yes;2343
215;11:00:43;47.06;236.86;2690;110;99.4;42;;0;yes;2343
215;11:00:56;48.01;238.31;2795;118;100.3;44;;0;yes;2346
215;11:01:09;49.08;239.76;2914;131;94.9;43;;0;yes;2346
215;11:01:22;50.17;240.93;3041;139;82.8;41;;0;yes;2346
215;11:01:34;51.2;242.03;3166;148;67.1;36;;0;yes;2346
215;11:01:47;52.26;243.0;3315;161;48.6;29;;0;yes;2356
215;11:02:00;53.24;243.93;3447;166;26.5;18;;0;yes;2356
215;11:02:13;54.17;244.75;3590;175;2.6;2;;0;yes;2364
215;11:02:25;55.1;245.49;3728;178;-18.8;-15;214;0;yes;2364
215;11:02:38;56.05;246.16;3913;166;-36.0;-31;193;0;yes;2386
215;11:02:51;56.96;246.81;4063;157;-42.8;-39;175;0;yes;2386
215;11:03:03;57.91;247.48;4242;136;-49.2;-47;133;0;yes;2393
215;11:03:16;58.78;248.13;4405;110;-55.9;-57;110;0;yes;2394
215;11:03:29;59.65;249.17;4574;73;;;75;0;yes;2394
216;11:00:30;77.96;75.55;12309;1952;;;;0;yes;2343
216;11:00:43;77.82;75.35;12164;1962;4.0;39;;0;yes;2343
216;11:00:56;77.66;75.31;12009;1943;3.6;35;;0;yes;2346
216;11:01:09;77.53;75.15;11883;1969;4.0;39;;0;yes;2346
216;11:01:22;77.39;75.01;11750;1989;3.9;38;;0;yes;2346
216;11:01:34;77.25;74.84;11614;1990;3.7;36;;0;yes;2346
216;11:01:47;77.08;74.61;11506;1992;3.2;31;;0;yes;2356
216;11:02:00;76.97;74.38;11398;2011;2.3;22;;0;yes;2356
216;11:02:13;76.81;74.22;11296;2015;1.0;10;;0;yes;2364
216;11:02:25;76.64;74.09;11145;2015;0.3;3;;0;yes;2364
216;11:02:38;76.45;74.11;11083;2012;-0.4;-4;;0;yes;2386
216;11:02:51;76.28;74.12;10947;1993;-1.2;-12;;0;yes;2386
216;11:03:03;76.15;74.15;10871;1999;-1.4;-14;;0;yes;2393
216;11:03:16;75.98;74.07;10745;1976;-1.6;-16;;0;no;2394
216;11:03:29;74.89;70.82;10618;1240;;;;0;no;2394
216;11:03:42;74.77;70.55;10501;1224;;;;0;no;2396
216;11:03:56;74.66;70.22;10387;1176;;;;0;no;2399
216;11:04:09;74.56;69.91;10276;1132;;;;0;no;2402
216;11:04:22;74.45;69.52;10188;1102;;;;0;no;2412
216;11:04:35;74.42;69.03;10078;1041;;;;0;no;2415
216;11:04:48;74.31;68.99;9968;999;;;;0;no;2419
216;11:05:01;74.27;68.94;9862;952;;;;0;no;2422
216;11:05:14;74.23;68.41;9822;911;-5.5;-22;;0;no;2443
216;11:05:27;74.24;69.73;9706;777;-10.5;-42;589;0;yes;2445
216;11:05:42;74.08;69.49;9688;785;-13.2;-52;614;0;yes;2468
216;11:05:54;73.91;69.13;9602;773;-14.7;-58;629;0;yes;2473
216;11:06:07;73.83;68.66;9552;748;-16.8;-67;632;0;yes;2473
216;11:06:20;73.78;67.99;9537;714;-17.2;-68;614;0;yes;2476
216;11:06:33;73.79;67.17;9538;698;-16.4;-65;555;0;yes;2476
216;11:06:46;73.66;66.67;9459;679;-15.5;-60;577;0;yes;2476
216;11:06:59;73.38;66.51;9292;684;-14.3;-53;591;0;yes;2476
216;11:07:12;73.15;66.34;9186;683;-14.3;-51;608;0;yes;2484
216;11:07:25;72.96;66.07;9079;676;-15.1;-54;578;0;yes;2484
216;11:07:38;72.82;65.61;9001;633;-15.7;-55;536;0;yes;2484
216;11:07:51;72.72;65.2;8945;613;-16.0;-56;522;0;yes;2484
216;11:08:04;72.52;64.78;8829;609;-14.7;-51;;0;no;2484
216;11:08:17;72.31;64.32;8714;599;-15.1;-51;;0;no;2484
216;11:08:30;72.07;63.99;8573;601;-15.2;-50;445;0;yes;2476
216;11:08:43;71.79;63.77;8429;609;-27.3;-85;450;0;yes;2476
216;11:08:56;71.48;63.57;8277;604;-35.1;-112;439;0;yes;2476
216;11:09:09;71.15;63.31;8149;568;-40.0;-131;406;0;yes;2484
216;11:09:22;70.78;62.74;7981;549;-41.9;-137;399;0;yes;2484
216;11:09:35;70.26;60.54;7727;423;-41.1;-132;360;0;yes;2476
216;11:09:48;69.85;60.2;7559;422;-37.2;-114;347;0;yes;2476
216;11:10:01;69.47;59.82;7405;424;-30.1;-85;309;0;yes;2476
216;11:10:14;69.04;59.48;7231;414;-23.7;-63;273;0;yes;2473
216;11:10:27;68.59;59.22;7062;399;-8.7;-19;257;0;yes;2473
216;11:10:42;68.1;60.02;7275;316;-9.9;-22;;0;no;2476
216;11:10:55;67.59;59.66;7149;278;;;;0;no;2476
216;11:11:08;67.09;59.14;7043;182;;;;0;no;2476
216;11:11:21;66.79;59.95;6869;70;;;;0;no;2454
217;11:00:30;68.16;83.48;6549;89;;;;0;no;2343
217;11:00:43;67.71;84.09;6403;183;139.6;118;149;0;yes;2343
217;11:00:56;67.16;84.42;6241;238;156.5;137;196;0;yes;2346
217;11:01:09;66.58;84.75;6069;273;157.8;145;238;0;yes;2346
217;11:01:22;66.0;84.83;5904;307;157.0;152;278;0;yes;2346
217;11:01:34;65.46;84.83;5755;344;150.1;160;296;0;yes;2346
217;11:01:47;64.95;84.84;5647;397;137.2;160;361;0;yes;2356
217;11:02:00;64.46;84.86;5522;426;117.7;153;396;0;yes;2356
217;11:02:13;63.91;84.91;5406;468;92.7;139;457;0;yes;2364
217;11:02:25;63.37;85.07;5280;490;70.8;122;503;0;yes;2364
217;11:02:38;62.75;85.33;5188;500;52.4;103;557;0;yes;2386
217;11:02:51;62.24;85.53;5077;525;42.1;90;611;0;yes;2386
217;11:03:03;61.63;85.71;4962;544;32.3;74;647;0;yes;2393
217;11:03:16;60.98;85.91;4835;562;26.6;64;682;0;yes;2394
217;11:03:29;60.5;85.92;4740;585;24.7;61;689;0;yes;2394
217;11:03:42;59.85;85.92;4618;593;20.4;52;702;0;yes;2396
217;11:03:56;58.88;82.23;4433;764;104.4;283;;1;no;2399
217;11:04:09;58.11;81.45;4294;825;148.9;374;;1;no;2402
217;11:04:22;57.17;80.48;4144;845;172.3;419;;1;no;2412
217;11:04:35;56.25;79.82;3994;917;175.5;430;;1;no;2415
217;11:04:48;55.28;79.14;3844;974;155.4;403;;1;no;2419
217;11:05:01;54.01;76.48;3655;1102;113.1;337;;1;no;2422
217;11:05:14;53.16;76.55;3564;1113;22.6;122;1268;0;yes;2443
217;11:05:27;52.21;75.96;3435;1182;23.0;125;1413;0;yes;2445
217;11:05:42;51.15;74.64;3323;1203;21.9;121;;0;yes;2468
217;11:05:54;49.95;72.75;3177;1259;19.1;108;;0;yes;2473
217;11:06:07;48.86;70.09;3044;1341;16.0;93;;0;yes;2473
217;11:06:20;47.68;68.71;2912;1397;13.2;78;;0;yes;2476
217;11:06:33;46.51;67.39;2783;1284;9.5;58;;0;yes;2476
217;11:06:46;45.2;66.61;2645;1312;5.4;34;;0;yes;2476
217;11:06:59;43.85;65.63;2511;1321;3.5;22;;0;yes;2476
217;11:07:12;42.51;64.07;2391;1319;1.6;11;;0;yes;2484
217;11:07:25;41.27;62.33;2279;1350;0.8;5;;0;yes;2484
217;11:07:38;40.04;60.15;2172;1349;0.4;3;;0;yes;2484
217;11:07:51;38.77;57.8;2065;1325;-0.1;-1;;0;yes;2484
217;11:08:04;37.33;55.62;1950;1337;-0.0;0;;0;yes;2484
217;11:08:17;35.51;53.97;1812;1321;1.0;7;;0;yes;2484
217;11:08:30;33.87;52.2;1688;1299;3.0;20;;0;yes;2476
217;11:08:43;32.25;50.16;1576;1317;5.6;37;;0;yes;2476
217;11:08:56;30.51;48.2;1462;1334;7.6;50;;0;yes;2476
217;11:09:09;28.84;45.96;1368;1357;8.6;56;;0;yes;2484
217;11:09:22;27.23;43.47;1278;1381;8.7;57;;0;yes;2484
217;11:09:35;25.6;40.6;1186;1393;10.0;66;;0;yes;2476
217;11:09:48;23.99;37.59;1102;1408;12.5;83;;0;yes;2476
217;11:10:01;23.03;33.06;1053;1395;12.5;84;;0;yes;2476
217;11:10:14;20.0;16.68;900;1517;13.2;89;;0;yes;2473
217;11:10:27;24.72;285.52;1088;2697;15.7;105;;1;no;2473
217;11:10:42;13.62;79.35;1097;33;;;;1;no;2476
218;11:00:30;76.85;185.8;11232;78;;;70;0;yes;2343
218;11:00:43;76.81;186.55;11200;111;224.6;90;93;0;yes;2343
218;11:00:56;76.82;187.2;11223;143;185.9;83;123;0;yes;2346
218;11:01:09;76.83;187.89;11231;175;152.3;75;146;0;yes;2346
218;11:01:22;76.82;188.62;11219;187;127.7;68;156;0;yes;2346
218;11:01:34;76.82;189.31;11222;204;91.2;57;157;0;yes;2346
218;11:01:47;76.84;190.01;11281;222;60.0;44;174;0;yes;2356
218;11:02:00;76.88;190.64;11322;210;34.0;30;162;0;yes;2356
218;11:02:13;76.92;191.23;11393;215;22.2;21;165;0;yes;2364
218;11:02:25;76.99;191.79;11457;225;9.8;10;172;0;yes;2364
218;11:02:38;77.04;192.35;11611;227;3.1;3;190;0;yes;2386
218;11:02:51;77.09;192.94;11653;238;-1.7;-2;195;0;yes;2386
218;11:03:03;77.09;193.63;11692;227;-5.0;-6;182;0;yes;2393
218;11:03:16;77.15;194.22;11759;214;-6.1;-7;168;0;yes;2394
218;11:03:29;77.22;194.71;11824;207;-7.5;-9;167;0;yes;2394
218;11:03:42;77.28;195.3;11888;217;-9.3;-10;167;0;yes;2396
218;11:03:56;77.38;195.89;12001;224;-9.9;-11;164;0;yes;2399
218;11:04:09;77.42;196.46;12057;224;-9.4;-10;166;0;yes;2402
218;11:04:22;77.49;197.05;12177;211;-10.0;-11;154;0;yes;2412
218;11:04:35;77.56;197.62;12267;201;-9.3;-10;149;0;yes;2415
218;11:04:48;77.62;198.15;12342;200;-6.7;-7;148;0;yes;2419
218;11:05:01;77.67;198.62;12408;204;-3.5;-4;174;0;yes;2422
218;11:05:14;77.69;199.19;12541;203;0.5;0;182;0;yes;2443
218;11:05:27;77.7;199.7;12565;201;-7.1;-7;178;0;yes;2445
218;11:05:42;77.74;200.19;12716;218;-21.7;-22;;0;yes;2468
218;11:05:54;77.88;200.67;12894;242;-38.8;-41;;0;yes;2473
218;11:06:07;77.91;201.16;12933;207;-45.8;-51;;0;yes;2473
218;11:06:20;77.84;201.72;12873;174;-54.1;-65;;0;yes;2476
218;11:06:33;77.79;202.23;12813;122;-63.9;-85;86;0;yes;2476
218;11:06:46;77.85;202.74;12886;89;;;66;0;yes;2476
219;11:00:30;45.86;223.29;2568;69;;;;0;yes;2343
219;11:00:43;46.79;225.37;2662;82;86.3;30;;0;yes;2343
219;11:00:56;47.88;227.45;2781;88;83.5;30;;0;yes;2346
219;11:01:09;49.03;229.39;2908;102;86.5;32;;0;yes;2346
219;11:01:22;50.08;231.1;3029;103;80.1;31;;0;yes;2346
219;11:01:34;51.12;232.71;3156;118;72.1;29;;0;yes;2346
219;11:01:47;52.16;234.14;3302;114;43.8;20;;0;yes;2356
219;11:02:00;53.09;235.32;3426;133;-2.9;0;;0;yes;2356
219;11:02:13;53.92;236.57;3554;131;-31.4;-17;;0;yes;2364
219;11:02:25;54.76;237.42;3678;130;-50.2;-33;204;0;yes;2364
219;11:02:38;55.61;238.37;3843;113;-60.0;-43;174;0;yes;2386
219;11:02:51;56.14;239.18;3928;83;-67.4;-54;140;0;yes;2386
219;11:03:03;56.83;240.12;4053;73;-71.7;-60;86;0;yes;2393
219;11:03:16;57.72;240.93;4210;66;-74.0;-62;72;0;yes;2394
219;11:03:29;58.53;241.56;4358;53;;;54;0;yes;2394
220;11:00:43;70.08;44.37;7242;73;;;;0;no;2343
220;11:00:56;69.83;43.9;7155;126;136.4;71;152;0;yes;2346
220;11:01:09;69.47;43.39;7016;138;118.9;66;162;0;yes;2346
220;11:01:22;69.33;42.81;6964;167;98.4;58;218;0;yes;2346
220;11:01:34;69.14;42.4;6895;188;81.7;51;240;0;yes;2346
220;11:01:47;68.9;42.03;6837;205;57.1;39;258;0;yes;2356
220;11:02:00;68.61;41.69;6737;208;23.3;18;252;0;yes;2356
220;11:02:13;68.32;41.35;6659;217;-14.2;-12;265;0;yes;2364
220;11:02:25;68.09;41.15;6581;207;-44.0;-46;246;0;yes;2364
220;11:02:38;67.72;40.84;6521;198;-59.6;-69;239;0;yes;2386
220;11:02:51;67.39;40.53;6417;178;-67.5;-82;212;0;yes;2386
220;11:03:03;66.76;39.55;6241;138;-72.5;-93;160;0;yes;2393
220;11:03:16;66.41;38.96;6140;109;-76.7;-103;148;0;yes;2394
220;11:03:29;65.96;38.28;6012;90;-79.5;-108;132;0;yes;2394
220;11:03:42;65.39;37.59;5859;66;;;91;0;yes;2396
221;11:00:56;76.51;30.43;10952;82;;;80;0;yes;2346
221;11:01:09;76.25;29.86;10737;104;120.8;50;98;0;yes;2346
221;11:01:22;76.0;29.3;10540;117;101.2;45;115;0;yes;2346
221;11:01:34;75.78;28.75;10372;138;85.4;40;129;0;yes;2346
221;11:01:47;75.57;28.12;10252;151;82.5;41;134;0;yes;2356
221;11:02:00;75.38;27.54;10112;151;75.8;41;129;0;yes;2356
221;11:02:13;75.22;26.91;10035;156;62.3;37;128;0;yes;2364
221;11:02:25;75.02;26.24;9896;158;43.9;30;142;0;yes;2364
221;11:02:38;74.85;25.62;9865;175;34.2;25;144;0;yes;2386
221;11:02:51;74.66;24.95;9740;185;26.2;20;138;0;yes;2386
221;11:03:03;74.53;24.23;9683;198;15.5;12;153;0;yes;2393
221;11:03:16;74.37;23.49;9587;193;5.2;4;144;0;yes;2394
221;11:03:29;74.26;22.75;9516;182;-6.2;-6;135;0;yes;2394
221;11:03:42;74.12;21.98;9432;177;-13.4;-12;130;0;yes;2396
221;11:03:56;73.95;21.18;9336;178;-18.5;-17;135;0;yes;2399
221;11:04:09;73.84;20.33;9283;170;-20.5;-20;128;0;yes;2402
221;11:04:22;73.7;19.47;9236;175;-22.3;-21;140;0;yes;2412
221;11:04:35;73.53;18.62;9147;152;-24.6;-23;123;0;yes;2415
221;11:04:48;73.41;17.67;9092;140;;;110;0;yes;2419
222;11:00:56;44.32;57.86;4530;84;;;;0;no;2346
222;11:01:09;31.6;87.59;4497;1864;;;;0;no;2346
222;11:01:22;24.14;27.5;4472;2883;;;;1;no;2346
222;11:01:34;22.43;26.9;4450;2939;;;;0;no;2346
222;11:01:47;36.45;350.53;4448;2439;;;;0;no;2356
222;11:02:00;37.83;349.02;4428;2409;;;;0;no;2356
222;11:02:13;38.89;348.2;4428;2435;;;;0;no;2364
222;11:02:25;38.63;346.3;4413;2413;;;;0;no;2364
222;11:02:38;38.81;344.52;4440;2372;;;;0;no;2386
222;11:02:51;54.32;4.46;4430;2243;;;;0;no;2386
222;11:03:03;55.69;5.0;4434;3454;;;;0;no;2393
222;11:03:16;56.25;4.47;3960;3418;;;;0;no;2394
222;11:03:29;56.68;3.7;4031;3374;;;;0;no;2394
222;11:03:42;57.02;3.02;4092;3341;;;;0;no;2396
222;11:03:56;57.28;2.2;4141;3342;;;;0;no;2399
222;11:04:09;57.56;1.15;4196;3333;;;;0;no;2402
222;11:04:22;58.0;0.37;4292;3334;;;;0;no;2412
222;11:04:35;58.32;359.42;4356;3340;;;;0;no;2415
222;11:04:48;58.54;358.31;4406;3319;;;;0;no;2419
222;11:05:01;58.8;357.38;4460;3297;;;;0;no;2422
222;11:05:14;59.19;356.6;4576;3258;;;;0;no;2443
222;11:05:27;59.51;356.0;4644;3287;-11.6;-191;;0;no;2445
222;11:05:42;60.11;356.12;4809;3195;-11.5;-188;;0;yes;2468
222;11:05:54;60.58;356.04;4911;3117;-11.3;-184;;0;yes;2473
222;11:06:07;61.17;356.25;5031;3025;-11.2;-180;;0;yes;2473
222;11:06:20;61.54;356.13;5116;2987;-11.0;-175;;0;yes;2476
222;11:06:33;61.9;355.74;5194;2953;-10.8;-169;;0;yes;2476
222;11:06:46;62.26;355.57;5273;2886;-10.5;-163;;0;yes;2476
222;11:06:59;62.62;355.31;5356;2819;-10.2;-157;;0;yes;2476
222;11:07:12;62.95;354.89;5416;2769;-26.4;-398;;0;no;2484
222;11:07:25;63.16;354.44;5463;2781;-31.0;-475;;0;no;2484
222;11:07:38;63.29;353.82;5516;2729;-32.4;-496;;0;no;2484
222;11:07:51;63.33;352.96;5571;2689;-31.9;-484;;0;no;2484
222;11:08:04;63.32;352.16;5630;2687;-29.7;-440;;0;no;2484
222;11:08:17;63.31;351.3;5693;2645;-23.7;-334;;0;no;2484
222;11:08:30;64.22;344.31;5742;2232;-5.1;-57;2245;0;yes;2476
222;11:08:43;64.22;343.49;5741;2206;-6.3;-71;2291;0;yes;2476
222;11:08:56;64.16;342.72;5727;2174;-7.2;-80;2340;0;yes;2476
222;11:09:09;64.17;341.64;5748;2175;-7.7;-87;2376;0;yes;2484
222;11:09:22;64.21;340.52;5758;2157;-8.2;-92;2365;0;yes;2484
222;11:09:35;64.25;339.59;5750;2108;-8.0;-89;2325;0;yes;2476
222;11:09:48;64.27;338.71;5756;2083;-7.3;-80;2288;0;yes;2476
222;11:10:01;64.31;337.49;5766;2076;-5.7;-62;2228;0;yes;2476
222;11:10:14;64.35;336.44;5767;2057;-3.5;-37;2151;0;yes;2473
222;11:10:27;64.36;335.44;5770;2036;0.9;9;2069;0;yes;2473
222;11:10:42;64.42;334.29;5794;2056;3.7;38;2053;0;yes;2476
222;11:10:55;64.57;333.12;5834;2072;5.4;55;2056;0;yes;2476
222;11:11:08;64.71;332.21;5870;2076;5.6;57;2027;0;yes;2476
222;11:11:21;63.92;334.15;5616;2244;3.1;32;2517;0;yes;2454
222;11:11:34;64.17;332.75;5638;2183;-0.9;-9;2435;0;yes;2437
222;11:11:47;64.34;331.56;5619;2146;-4.9;-52;2388;0;yes;2410
222;11:12:00;64.48;330.28;5641;2118;-9.0;-97;2218;0;yes;2405
222;11:12:13;64.61;328.99;5659;2061;-13.3;-146;2196;0;yes;2398
222;11:12:26;64.65;327.89;5670;2017;-15.1;-166;2211;0;yes;2398
222;11:12:39;64.82;326.67;5706;1997;-16.2;-176;2256;0;yes;2395
222;11:12:52;65.12;325.39;5785;1959;-16.8;-179;2320;0;yes;2395
222;11:13:06;65.46;324.13;5871;1908;-16.2;-169;2351;0;yes;2393
222;11:13:19;65.71;322.98;5938;1876;-15.5;-159;2308;0;yes;2393
222;11:13:34;66.13;321.62;6055;1833;-14.6;-146;2240;0;yes;2393
222;11:13:47;66.65;320.09;6205;1782;-13.8;-136;2053;0;yes;2392
222;11:14:00;67.03;318.96;6323;1748;-15.1;-145;2057;0;yes;2392
222;11:14:13;67.39;318.82;6428;1771;-18.3;-172;2042;0;yes;2390
222;11:14:26;67.76;318.19;6545;1758;-23.1;-214;2042;0;yes;2390
222;11:14:39;68.16;317.74;6679;1701;-27.2;-252;2020;0;yes;2390
222;11:14:52;68.54;317.34;6802;1610;-31.0;-288;1964;0;yes;2387
222;11:15:07;68.97;317.25;6955;1521;-32.9;-303;1926;0;yes;2387
222;11:15:20;69.27;317.17;7064;1419;-33.0;-296;1273;0;yes;2387
222;11:15:33;69.52;316.81;7166;1366;-32.0;-275;1212;0;yes;2390
222;11:15:46;69.69;316.16;7231;1319;-29.5;-238;1110;0;yes;2390
222;11:15:59;69.81;315.41;7288;1288;-26.7;-202;1089;0;yes;2392
222;11:16:12;70.01;314.44;7367;1259;-23.5;-168;1030;0;yes;2392
222;11:16:25;70.14;313.36;7410;1198;-22.5;-156;950;0;yes;2390
222;11:16:38;70.37;312.43;7498;1170;-22.2;-148;958;0;yes;2387
222;11:16:53;70.72;311.64;7651;1140;-22.4;-146;921;0;yes;2390
222;11:17:06;71.05;310.88;7794;1128;-21.8;-137;884;0;yes;2390
222;11:17:19;71.29;310.44;7913;1087;-21.8;-133;852;0;yes;2393
222;11:17:32;71.54;310.24;8028;1055;-24.1;-144;827;0;yes;2393
222;11:17:45;71.74;309.85;8162;1020;-28.2;-165;798;0;yes;2405
222;11:17:58;71.96;309.33;8280;1007;-33.3;-193;767;0;yes;2408
222;11:18:11;72.17;308.89;8385;959;-36.0;-203;725;0;yes;2408
222;11:18:24;72.42;308.9;8520;910;-36.4;-200;700;0;yes;2410
222;11:18:37;72.63;308.76;8630;842;-34.7;-184;673;0;yes;2410
222;11:18:50;72.83;308.62;8750;772;-31.2;-159;637;0;yes;2414
222;11:19:05;73.07;308.27;8891;746;-24.3;-116;597;0;yes;2416
222;11:19:18;73.31;307.8;9026;707;-14.8;-66;516;0;yes;2416
222;11:19:31;73.6;308.38;9196;736;-3.2;-14;525;0;yes;2417
222;11:19:44;73.77;309.27;9299;744;7.7;29;518;0;yes;2417
222;11:19:57;73.99;309.21;9440;754;14.6;53;516;0;yes;2419
222;11:20:10;74.22;309.16;9609;775;22.3;81;526;0;yes;2425
222;11:20:23;74.4;308.91;9737;793;29.7;107;542;0;yes;2427
222;11:20:38;74.6;308.5;9867;815;36.6;132;570;0;yes;2427
222;11:20:51;74.79;307.95;10004;835;41.6;152;572;0;yes;2428
222;11:21:04;75.05;308.16;10187;898;44.3;163;571;0;yes;2428
222;11:21:17;75.25;308.11;10337;935;48.1;176;586;0;yes;2431
222;11:21:31;75.25;309.2;10332;1022;52.5;193;689;0;yes;2428
222;11:21:45;75.4;309.23;10454;1038;;;722;0;yes;2431
223;11:01:34;59.69;218.73;4491;61;;;;0;no;2346
223;11:01:47;59.97;220.46;4564;102;93.2;43;107;0;yes;2356
223;11:02:00;60.2;222.19;4607;119;84.4;41;129;0;yes;2356
223;11:02:13;60.61;223.86;4700;137;72.5;37;137;0;yes;2364
223;11:02:25;61.03;225.61;4783;152;61.0;33;168;0;yes;2364
223;11:02:38;61.41;227.24;4902;153;30.0;18;166;0;yes;2386
223;11:02:51;61.83;228.83;4989;163;0.1;0;178;0;yes;2386
223;11:03:03;62.41;229.9;5128;162;-21.7;-16;163;0;yes;2393
223;11:03:16;62.95;231.11;5253;169;-41.5;-34;174;0;yes;2394
223;11:03:29;63.23;233.45;5315;138;-53.4;-47;167;0;yes;2394
223;11:03:42;63.56;235.01;5397;123;-62.3;-57;152;0;yes;2396
223;11:03:56;63.95;236.37;5497;115;-66.2;-62;140;0;yes;2399
223;11:04:09;64.31;237.75;5593;95;-69.2;-65;115;0;yes;2402
223;11:04:22;64.72;238.98;5720;73;-68.9;-60;84;0;yes;2412
223;11:04:35;65.13;240.01;5834;59;;;71;0;yes;2415
224;11:01:47;26.41;86.75;1170;1956;;;;0;yes;2356
224;11:02:00;26.41;84.1;1170;1949;-21.3;-220;;0;yes;2356
224;11:02:13;26.05;81.84;1155;1937;-25.0;-259;;0;yes;2364
224;11:02:25;24.8;80.59;1092;1928;-26.4;-273;;0;yes;2364
224;11:02:38;24.99;77.91;1112;1825;-25.7;-263;;0;yes;2386
224;11:02:51;26.94;71.95;1212;1695;-25.9;-263;;0;yes;2386
224;11:03:03;26.57;68.23;1196;1640;-23.6;-234;;0;yes;2393
224;11:03:16;24.83;64.39;1108;1590;-19.0;-181;;0;yes;2394
224;11:03:29;22.85;59.68;1009;1548;-11.9;-107;;0;yes;2394
224;11:03:42;26.32;50.99;1185;1585;-6.7;-57;;0;yes;2396
224;11:03:56;28.37;39.67;1295;1586;-3.4;-28;;0;yes;2399
224;11:04:09;13.47;326.88;1223;2258;-0.4;-3;;1;no;2402
224;11:04:22;14.48;318.45;1263;2292;;;;1;no;2412
224;11:04:35;13.54;160.26;1308;193;;;;1;no;2415
224;11:04:48;36.85;17.73;1358;41;;;;0;no;2419
225;11:02:38;71.27;122.6;7881;72;;;59;0;yes;2386
225;11:02:51;70.97;123.1;7745;107;30.9;16;98;0;yes;2386
225;11:03:03;70.63;123.58;7622;118;22.7;12;119;0;yes;2393
225;11:03:16;70.26;124.11;7475;126;22.7;12;143;0;yes;2394
225;11:03:29;69.92;124.74;7337;122;22.7;12;149;0;yes;2394
225;11:03:42;69.72;126.13;7264;209;72.1;41;;1;no;2396
225;11:03:56;69.43;126.99;7159;199;78.6;44;;1;no;2399
225;11:04:09;69.07;127.68;7034;210;78.6;43;;1;no;2402
225;11:04:22;68.67;128.43;6919;219;71.2;40;;1;no;2412
225;11:04:35;68.26;129.29;6782;228;58.2;34;;1;no;2415
225;11:04:48;67.83;130.21;6648;229;33.8;20;;1;no;2419
225;11:05:01;67.41;131.35;6519;195;-13.4;-13;183;0;yes;2422
225;11:05:14;67.01;132.2;6451;162;-11.5;-11;162;0;yes;2443
225;11:05:27;66.67;132.75;6350;176;-11.5;-11;212;0;yes;2445
225;11:05:42;66.37;133.21;6318;171;-5.3;-5;247;0;yes;2468
225;11:05:54;66.48;133.37;6182;117;-4.0;-4;;0;no;2473
225;11:06:07;66.25;134.14;6065;89;;;;0;no;2473
226;11:02:51;72.72;298.16;8587;73;;;;0;no;2386
226;11:03:03;72.89;297.58;8705;155;80.7;63;110;0;yes;2393
226;11:03:16;73.08;296.8;8816;202;71.0;59;144;0;yes;2394
226;11:03:29;73.25;296.12;8908;225;64.8;56;160;0;yes;2394
226;11:03:42;73.43;295.5;9018;240;56.8;51;183;0;yes;2396
226;11:03:56;73.57;294.97;9113;250;41.9;42;192;0;yes;2399
226;11:04:09;73.76;294.42;9233;257;32.5;35;209;0;yes;2402
226;11:04:22;73.93;293.89;9376;268;23.6;27;228;0;yes;2412
226;11:04:35;74.1;293.36;9494;268;15.2;18;233;0;yes;2415
226;11:04:48;74.29;292.83;9631;281;8.2;10;248;0;yes;2419
226;11:05:01;74.47;292.33;9764;279;-0.5;-1;243;0;yes;2422
226;11:05:14;74.66;291.75;9974;273;-9.5;-13;236;0;yes;2443
226;11:05:27;74.87;291.24;10126;268;-17.2;-24;227;0;yes;2445
226;11:05:42;75.07;290.75;10362;274;-21.3;-30;220;0;yes;2468
226;11:05:54;75.31;290.2;10563;252;-25.4;-37;206;0;yes;2473
226;11:06:07;75.55;289.81;10746;226;-30.5;-46;190;0;yes;2473
226;11:06:20;75.83;289.66;10983;197;;;150;0;yes;2476
227;11:03:16;76.23;7.69;10942;1751;;;;0;yes;2394
227;11:03:29;76.2;6.89;10920;1733;-5.4;-47;;0;yes;2394
227;11:03:42;76.15;6.12;10888;1716;-6.2;-54;;0;yes;2396
227;11:03:56;76.13;5.4;10878;1701;-7.3;-64;;0;yes;2399
227;11:04:09;76.15;4.58;10909;1692;-8.7;-76;;0;yes;2402
227;11:04:22;76.15;3.81;10953;1683;-12.1;-106;;0;yes;2412
227;11:04:35;76.2;3.04;11013;1657;-17.1;-149;1475;0;yes;2415
227;11:04:48;76.21;2.26;11037;1627;-21.8;-191;1469;0;yes;2419
227;11:05:01;76.31;1.63;11138;1591;-26.2;-230;;0;yes;2422
227;11:05:14;76.38;0.98;11291;1517;-29.9;-261;;0;yes;2443
227;11:05:27;76.41;0.21;11327;1431;-33.4;-288;;0;yes;2445
227;11:05:42;76.47;359.34;11482;1371;-36.9;-312;;0;yes;2468
227;11:05:54;76.61;358.71;11635;1251;-38.4;-321;;0;yes;2473
227;11:06:07;76.8;358.17;11803;1082;-39.0;-319;;0;yes;2473
227;11:06:20;77.8;357.93;12061;682;-80.5;-612;;0;no;2476
227;11:06:33;78.04;357.44;12304;527;-88.0;-712;;0;no;2476
227;11:06:46;78.04;356.3;12550;450;-90.4;-730;;0;no;2476
227;11:06:59;78.01;355.58;12799;405;-90.5;-697;;0;no;2476
227;11:07:12;78.0;354.64;13091;357;-88.6;-610;;0;no;2484
227;11:07:25;78.04;353.87;13140;322;-83.4;-456;;0;no;2484
227;11:07:38;77.99;353.16;13078;301;-50.1;-85;;0;yes;2484
227;11:07:51;77.9;352.75;12979;227;-50.1;-85;;0;yes;2484
227;11:08:04;77.78;351.68;12845;162;-50.1;-85;112;0;yes;2484
227;11:08:17;77.79;351.18;13167;131;;;;0;no;2484
228;11:03:16;46.5;185.97;2599;45;;;;0;no;2394
228;11:03:29;46.04;189.07;2592;69;12.7;44;;0;no;2394
228;11:03:42;45.24;186.32;2563;716;10.5;37;;0;yes;2396
228;11:03:56;45.53;188.67;2595;738;8.7;31;;0;yes;2399
228;11:04:09;45.8;190.69;2626;762;7.3;26;;0;yes;2402
228;11:04:22;46.1;193.2;2668;770;4.9;18;;0;yes;2412
228;11:04:35;46.47;195.56;2710;761;5.1;19;;0;yes;2415
228;11:04:48;46.8;198.21;2749;759;5.1;19;;0;yes;2419
228;11:05:01;47.14;200.66;2789;761;5.4;20;;0;yes;2422
228;11:05:14;47.51;203.66;2854;759;5.3;20;;0;yes;2443
228;11:05:27;47.96;206.06;2907;803;5.0;19;;0;yes;2445
228;11:05:42;48.31;208.3;2974;791;3.9;15;;0;yes;2468
228;11:05:54;48.75;210.91;3031;797;1.9;7;;0;yes;2473
228;11:06:07;49.08;213.17;3070;775;-1.3;-5;;0;yes;2473
228;11:06:20;49.41;215.45;3115;763;-6.1;-24;;0;yes;2476
228;11:06:33;53.58;203.69;3163;1550;-8.4;-33;;1;no;2476
228;11:06:46;50.18;218.32;3210;812;-11.7;-47;;0;yes;2476
228;11:06:59;50.79;220.31;3288;786;-14.1;-57;;0;yes;2476
228;11:07:12;51.59;222.9;3404;733;-15.7;-63;;0;yes;2484
228;11:07:25;52.3;224.44;3501;741;-18.9;-75;;0;yes;2484
228;11:07:38;53.0;226.11;3600;703;-21.7;-86;1002;0;yes;2484
228;11:07:51;53.83;227.54;3721;693;-29.3;-114;965;0;yes;2484
228;11:08:04;54.69;229.03;3853;691;-36.1;-139;952;0;yes;2484
228;11:08:17;55.42;230.33;3970;643;-48.7;-188;866;0;yes;2484
228;11:08:30;56.13;231.46;4075;622;-57.8;-224;818;0;yes;2476
228;11:08:43;56.58;234.29;4151;532;-68.6;-268;802;0;yes;2476
228;11:08:56;57.27;235.65;4273;493;-75.5;-294;817;0;yes;2476
228;11:09:09;57.13;235.24;4261;378;-79.8;-295;631;0;yes;2484
228;11:09:22;57.53;236.11;4333;337;-82.8;-284;531;0;yes;2484
228;11:09:35;58.59;237.49;4519;250;-84.0;-271;266;0;yes;2476
228;11:09:48;59.15;237.48;4630;172;-85.3;-264;284;0;yes;2476
228;11:10:01;59.3;237.02;4659;109;-84.8;-228;100;0;yes;2476
228;11:10:14;59.78;238.12;4752;59;;;;0;no;2473
229;11:03:56;73.56;276.04;9107;147;;;;0;no;2399
229;11:04:09;73.77;276.12;9243;226;;;145;0;yes;2402
229;11:04:22;74.05;276.95;9450;370;;;;1;no;2412
229;11:04:35;74.09;277.27;9487;486;689.2;481;;1;no;2415
229;11:04:48;74.18;277.19;9560;569;583.2;451;;1;no;2419
229;11:05:01;74.25;277.1;9620;664;593.4;458;;1;no;2422
229;11:05:14;74.33;276.94;9757;735;499.8;428;;1;no;2443
229;11:05:27;74.43;276.68;9830;779;299.7;342;;1;no;2445
229;11:05:42;74.56;276.47;10004;824;19.5;78;553;0;yes;2468
229;11:05:54;74.68;276.25;10108;856;21.3;86;579;0;yes;2473
229;11:06:07;74.8;276.07;10194;879;21.5;87;579;0;yes;2473
229;11:06:20;74.93;275.88;10297;907;22.4;92;591;0;yes;2476
229;11:06:33;75.08;275.65;10407;932;24.0;101;605;0;yes;2476
229;11:06:46;75.15;275.48;10459;960;35.4;151;775;0;yes;2476
229;11:06:59;75.34;275.23;10598;973;44.9;192;720;0;yes;2476
229;11:07:12;75.5;275.03;10757;993;51.4;223;683;0;yes;2484
229;11:07:25;75.65;274.92;10873;1026;58.6;257;710;0;yes;2484
229;11:07:38;76.03;275.02;11186;1195;63.0;282;811;0;yes;2484
229;11:07:51;76.2;275.02;11326;1233;64.0;294;838;0;yes;2484
229;11:08:04;76.38;274.94;11482;1276;58.5;283;877;0;yes;2484
229;11:08:17;76.57;274.9;11652;1352;48.0;252;970;0;yes;2484
229;11:08:30;76.74;274.85;11772;1399;34.9;204;;0;yes;2476
229;11:08:43;76.91;274.88;11926;1442;31.2;190;;0;yes;2476
229;11:08:56;77.04;274.87;12048;1470;26.6;170;;0;yes;2476
229;11:09:09;77.16;274.91;12207;1502;21.7;146;;0;yes;2484
229;11:09:22;77.3;274.95;12348;1535;18.3;127;;0;yes;2484
229;11:09:35;77.42;274.89;12432;1563;15.2;109;;0;yes;2476
229;11:09:48;77.53;274.84;12544;1586;14.1;102;;0;yes;2476
229;11:10:01;77.68;274.76;12700;1608;12.5;92;;0;yes;2476
229;11:10:14;77.79;274.72;12802;1621;10.6;80;;0;yes;2473
229;11:10:27;77.91;274.68;12925;1623;;;;0;yes;2473
230;11:03:56;77.05;277.38;11682;99;;;57;0;yes;2399
230;11:04:09;77.19;277.3;11828;139;151.8;85;83;0;yes;2402
230;11:04:22;77.34;277.52;12030;199;151.8;85;127;0;yes;2412
230;11:04:35;77.48;277.53;12183;233;151.8;85;137;0;yes;2415
230;11:04:48;77.57;278.04;12287;313;151.8;85;;1;no;2419
230;11:05:01;77.7;278.02;12442;353;;;;1;no;2422
230;11:05:14;77.85;278.02;12710;378;;;;1;no;2443
230;11:05:27;77.98;277.98;12860;390;;;;1;no;2445
230;11:05:42;78.11;277.97;13132;409;;;;1;no;2468
230;11:05:54;78.26;278.06;13327;404;;;;1;no;2473
230;11:06:07;78.4;278.05;13486;389;;;;0;no;2473
230;11:06:20;78.5;278.06;13634;385;;;;0;no;2476
230;11:06:33;78.54;278.31;13683;357;;;;0;no;2476
230;11:06:46;78.58;278.27;13724;367;;;;0;no;2476
230;11:06:59;78.6;278.25;13749;373;;;;0;no;2476
230;11:07:12;78.19;277.18;14085;369;;;;0;no;2484
230;11:07:25;77.98;276.74;14208;365;;;;0;no;2484
231;11:04:09;77.99;130.53;12650;1438;;;;0;yes;2402
231;11:04:22;77.87;130.8;12568;1433;8.0;56;;0;yes;2412
231;11:04:35;77.76;131.06;12466;1423;7.6;54;;0;yes;2415
231;11:04:48;77.67;131.43;12399;1452;6.5;46;;0;yes;2419
231;11:05:01;77.61;131.89;12346;1493;5.7;40;;0;yes;2422
231;11:05:14;77.5;132.36;12345;1489;4.8;34;;0;yes;2443
231;11:05:27;77.41;132.86;12260;1479;3.1;22;;0;yes;2445
231;11:05:42;77.31;133.29;12278;1501;-0.0;0;;0;yes;2468
231;11:05:54;77.23;133.82;12215;1492;-3.6;-27;;0;yes;2473
231;11:06:07;77.16;134.24;12147;1489;-5.9;-44;;0;yes;2473
231;11:06:20;77.06;134.7;12070;1480;-7.7;-58;;0;yes;2476
231;11:06:33;76.96;135.24;11979;1452;-10.3;-78;;0;yes;2476
231;11:06:46;76.84;135.69;11864;1425;-13.2;-100;;0;yes;2476
231;11:06:59;76.75;136.19;11775;1415;-16.2;-122;936;0;yes;2476
231;11:07:12;76.65;136.67;11721;1400;-18.4;-138;940;0;yes;2484
231;11:07:25;76.5;137.03;11588;1354;-20.1;-149;927;0;yes;2484
231;11:07:38;76.34;137.34;11452;1316;-22.2;-163;919;0;yes;2484
231;11:07:51;76.2;137.97;11325;1270;-23.4;-170;914;0;yes;2484
231;11:08:04;76.06;138.45;11206;1237;-23.3;-166;919;0;yes;2484
231;11:08:17;75.93;138.98;11099;1201;-22.0;-151;946;0;yes;2484
231;11:08:30;75.84;139.54;10992;1159;-21.0;-139;933;0;yes;2476
231;11:08:43;75.74;140.1;10912;1140;-21.7;-139;950;0;yes;2476
231;11:08:56;75.64;140.67;10830;1118;-22.9;-143;972;0;yes;2476
231;11:09:09;75.51;141.13;10769;1095;-23.8;-145;979;0;yes;2484
231;11:09:22;75.36;141.64;10652;1069;-25.5;-152;973;0;yes;2484
231;11:09:35;75.1;141.91;10424;1007;-27.0;-158;914;0;yes;2476
231;11:09:48;74.84;142.45;10236;973;-26.0;-149;919;0;yes;2476
231;11:10:01;74.6;143.21;10069;949;-23.6;-131;939;0;yes;2476
231;11:10:14;74.36;143.87;9893;903;-19.3;-103;913;0;yes;2473
231;11:10:27;74.22;144.68;9798;877;-14.1;-71;898;0;yes;2473
231;11:10:42;74.05;145.34;9703;884;-10.4;-50;858;0;yes;2476
231;11:10:55;73.92;146.15;9618;883;-7.7;-36;777;0;yes;2476
231;11:11:08;73.75;146.91;9514;871;-3.9;-18;693;0;yes;2476
231;11:11:21;73.49;147.73;9358;814;-2.3;-10;;0;no;2454
231;11:11:34;73.32;148.37;9225;863;;;;0;no;2437
231;11:11:47;73.06;149.19;9064;862;;;;0;no;2410
231;11:12:00;72.71;149.94;8982;860;;;;0;no;2405
231;11:12:13;72.41;150.63;8899;824;;;;0;no;2398
231;11:12:26;72.21;151.54;8843;822;;;;0;no;2398
231;11:12:39;72.09;152.47;8777;836;;;;0;no;2395
231;11:12:52;71.98;153.47;8726;861;;;;0;no;2395
231;11:13:06;71.89;154.55;8665;854;;;;0;no;2393
231;11:13:19;71.85;155.5;8619;847;;;;0;no;2393
231;11:13:34;71.81;156.55;8574;852;;;;0;no;2393
231;11:13:47;71.78;157.77;8526;842;-1.7;-6;;0;no;2392
231;11:14:00;72.48;158.3;8486;733;-1.8;-7;541;0;yes;2392
231;11:14:13;72.43;159.33;8454;725;-1.9;-7;528;0;yes;2390
231;11:14:26;72.41;160.43;8441;726;-2.6;-9;512;0;yes;2390
231;11:14:39;72.39;161.5;8433;726;-3.6;-13;488;0;yes;2390
231;11:14:52;72.38;162.53;8420;704;-5.9;-22;483;0;yes;2387
231;11:15:07;72.34;163.67;8319;686;-11.8;-43;;0;no;2387
231;11:15:20;71.98;164.48;8220;719;-15.6;-58;665;0;yes;2387
231;11:15:33;71.77;165.19;8126;721;-17.5;-65;685;0;yes;2390
231;11:15:46;71.52;166.07;8007;682;-16.7;-62;664;0;yes;2390
231;11:15:59;71.31;167.07;7923;627;-14.4;-52;601;0;yes;2392
231;11:16:12;71.15;168.15;7850;622;-10.3;-37;591;0;yes;2392
231;11:16:25;71.02;169.03;7783;630;-5.3;-18;579;0;yes;2390
231;11:16:38;70.94;170.02;7739;645;0.0;0;577;0;yes;2387
231;11:16:53;70.87;171.0;7717;650;5.5;17;565;0;yes;2390
231;11:17:06;70.85;172.26;7708;651;6.9;22;529;0;yes;2390
231;11:17:19;70.85;173.13;7719;638;7.2;23;484;0;yes;2393
231;11:17:32;70.75;173.89;7675;651;6.4;20;483;0;yes;2393
231;11:17:45;70.71;174.88;7695;660;4.9;16;499;0;yes;2405
231;11:17:58;70.73;175.71;7711;686;-0.5;-1;522;0;yes;2408
231;11:18:11;70.71;176.64;7703;684;-8.3;-27;519;0;yes;2408
231;11:18:24;70.68;177.58;7699;675;-16.3;-55;513;0;yes;2410
231;11:18:37;70.71;178.6;7714;660;-23.9;-83;521;0;yes;2410
231;11:18:50;70.65;179.55;7701;623;-29.7;-105;472;0;yes;2414
231;11:19:05;70.63;180.42;7700;585;-33.1;-117;455;0;yes;2416
231;11:19:18;70.57;181.24;7671;531;-35.4;-126;419;0;yes;2416
231;11:19:31;70.52;181.9;7654;489;-36.2;-128;341;0;yes;2417
231;11:19:44;70.46;182.42;7672;434;-35.2;-120;;0;no;2417
231;11:19:57;70.48;183.22;7679;402;;;;0;no;2419
231;11:20:10;70.45;183.64;7704;339;;;;0;no;2425
231;11:20:23;70.37;184.08;7720;262;;;;0;no;2427
231;11:20:38;70.39;184.13;7730;185;;;;0;no;2427
231;11:20:51;70.51;185.17;7742;164;;;;0;no;2428
231;11:21:04;70.63;185.84;7758;132;;;;0;no;2428
231;11:21:17;70.73;186.89;7782;116;;;;0;no;2431
231;11:21:31;70.75;188.3;7796;71;;;;0;no;2428
231;11:21:45;70.85;189.41;7820;62;;;;0;no;2431
232;11:04:22;77.93;28.56;12635;758;;;;0;yes;2412
232;11:04:35;77.86;28.03;12575;776;26.9;98;;0;yes;2415
232;11:04:48;77.79;27.46;12521;797;28.3;104;;0;yes;2419
232;11:05:01;77.74;26.96;12481;833;33.4;124;;0;yes;2422
232;11:05:14;77.68;26.51;12534;852;35.5;134;;0;yes;2443
232;11:05:27;77.6;26.0;12460;879;39.9;152;;0;yes;2445
232;11:05:42;77.52;25.47;12485;910;41.3;160;;0;yes;2468
232;11:05:54;77.49;24.62;12486;978;38.1;154;;0;yes;2473
232;11:06:07;77.46;24.11;12447;1005;33.5;140;;0;yes;2473
232;11:06:20;77.39;23.6;12398;1044;26.2;115;;0;yes;2476
232;11:06:33;77.36;23.08;12365;1066;16.9;78;;0;yes;2476
232;11:06:46;77.32;22.65;12322;1084;8.0;40;;0;yes;2476
232;11:06:59;77.27;22.25;12273;1081;3.2;16;;0;yes;2476
232;11:07:12;77.21;21.89;12256;1070;-0.2;-1;;0;yes;2484
232;11:07:25;77.17;21.84;12213;1036;-0.4;-2;;0;yes;2484
232;11:07:38;77.11;21.32;12158;1055;1.5;8;;0;yes;2484
232;11:07:51;77.09;20.79;12141;1052;4.1;22;;0;yes;2484
232;11:08:04;77.03;20.3;12085;1061;8.4;44;;0;yes;2484
232;11:08:17;76.98;19.87;12030;1077;13.5;70;;0;yes;2484
232;11:08:30;76.97;19.56;11982;1097;17.5;90;;0;yes;2476
232;11:08:43;76.93;19.16;11948;1108;19.9;102;794;0;yes;2476
232;11:08:56;76.88;18.54;11899;1148;22.0;112;827;0;yes;2476
232;11:09:09;76.8;17.78;11862;1205;23.7;121;864;0;yes;2484
232;11:09:22;76.72;17.2;11785;1228;;;898;0;yes;2484
233;11:04:35;48.5;126.15;2407;45;;;;0;no;2415
233;11:04:48;48.64;129.18;2358;78;;;;0;no;2419
233;11:05:01;48.18;131.21;2316;151;-5.0;-13;;0;no;2422
233;11:05:14;42.0;137.37;2306;504;-14.7;-38;;0;yes;2443
233;11:05:27;41.6;140.33;2272;520;-19.3;-50;;0;yes;2445
233;11:05:42;41.34;142.96;2269;500;-26.0;-68;;0;yes;2468
233;11:05:54;41.02;146.95;2246;492;-39.8;-107;;0;yes;2473
233;11:06:07;40.55;150.78;2205;441;-52.1;-143;;0;yes;2473
233;11:06:20;40.28;154.33;2185;427;-61.6;-173;;0;yes;2476
233;11:06:33;39.86;157.94;2149;378;-65.7;-184;;0;yes;2476
233;11:06:46;40.11;160.62;2171;308;-66.7;-178;;0;yes;2476
233;11:06:59;40.76;162.92;2226;259;-66.7;-162;;0;yes;2476
233;11:07:12;41.52;165.19;2301;227;-67.1;-148;;0;yes;2484
233;11:07:25;41.91;167.74;2336;225;-66.4;-125;;0;yes;2484
233;11:07:38;41.94;171.18;2338;206;-67.8;-107;;0;yes;2484
233;11:07:51;42.04;174.3;2348;178;-73.4;-103;;0;yes;2484
233;11:08:04;42.26;177.43;2368;156;-76.1;-105;;0;yes;2484
233;11:08:17;42.6;180.61;2400;132;-80.3;-115;;0;yes;2484
233;11:08:30;43.62;182.38;2488;76;-83.3;-118;;0;yes;2476
233;11:08:43;44.29;185.11;2554;57;;;;0;yes;2476
234;11:05:42;78.0;74.28;13001;606;;;;0;yes;2468
234;11:05:54;77.87;74.17;12882;607;-40.4;-140;;0;yes;2473
234;11:06:07;77.72;74.17;12724;584;-38.7;-130;;0;yes;2473
234;11:06:20;77.57;74.84;12584;505;-37.7;-123;;0;yes;2476
234;11:06:33;77.41;74.77;12416;489;-40.7;-130;367;0;yes;2476
234;11:06:46;77.21;74.75;12215;476;-44.6;-137;360;0;yes;2476
234;11:06:59;77.02;74.7;12033;457;-48.5;-142;347;0;yes;2476
234;11:07:12;76.85;74.72;11909;435;-50.8;-138;333;0;yes;2484
234;11:07:25;76.68;74.69;11749;378;-53.7;-143;288;0;yes;2484
234;11:07:38;76.52;74.71;11604;346;-59.6;-154;265;0;yes;2484
234;11:07:51;76.34;74.63;11449;306;-67.5;-165;227;0;yes;2484
234;11:08:04;76.16;74.58;11294;278;-69.7;-166;199;0;yes;2484
234;11:08:17;76.0;74.61;11157;271;-70.9;-159;189;0;yes;2484
234;11:08:30;75.75;74.23;10919;156;-73.8;-163;129;0;yes;2476
234;11:08:43;75.56;74.18;10773;105;;;82;0;yes;2476
235;11:06:07;74.29;40.96;9336;70;;;;0;no;2473
235;11:06:20;73.98;40.3;9288;127;;;;0;no;2476
235;11:06:33;73.76;39.62;9229;112;216.8;102;;0;no;2476
235;11:06:46;73.55;38.82;9394;131;277.0;128;110;0;yes;2476
235;11:06:59;73.22;37.79;9196;132;313.6;149;127;0;yes;2476
235;11:07:12;72.84;36.98;9008;181;314.1;158;140;0;yes;2484
235;11:07:25;72.85;36.42;9017;251;347.2;179;324;0;yes;2484
235;11:07:38;72.99;36.19;9097;336;324.6;187;465;0;yes;2484
235;11:07:51;72.88;35.78;9035;360;247.4;180;519;0;yes;2484
235;11:08:04;73.12;35.52;9036;348;184.0;172;;0;no;2484
235;11:08:17;72.89;34.99;9037;398;125.7;156;538;0;yes;2484
235;11:08:30;72.79;34.58;8954;408;122.7;178;342;0;yes;2476
235;11:08:43;72.54;33.89;8819;456;120.2;197;372;0;yes;2476
235;11:08:56;72.25;33.18;8664;501;125.6;218;381;0;yes;2476
235;11:09:09;71.94;32.37;8531;533;126.7;233;416;0;yes;2484
235;11:09:22;72.03;30.89;8576;661;117.1;232;606;0;yes;2484
235;11:09:35;71.78;30.19;8424;694;100.6;219;650;0;yes;2476
235;11:09:48;71.61;29.6;8342;737;74.0;183;673;0;yes;2476
235;11:10:01;71.46;28.93;8269;774;49.3;139;726;0;yes;2476
235;11:10:14;71.32;28.23;8193;791;25.7;85;742;0;yes;2473
235;11:10:27;71.21;27.36;8139;810;16.6;58;782;0;yes;2473
235;11:10:42;71.16;26.48;8127;817;6.6;25;815;0;yes;2476
235;11:10:55;71.07;25.44;8086;824;-1.9;-8;855;0;yes;2476
235;11:11:08;71.04;24.48;8071;809;-5.2;-21;892;0;yes;2476
235;11:11:21;71.05;23.53;8008;755;-8.7;-36;753;0;yes;2454
235;11:11:34;71.01;22.48;7929;752;-11.5;-48;;0;no;2437
235;11:11:47;70.85;21.6;7817;770;;;;0;no;2410
235;11:12:00;70.8;20.67;7776;775;;;;0;no;2405
235;11:12:13;70.68;19.73;7727;768;;;;0;no;2398
235;11:12:26;70.58;18.73;7705;752;;;;0;no;2398
235;11:12:39;70.43;17.73;7671;752;;;;0;no;2395
235;11:12:52;70.31;16.72;7649;764;;;;0;no;2395
235;11:13:06;70.18;15.65;7613;785;;;;0;no;2393
235;11:13:19;70.43;15.18;7592;907;23.7;97;;0;no;2393
235;11:13:34;70.51;17.22;7572;893;27.3;111;914;0;yes;2393
235;11:13:47;70.18;14.91;7435;786;25.7;106;963;0;yes;2392
235;11:14:00;70.24;14.05;7479;801;24.4;101;;0;no;2392
235;11:14:13;70.39;14.94;7514;972;26.9;111;1028;0;yes;2390
235;11:14:26;70.37;14.32;7504;990;21.4;91;1066;0;yes;2390
235;11:14:39;70.31;13.61;7480;1016;13.0;59;1090;0;yes;2390
235;11:14:52;70.32;13.05;7477;1012;8.8;42;1130;0;yes;2387
235;11:15:07;70.26;12.35;7453;995;6.4;32;1132;0;yes;2387
235;11:15:20;70.16;11.43;7411;1011;8.3;41;988;0;yes;2387
235;11:15:33;70.13;10.72;7405;1013;11.3;56;1033;0;yes;2390
235;11:15:46;69.96;10.04;7338;1038;12.6;62;1137;0;yes;2390
235;11:15:59;69.84;9.38;7298;1050;13.6;67;1155;0;yes;2392
235;11:16:12;69.73;8.56;7254;1084;13.4;67;1210;0;yes;2392
235;11:16:25;69.68;7.8;7226;1100;11.1;56;1131;0;yes;2390
235;11:16:38;69.58;6.95;7182;1124;9.3;48;1164;0;yes;2387
235;11:16:53;69.55;6.32;7178;1108;7.6;40;1223;0;yes;2390
235;11:17:06;63.96;8.1;7132;1822;4.1;22;;1;no;2390
235;11:17:19;63.71;6.93;7100;1845;;;;1;no;2393
235;11:17:32;69.23;3.48;7065;1146;;;;0;no;2393
235;11:17:45;63.68;4.57;7323;1943;;;;1;no;2405
235;11:17:58;63.63;3.44;7336;2016;;;;1;no;2408
235;11:18:11;63.5;2.22;7342;2069;;;;1;no;2408
235;11:18:24;63.44;0.98;7357;2089;;;;1;no;2410
235;11:18:37;69.52;3.9;7365;122;;;;0;no;2410
236;11:06:59;58.85;203.29;4571;703;;;1156;0;yes;2476
236;11:07:12;59.29;204.73;4672;664;-45.7;-175;984;0;yes;2484
236;11:07:25;59.82;206.6;4782;621;-47.3;-177;936;0;yes;2484
236;11:07:38;60.54;207.59;4926;554;-48.5;-177;895;0;yes;2484
236;11:07:51;61.14;208.8;5049;512;-49.2;-174;882;0;yes;2484
236;11:08:04;61.64;209.75;5154;490;-51.4;-174;633;0;yes;2484
236;11:08:17;62.06;210.77;5245;444;-51.6;-164;504;0;yes;2484
236;11:08:30;62.3;211.92;5282;409;-47.9;-138;453;0;yes;2476
236;11:08:43;62.61;212.85;5352;378;-43.4;-115;445;0;yes;2476
236;11:08:56;63.07;213.47;5459;347;-37.2;-91;441;0;yes;2476
236;11:09:09;63.25;213.84;5521;330;-27.3;-60;458;0;yes;2484
236;11:09:22;63.08;214.31;5479;323;-16.3;-32;381;0;yes;2484
236;11:09:35;63.16;214.84;5482;330;-4.8;-9;392;0;yes;2476
236;11:09:48;63.38;215.52;5532;331;5.9;10;415;0;yes;2476
236;11:10:01;63.51;216.17;5564;336;11.2;18;438;0;yes;2476
236;11:10:14;63.75;216.96;5615;343;11.8;19;458;0;yes;2473
236;11:10:27;63.97;217.72;5669;350;10.6;17;470;0;yes;2473
236;11:10:42;64.2;218.53;5738;359;5.1;9;487;0;yes;2476
236;11:10:55;64.59;219.45;5837;358;-0.3;0;499;0;yes;2476
236;11:11:08;64.93;220.31;5929;357;-6.0;-11;505;0;yes;2476
236;11:11:21;65.3;221.17;5976;354;-10.0;-18;504;0;yes;2454
236;11:11:34;65.73;222.02;6051;336;-11.9;-22;504;0;yes;2437
236;11:11:47;66.03;222.91;6073;337;-10.3;-19;499;0;yes;2410
236;11:12:00;66.35;223.8;6150;328;-7.7;-14;490;0;yes;2405
236;11:12:13;66.77;224.68;6259;325;-4.0;-7;465;0;yes;2398
236;11:12:26;67.07;225.53;6351;325;1.0;2;349;0;yes;2398
236;11:12:39;67.33;226.25;6423;334;2.9;5;349;0;yes;2395
236;11:12:52;67.58;226.92;6502;340;4.9;8;345;0;yes;2395
236;11:13:06;67.87;227.58;6590;339;5.0;8;351;0;yes;2393
236;11:13:19;68.17;228.19;6690;334;6.1;10;329;0;yes;2393
236;11:13:34;68.38;228.78;6763;333;14.7;25;332;0;yes;2393
236;11:13:47;68.67;229.48;6861;342;25.5;42;343;0;yes;2392
236;11:14:00;68.92;230.07;6950;341;34.7;56;341;0;yes;2392
236;11:14:13;69.34;230.75;7099;351;39.1;63;376;0;yes;2390
236;11:14:26;69.47;231.66;7149;401;40.3;65;412;0;yes;2390
236;11:14:39;69.82;232.14;7284;419;37.1;61;430;0;yes;2390
236;11:14:52;70.15;232.53;7407;427;30.6;52;440;0;yes;2387
236;11:15:07;70.49;232.9;7549;429;24.1;43;437;0;yes;2387
236;11:15:20;70.83;233.28;7692;439;11.7;23;433;0;yes;2387
236;11:15:33;71.14;233.51;7836;428;7.5;16;398;0;yes;2390
236;11:15:46;71.33;233.85;7923;439;;;390;0;yes;2390
237;11:07:25;49.92;198.61;3188;56;;;;0;no;2484
237;11:07:38;50.24;200.82;3228;88;75.8;31;;0;yes;2484
237;11:07:51;50.49;203.21;3260;101;62.4;27;;0;yes;2484
237;11:08:04;50.87;205.49;3308;114;50.9;23;;0;yes;2484
237;11:08:17;51.33;207.65;3369;124;41.5;19;;0;yes;2484
237;11:08:30;51.8;209.85;3421;132;23.8;12;;0;yes;2476
237;11:08:43;52.32;211.98;3493;136;2.8;2;;0;yes;2476
237;11:08:56;52.98;213.78;3586;126;-13.1;-8;;0;yes;2476
237;11:09:09;53.54;215.84;3678;126;-23.6;-15;;0;yes;2484
237;11:09:22;54.13;217.53;3767;120;-28.0;-19;;0;yes;2484
237;11:09:35;54.56;219.35;3821;107;-36.0;-24;;0;yes;2476
237;11:09:48;55.14;220.85;3912;100;-48.6;-32;119;0;yes;2476
237;11:10:01;55.79;222.04;4018;104;-52.1;-35;143;0;yes;2476
237;11:10:14;56.69;222.88;4165;64;-54.5;-36;75;0;yes;2473
237;11:10:27;57.37;223.62;4285;86;-57.1;-36;;1;no;2473
237;11:10:42;57.86;225.82;4381;47;;;;1;no;2476
238;11:07:38;73.62;19.12;9468;77;;;;0;no;2484
238;11:07:51;73.38;18.26;9321;127;221.6;144;121;0;yes;2484
238;11:08:04;73.41;17.03;9341;216;188.5;137;228;0;yes;2484
238;11:08:17;73.25;16.16;9246;292;158.4;127;265;0;yes;2484
238;11:08:30;73.11;15.25;9136;298;141.3;122;268;0;yes;2476
238;11:08:43;73.04;14.25;9092;334;99.6;107;303;0;yes;2476
238;11:08:56;72.94;13.25;9039;356;72.6;91;334;0;yes;2476
238;11:09:09;72.86;12.24;9022;367;53.3;75;357;0;yes;2484
238;11:09:22;72.94;11.05;9067;395;40.9;62;428;0;yes;2484
238;11:09:35;72.95;9.85;9045;422;25.1;42;453;0;yes;2476
238;11:09:48;72.94;8.72;9036;422;20.4;37;445;0;yes;2476
238;11:10:01;73.07;7.58;9109;408;16.9;32;398;0;yes;2476
238;11:10:14;73.03;6.47;9076;404;12.8;25;397;0;yes;2473
238;11:10:27;73.0;5.36;9058;396;12.3;24;354;0;yes;2473
238;11:10:42;73.04;4.22;9094;439;7.0;14;384;0;yes;2476
238;11:10:55;73.07;3.0;9110;453;-2.9;-5;353;0;yes;2476
238;11:11:08;73.11;1.91;9133;441;-12.1;-25;326;0;yes;2476
238;11:11:21;73.24;0.76;9126;370;-21.1;-47;258;0;yes;2454
238;11:11:34;73.52;0.49;9088;351;-29.1;-68;;0;no;2437
238;11:11:47;73.4;358.82;9015;415;-31.7;-74;;0;no;2410
238;11:12:00;73.43;357.94;9024;396;-32.6;-75;;0;no;2405
238;11:12:13;73.43;357.02;9030;376;-34.6;-76;347;0;yes;2398
238;11:12:26;73.45;355.97;9037;351;-34.0;-69;343;0;yes;2398
238;11:12:39;73.35;354.87;8970;330;-51.9;-98;322;0;yes;2395
238;11:12:52;73.31;353.7;8947;319;-62.3;-121;309;0;yes;2395
238;11:13:06;73.24;352.5;8899;286;-67.9;-133;286;0;yes;2393
238;11:13:19;73.24;351.39;8900;272;-70.7;-137;265;0;yes;2393
238;11:13:34;73.12;351.2;8833;144;-70.8;-131;100;0;yes;2393
238;11:13:47;73.15;350.09;8845;153;-67.6;-114;99;0;yes;2392
238;11:14:00;73.19;349.12;8869;157;-59.9;-87;129;0;yes;2392
238;11:14:13;73.25;348.17;8896;136;-49.4;-59;123;0;yes;2390
238;11:14:26;73.34;347.12;8942;130;-30.9;-25;106;0;yes;2390
238;11:14:39;73.4;346.03;8977;127;-30.4;-24;85;0;yes;2390
238;11:14:52;73.44;344.85;8993;105;-28.0;-21;77;0;yes;2387
238;11:15:07;73.44;343.87;8993;50;;;;0;no;2387
239;11:08:17;70.09;275.61;7680;49;;;;0;no;2484
239;11:08:30;70.44;275.4;7805;145;128.6;94;89;0;yes;2476
239;11:08:43;70.67;275.42;7908;206;122.2;94;129;0;yes;2476
239;11:08:56;70.85;275.01;7986;227;109.9;89;126;0;yes;2476
239;11:09:09;71.05;274.7;8103;251;96.2;83;151;0;yes;2484
239;11:09:22;71.31;274.6;8224;289;78.7;77;185;0;yes;2484
239;11:09:35;71.53;274.52;8304;307;75.7;79;206;0;yes;2476
239;11:09:48;71.68;274.43;8378;299;74.3;85;205;0;yes;2476
239;11:10:01;71.86;274.42;8465;311;73.0;92;231;0;yes;2476
239;11:10:14;72.07;274.12;8558;332;70.4;96;249;0;yes;2473
239;11:10:27;72.27;273.88;8661;360;71.3;100;269;0;yes;2473
239;11:10:42;72.53;273.73;8810;398;65.7;95;296;0;yes;2476
239;11:10:55;72.84;273.43;8979;436;54.4;84;315;0;yes;2476
239;11:11:08;73.08;273.16;9114;450;36.1;61;331;0;yes;2476
239;11:11:21;73.32;272.85;9174;446;18.6;34;355;0;yes;2454
239;11:11:34;73.54;272.73;9238;450;4.9;10;343;0;yes;2437
239;11:11:47;73.73;272.62;9252;439;-3.2;-7;339;0;yes;2410
239;11:12:00;73.93;272.43;9347;434;-8.4;-19;323;0;yes;2405
239;11:12:13;74.26;272.13;9532;447;-16.2;-36;339;0;yes;2398
239;11:12:26;74.51;271.95;9694;436;-25.5;-58;349;0;yes;2398
239;11:12:39;74.72;271.75;9816;429;-32.1;-74;351;0;yes;2395
239;11:12:52;74.92;271.37;9957;406;-35.4;-82;332;0;yes;2395
239;11:13:06;75.17;271.2;10121;368;-36.7;-85;325;0;yes;2393
239;11:13:19;75.37;271.05;10262;333;-36.1;-82;286;0;yes;2393
239;11:13:34;75.52;270.78;10373;320;-33.9;-73;299;0;yes;2393
239;11:13:47;75.68;270.49;10495;316;-31.9;-64;297;0;yes;2392
239;11:14:00;75.85;270.26;10629;311;-31.9;-58;282;0;yes;2392
239;11:14:13;76.02;270.0;10753;304;-36.1;-62;278;0;yes;2390
239;11:14:26;76.22;269.71;10911;293;-41.8;-71;261;0;yes;2390
239;11:14:39;76.4;269.44;11066;268;-45.7;-79;221;0;yes;2390
239;11:14:52;76.55;269.0;11181;216;-49.7;-88;178;0;yes;2387
239;11:15:07;76.77;268.8;11370;193;-53.5;-96;158;0;yes;2387
239;11:15:20;77.09;268.6;11423;146;;;;0;no;2387
240;11:08:30;72.24;178.2;8736;248;;;;0;no;2476
240;11:08:43;72.18;179.42;8629;288;51.8;70;232;0;yes;2476
240;11:08:56;72.14;180.64;8607;314;48.3;68;264;0;yes;2476
240;11:09:09;72.07;181.88;8599;347;44.8;64;298;0;yes;2484
240;11:09:22;72.0;183.11;8563;361;41.8;62;299;0;yes;2484
240;11:09:35;71.93;184.32;8499;377;37.1;58;322;0;yes;2476
240;11:09:48;71.88;185.36;8476;396;34.1;55;365;0;yes;2476
240;11:10:01;71.85;186.41;8459;415;31.0;52;372;0;yes;2476
240;11:10:14;71.73;185.72;8388;524;49.8;89;;1;no;2473
240;11:10:27;71.64;186.6;8343;522;54.7;99;;1;no;2473
240;11:10:42;71.56;187.69;8318;537;55.8;102;;1;no;2476
240;11:10:55;71.39;188.94;8238;529;53.7;101;;1;no;2476
240;11:11:08;71.27;189.88;8178;520;48.4;94;;1;no;2476
240;11:11:21;71.25;190.75;8096;513;36.9;76;;1;no;2454
240;11:11:34;71.22;191.62;8026;530;14.8;38;361;0;yes;2437
240;11:11:47;71.23;192.56;7943;542;24.0;62;347;0;yes;2410
240;11:12:00;71.17;193.44;7896;557;31.2;81;390;0;yes;2405
240;11:12:13;71.11;194.43;7849;560;39.2;101;417;0;yes;2398
240;11:12:26;70.83;194.97;7726;586;45.1;116;485;0;yes;2398
240;11:12:39;70.63;195.27;7628;647;46.5;121;513;0;yes;2395
240;11:12:52;70.54;195.97;7594;685;43.1;116;533;0;yes;2395
240;11:13:06;70.52;196.92;7578;703;35.6;100;543;0;yes;2393
240;11:13:19;70.53;197.77;7582;722;26.4;79;544;0;yes;2393
240;11:13:34;70.54;198.78;7584;734;17.1;56;539;0;yes;2393
240;11:13:47;70.61;199.92;7612;734;12.8;44;539;0;yes;2392
240;11:14:00;70.66;200.86;7634;734;11.0;38;528;0;yes;2392
240;11:14:13;70.75;201.26;7665;757;9.7;35;525;0;yes;2390
240;11:14:26;70.83;202.25;7697;768;9.8;35;524;0;yes;2390
240;11:14:39;70.9;203.19;7727;782;10.7;38;534;0;yes;2390
240;11:14:52;74.18;204.14;7603;2107;10.7;38;;1;no;2387
240;11:15:07;73.65;202.83;7601;1765;;;;1;no;2387
240;11:15:20;74.33;205.7;7615;2186;;;;1;no;2387
240;11:15:33;71.86;199.94;7622;46;;;;1;no;2390
241;11:08:56;72.14;209.54;8607;64;;;57;0;yes;2476
241;11:09:09;72.37;210.23;8757;88;338.9;100;83;0;yes;2484
241;11:09:22;72.57;210.75;8861;128;280.2;94;104;0;yes;2484
241;11:09:35;72.7;211.37;8907;152;224.1;86;113;0;yes;2476
241;11:09:48;72.83;212.03;8977;173;180.9;77;119;0;yes;2476
241;11:10:01;72.97;212.68;9056;195;118.1;64;138;0;yes;2476
241;11:10:14;73.1;213.39;9115;205;73.7;49;150;0;yes;2473
241;11:10:27;73.23;214.12;9190;208;38.1;30;147;0;yes;2473
241;11:10:42;73.4;214.8;9305;216;15.8;14;149;0;yes;2476
241;11:10:55;73.59;215.59;9420;219;1.6;2;149;0;yes;2476
241;11:11:08;73.76;216.18;9523;220;-7.1;-8;151;0;yes;2476
241;11:11:21;73.94;216.9;9547;204;-14.1;-15;138;0;yes;2454
241;11:11:34;74.11;217.47;9585;206;-18.7;-21;144;0;yes;2437
241;11:11:47;74.3;218.16;9604;202;-21.0;-24;155;0;yes;2410
241;11:12:00;74.48;218.77;9699;185;-22.9;-26;127;0;yes;2405
241;11:12:13;74.73;219.46;9838;148;;;95;0;yes;2398
242;11:08:56;71.83;322.49;8867;147;;;;0;no;2476
242;11:09:09;71.91;321.27;8945;201;;;;0;no;2484
242;11:09:22;71.98;320.16;8993;243;;;;0;no;2484
242;11:09:35;72.04;319.11;9014;282;;;;0;no;2476
242;11:09:48;71.76;317.97;9063;354;;;;1;no;2476
242;11:10:01;71.79;316.93;9112;388;;;;1;no;2476
242;11:10:14;71.82;315.85;9148;408;;;;1;no;2473
242;11:10:27;71.86;314.8;9201;443;;;;1;no;2473
242;11:10:42;71.92;313.79;9267;489;;;;1;no;2476
242;11:10:55;72.03;312.81;9339;529;;;;1;no;2476
242;11:11:08;72.14;311.79;9395;539;;;;0;no;2476
242;11:11:21;72.26;310.79;9377;529;;;;0;no;2454
242;11:11:34;72.4;309.98;9366;538;42.8;135;;0;no;2437
242;11:11:47;72.91;310.68;8778;686;52.4;168;629;0;yes;2410
242;11:12:00;73.2;310.59;8919;757;59.4;193;690;0;yes;2405
242;11:12:13;73.4;310.29;9011;807;59.1;196;710;0;yes;2398
242;11:12:26;73.66;309.86;9163;834;59.9;207;713;0;yes;2398
242;11:12:39;74.01;309.47;9361;932;58.0;209;804;0;yes;2395
242;11:12:52;74.24;309.45;9504;999;53.6;202;812;0;yes;2395
242;11:13:06;74.42;309.19;9609;1017;46.7;186;781;0;yes;2393
242;11:13:19;74.58;308.53;9718;1065;39.7;169;787;0;yes;2393
242;11:13:34;74.69;308.01;9792;1094;31.1;146;803;0;yes;2393
242;11:13:47;74.79;307.42;9852;1108;27.9;137;798;0;yes;2392
242;11:14:00;74.89;306.92;9921;1132;27.3;138;820;0;yes;2392
242;11:14:13;75.04;306.5;10018;1182;24.3;127;857;0;yes;2390
242;11:14:26;75.15;306.12;10092;1217;22.2;119;873;0;yes;2390
242;11:14:39;75.25;305.67;10166;1240;20.3;112;882;0;yes;2390
242;11:14:52;75.36;305.24;10233;1262;16.4;94;894;0;yes;2387
242;11:15:07;75.47;304.87;10314;1275;13.4;80;899;0;yes;2387
242;11:15:20;75.61;304.35;10419;1285;13.9;84;870;0;yes;2387
242;11:15:33;75.72;303.91;10514;1307;14.7;90;847;0;yes;2390
242;11:15:46;75.84;303.48;10605;1308;15.3;95;817;0;yes;2390
242;11:15:59;75.96;303.17;10719;1340;15.8;99;835;0;yes;2392
242;11:16:12;76.16;303.08;10877;1392;15.4;98;896;0;yes;2392
242;11:16:25;76.28;302.87;10962;1417;15.4;98;928;0;yes;2390
242;11:16:38;76.42;302.8;11067;1446;15.5;100;934;0;yes;2387
242;11:16:53;76.55;302.63;11126;1485;12.8;84;;0;no;2390
242;11:17:06;76.68;302.39;11191;1496;;;;0;no;2390
242;11:17:19;76.79;302.18;11251;1521;;;;0;no;2393
242;11:17:32;76.9;302.0;11306;1545;;;;0;no;2393
242;11:17:45;76.99;301.81;11414;1576;;;;0;no;2405
242;11:17:58;77.05;301.9;11478;1625;;;;0;no;2408
242;11:18:11;77.15;301.74;11529;1664;;;;0;no;2408
242;11:18:24;77.21;301.59;11590;1684;;;;0;no;2410
242;11:18:37;77.29;301.44;11641;1707;;;;0;no;2410
242;11:18:50;77.37;301.34;11709;1741;;;;0;no;2414
242;11:19:05;77.44;301.11;11771;1768;;;;0;no;2416
242;11:19:18;77.52;300.84;11836;1794;;;;0;no;2416
242;11:19:31;77.59;300.67;11889;1827;;;;0;no;2417
242;11:19:44;77.67;300.46;11940;1852;;;;0;no;2417
242;11:19:57;77.73;300.23;11998;1871;;;;0;no;2419
242;11:20:10;77.81;300.04;12079;1891;;;;0;no;2425
242;11:20:23;77.88;299.78;12137;1910;;;;0;no;2427
242;11:20:38;77.95;299.56;12189;1911;;;;0;no;2427
242;11:20:51;78.0;299.36;12266;1923;;;;0;no;2428
242;11:21:04;78.08;299.18;12321;1930;;;;0;no;2428
242;11:21:17;78.12;299.01;12386;1945;;;;0;no;2431
242;11:21:31;78.17;298.87;12427;1937;;;;0;no;2428
242;11:21:45;78.24;298.63;12493;1956;;;;0;no;2431
242;11:21:58;77.31;302.04;12560;2373;;;;1;no;2431
242;11:22:11;77.34;302.05;12612;2402;;;;1;no;2431
242;11:22:24;77.4;301.74;12650;2432;;;;1;no;2428
242;11:22:37;77.46;301.48;12701;2467;;;;1;no;2428
242;11:22:50;77.5;301.2;12749;2506;;;;1;no;2428
242;11:23:03;77.55;300.91;12798;2535;;;;1;no;2428
242;11:23:16;77.6;300.59;12860;2557;;;;0;no;2431
242;11:23:29;77.65;300.22;12910;2573;;;;0;no;2431
242;11:23:42;77.69;299.91;12951;2602;;;;0;no;2428
242;11:23:55;77.73;299.55;13001;2617;;;;0;no;2428
242;11:24:08;77.79;299.12;13052;2640;;;;0;no;2428
242;11:24:21;77.85;298.68;13114;2655;;;;0;no;2431
242;11:24:34;78.43;290.23;13152;3908;;;;1;no;2428
242;11:24:47;78.02;297.77;13198;2671;;;;0;no;2427
242;11:24:59;78.11;297.4;13180;2672;;;;0;no;2415
242;11:25:12;78.23;296.95;13231;2685;;;;0;no;2415
242;11:25:25;78.87;289.5;13283;3957;;;;1;no;2415
242;11:25:40;78.95;289.29;13333;3955;;;;1;no;2415
242;11:25:53;79.08;289.13;13390;3954;;;;1;no;2413
242;11:26:06;78.63;295.72;13433;2708;;;;0;no;2412
242;11:26:19;78.78;295.27;13612;2738;;;;0;no;2410
242;11:26:32;78.88;294.84;13733;2753;;;;0;no;2410
242;11:26:45;79.0;294.43;13858;2745;;;;0;no;2406
242;11:26:58;79.14;293.97;14039;2854;;;;0;no;2405
242;11:27:11;79.26;293.61;14203;2910;;;;0;no;2405
242;11:27:24;79.8;287.84;14151;3973;;;;1;no;2404
242;11:27:38;76.65;296.6;14211;150;;;;0;no;2403
242;11:27:51;76.81;295.97;14280;138;;;;0;no;2403
242;11:28:04;76.96;295.42;14338;115;;;;0;no;2400
242;11:28:17;77.11;294.77;14409;82;;;;0;no;2400
243;11:09:09;73.21;15.14;9219;90;;;78;0;yes;2484
243;11:09:22;73.12;14.27;9170;137;35.7;23;147;0;yes;2484
243;11:09:35;72.97;13.29;9055;162;28.0;19;170;0;yes;2476
243;11:09:48;72.92;12.39;9028;161;52.8;37;141;0;yes;2476
243;11:10:01;72.8;11.39;8957;161;60.7;42;142;0;yes;2476
243;11:10:14;72.64;10.42;8856;165;60.6;44;144;0;yes;2473
243;11:10:27;72.51;9.39;8790;165;50.3;38;143;0;yes;2473
243;11:10:42;72.47;8.83;8779;220;34.0;27;157;0;yes;2476
243;11:10:55;72.31;7.9;8694;233;17.8;14;151;0;yes;2476
243;11:11:08;72.16;7.02;8619;238;2.3;1;159;0;yes;2476
243;11:11:21;71.89;6.35;8406;180;-22.3;-24;128;0;yes;2454
243;11:11:34;71.82;5.22;8308;200;-39.6;-47;170;0;yes;2437
243;11:11:47;71.67;4.27;8148;180;-43.6;-53;193;0;yes;2410
243;11:12:00;71.3;3.35;7958;113;-46.3;-57;126;0;yes;2405
243;11:12:13;70.96;2.31;7785;64;;;;0;no;2398
244;11:09:09;62.67;141.81;5383;53;;;63;0;yes;2484
244;11:09:22;62.13;143.38;5262;76;218.6;62;98;0;yes;2484
244;11:09:35;61.73;145.04;5158;105;169.9;54;131;0;yes;2476
244;11:09:48;61.31;146.62;5067;120;128.4;46;147;0;yes;2476
244;11:10:01;60.99;148.22;5001;133;99.7;38;175;0;yes;2476
244;11:10:14;60.84;149.79;4964;142;52.9;25;191;0;yes;2473
244;11:10:27;60.57;151.43;4909;141;20.9;12;190;0;yes;2473
244;11:10:42;60.52;152.4;4906;147;-7.0;-4;139;0;yes;2476
244;11:10:55;60.38;153.78;4878;154;-25.5;-18;166;0;yes;2476
244;11:11:08;60.22;154.01;4847;129;-38.1;-29;200;0;yes;2476
244;11:11:21;59.84;155.66;4728;133;-46.2;-36;209;0;yes;2454
244;11:11:34;59.5;157.33;4625;112;-51.1;-41;217;0;yes;2437
244;11:11:47;59.01;159.29;4479;93;-55.1;-45;119;0;yes;2410
244;11:12:00;58.85;161.31;4438;79;-57.6;-47;113;0;yes;2405
244;11:12:13;58.96;163.0;4447;46;;;;0;no;2398
245;11:09:09;69.74;186.04;7537;87;;;;0;no;2484
245;11:09:22;69.67;187.39;7508;138;102.7;63;127;0;yes;2484
245;11:09:35;69.58;188.71;7449;158;92.8;60;129;0;yes;2476
245;11:09:48;69.55;189.89;7437;186;85.0;58;150;0;yes;2476
245;11:10:01;69.5;191.16;7416;204;74.3;53;163;0;yes;2476
245;11:10:14;69.49;192.41;7401;213;58.5;46;169;0;yes;2473
245;11:10:27;69.5;193.75;7407;222;9.9;12;173;0;yes;2473
245;11:10:42;69.53;195.06;7432;235;-18.3;-16;185;0;yes;2476
245;11:10:55;69.6;196.43;7457;237;-37.4;-42;178;0;yes;2476
245;11:11:08;69.65;197.62;7476;235;-46.8;-57;169;0;yes;2476
245;11:11:21;69.71;197.78;7435;130;-52.0;-67;118;0;yes;2454
245;11:11:34;69.64;198.88;7354;143;-58.6;-76;136;0;yes;2437
245;11:11:47;69.66;200.15;7284;154;-58.7;-72;140;0;yes;2410
245;11:12:00;69.71;201.34;7285;158;-54.1;-58;141;0;yes;2405
245;11:12:13;69.8;202.37;7300;137;-44.6;-38;134;0;yes;2398
245;11:12:26;69.8;203.79;7302;109;-48.4;-42;89;0;yes;2398
245;11:12:39;70.0;204.95;7370;104;-50.5;-43;82;0;yes;2395
245;11:12:52;70.16;205.85;7435;75;;;64;0;yes;2395
246;11:09:22;37.45;83.51;1959;58;;;;0;no;2484
246;11:09:35;36.21;84.34;1858;156;42.0;33;;0;yes;2476
246;11:09:48;34.39;85.46;1724;185;37.7;31;;0;yes;2476
246;11:10:01;32.26;86.37;1577;209;32.5;27;;0;yes;2476
246;11:10:14;30.49;88.07;1459;202;30.1;26;;0;yes;2473
246;11:10:27;28.72;89.72;1355;199;22.2;20;;0;yes;2473
246;11:10:42;26.43;92.04;1231;215;14.1;14;;0;yes;2476
246;11:10:55;24.99;91.9;1154;228;6.6;7;;0;yes;2476
246;11:11:08;23.07;92.77;1055;244;-20.8;-20;;0;yes;2476
246;11:11:21;20.86;94.79;935;212;-55.0;-58;;0;yes;2454
246;11:11:34;18.52;97.77;816;221;-73.7;-91;;0;yes;2437
246;11:11:47;16.19;102.12;700;207;-84.0;-114;;0;yes;2410
246;11:12:00;14.41;105.62;618;138;-87.9;-125;;0;yes;2405
246;11:12:13;12.48;113.91;531;80;-88.1;-119;;0;yes;2398
246;11:12:26;10.7;124.1;453;66;-89.3;-120;;0;yes;2398
246;11:12:39;9.63;139.21;406;50;-89.1;-111;;0;yes;2395
246;11:12:52;8.79;155.87;370;44;-83.1;-72;;0;yes;2395
246;11:13:06;8.74;176.24;368;50;;;;0;yes;2393
247;11:10:01;57.58;185.46;4328;59;;;62;0;yes;2476
247;11:10:14;57.71;187.6;4347;75;148.0;44;66;0;yes;2473
247;11:10:27;57.9;189.88;4382;92;133.4;43;85;0;yes;2473
247;11:10:42;58.16;192.19;4437;108;116.6;40;110;0;yes;2476
247;11:10:55;58.48;194.73;4497;118;99.0;36;129;0;yes;2476
247;11:11:08;58.72;196.91;4544;121;71.7;30;132;0;yes;2476
247;11:11:21;59.12;199.18;4583;131;37.0;18;146;0;yes;2454
247;11:11:34;59.6;201.33;4645;138;3.3;2;153;0;yes;2437
247;11:11:47;60.09;203.49;4693;137;-18.9;-12;150;0;yes;2410
247;11:12:00;60.6;205.5;4779;135;-35.1;-24;155;0;yes;2405
247;11:12:13;61.14;207.48;4875;120;-47.4;-35;152;0;yes;2398
247;11:12:26;61.63;209.31;4974;107;-53.2;-41;146;0;yes;2398
247;11:12:39;62.27;211.01;5104;87;-58.0;-46;128;0;yes;2395
247;11:12:52;62.9;212.68;5241;73;-61.6;-50;81;0;yes;2395
247;11:13:06;63.63;214.08;5404;33;;;;0;no;2393
248;11:10:14;50.2;82.84;3208;29;;;;0;no;2473
248;11:10:27;48.67;84.07;3022;77;3467.7;421;;0;yes;2473
248;11:10:42;46.81;84.73;2815;96;3296.4;443;;0;yes;2476
248;11:10:55;45.71;83.7;2698;86;2546.4;434;;0;yes;2476
248;11:11:08;44.82;77.79;2607;480;1849.1;410;;0;yes;2476
248;11:11:21;43.11;77.81;2418;517;1548.0;410;;0;yes;2454
248;11:11:34;41.02;79.05;2213;596;917.5;369;;0;yes;2437
248;11:11:47;39.0;79.33;2022;643;454.3;354;;0;yes;2410
248;11:12:00;36.88;80.4;1854;697;127.7;293;;0;yes;2405
248;11:12:13;34.7;80.34;1692;712;127.7;318;;0;yes;2398
248;11:12:26;32.47;80.87;1599;723;117.7;322;;0;no;2398
248;11:12:39;30.29;81.5;1506;750;111.2;324;;0;no;2395
248;11:12:52;30.55;73.26;1417;962;101.1;315;;0;yes;2395
248;11:13:06;28.83;70.86;1317;1027;81.3;278;;0;yes;2393
248;11:13:19;26.84;69.91;1211;1093;55.5;216;;0;yes;2393
248;11:13:34;24.76;68.87;1104;1144;25.4;123;;0;yes;2393
248;11:13:47;22.18;67.1;975;1180;16.8;86;;0;yes;2392
248;11:14:00;20.38;64.21;889;1188;10.7;57;;0;yes;2392
248;11:14:13;18.81;60.54;814;1179;5.2;29;;0;yes;2390
248;11:14:26;17.42;55.15;750;1170;0.8;5;;0;yes;2390
248;11:14:39;15.48;50.27;662;1199;2.4;14;;0;yes;2390
248;11:14:52;14.35;44.17;611;1172;5.7;34;;0;yes;2387
248;11:15:07;13.99;35.05;595;1124;9.6;56;;0;yes;2387
248;11:15:20;13.98;21.6;594;1069;14.3;82;;0;yes;2387
248;11:15:33;14.04;20.4;598;1238;19.5;111;;0;yes;2390
248;11:15:46;15.34;12.94;656;1252;24.6;140;;0;yes;2390
248;11:15:59;15.96;5.43;684;1278;29.0;166;;0;yes;2392
248;11:16:12;16.05;356.08;688;1315;28.9;168;;0;yes;2392
248;11:16:25;15.91;349.18;681;1359;24.8;150;;0;yes;2390
248;11:16:38;16.11;343.18;690;1406;21.7;134;;0;yes;2387
248;11:16:53;15.67;336.08;670;1464;16.9;108;;0;yes;2390
248;11:17:06;16.26;328.17;697;1462;10.4;69;;0;yes;2390
248;11:17:19;16.66;322.01;716;1472;2.8;20;;0;yes;2393
248;11:17:32;18.01;317.71;778;1464;-3.3;-24;;0;yes;2393
248;11:17:45;19.58;314.18;855;1461;-7.1;-52;;0;yes;2405
248;11:17:58;21.51;310.91;949;1438;-8.0;-59;;0;yes;2408
248;11:18:11;23.36;309.54;1040;1397;-7.6;-56;;0;yes;2408
248;11:18:24;24.45;309.03;1096;1376;-6.2;-46;;0;yes;2410
248;11:18:37;25.26;308.0;1137;1358;-3.9;-28;;0;yes;2410
248;11:18:50;25.46;305.05;1149;1387;-1.8;-13;;0;yes;2414
248;11:19:05;26.32;301.67;1195;1405;0.9;6;;0;yes;2416
248;11:19:18;27.29;298.47;1293;1417;-10.8;-74;;0;no;2416
248;11:19:31;28.27;295.68;1380;1397;-16.0;-113;;0;no;2417
248;11:19:44;29.93;293.93;1467;1358;-18.9;-136;;0;no;2417
248;11:19:57;31.75;292.39;1554;1329;-21.0;-151;;0;no;2419
248;11:20:10;33.4;290.86;1648;1303;-21.6;-155;;0;no;2425
248;11:20:23;34.84;289.59;1739;1262;-21.4;-151;;0;no;2427
248;11:20:38;36.36;288.67;1832;1224;-15.8;-99;;0;yes;2427
248;11:20:51;38.24;287.97;1977;1185;-15.8;-98;;0;yes;2428
248;11:21:04;39.59;286.99;2085;1153;-15.4;-95;;0;yes;2428
248;11:21:17;40.67;285.88;2178;1109;-15.2;-92;;0;yes;2431
248;11:21:31;41.87;284.9;2279;1090;-17.1;-102;;0;yes;2428
248;11:21:45;43.02;283.9;2386;1074;-18.1;-107;;0;yes;2431
248;11:21:58;44.37;282.77;2514;1048;-20.3;-117;;0;yes;2431
248;11:22:11;45.48;281.35;2625;1063;-21.7;-123;;0;yes;2431
248;11:22:24;46.51;281.27;2728;973;-26.4;-148;;0;yes;2428
248;11:22:37;47.61;280.77;2847;922;-30.5;-170;;0;yes;2428
248;11:22:50;48.72;280.45;2973;988;-31.8;-175;;0;yes;2428
248;11:23:03;49.73;280.67;3092;898;-32.9;-176;;0;yes;2428
248;11:23:16;50.72;280.93;3218;827;-32.4;-166;;0;yes;2431
248;11:23:29;51.65;280.54;3338;789;-32.1;-159;1379;0;yes;2431
248;11:23:42;52.59;279.78;3461;787;-31.0;-146;1336;0;yes;2428
248;11:23:55;53.52;279.33;3593;742;-30.0;-135;1249;0;yes;2428
248;11:24:08;54.31;278.58;3708;717;-36.2;-153;1161;0;yes;2428
248;11:24:21;55.07;277.89;3830;698;-42.4;-176;1086;0;yes;2431
248;11:24:34;55.8;277.3;3942;664;-45.7;-188;1019;0;yes;2428
248;11:24:47;56.58;276.74;4070;645;-46.4;-184;947;0;yes;2427
248;11:24:59;58.25;278.99;4344;512;-47.1;-180;588;0;yes;2415
248;11:25:12;58.91;278.33;4468;488;-46.7;-170;549;0;yes;2415
248;11:25:25;59.59;277.85;4603;486;-46.9;-159;515;0;yes;2415
248;11:25:40;60.21;277.68;4726;460;-51.7;-159;493;0;yes;2415
248;11:25:53;60.93;277.23;4860;433;-59.4;-161;464;0;yes;2413
248;11:26:06;61.53;277.2;4981;385;-68.4;-187;443;0;yes;2412
248;11:26:19;62.24;277.54;5129;337;-72.5;-199;413;0;yes;2410
248;11:26:32;62.82;277.14;5230;307;-73.6;-193;;0;no;2410
248;11:26:45;63.14;276.62;5321;227;-72.2;-172;200;0;yes;2406
248;11:26:58;63.53;276.42;5409;184;-72.1;-164;162;0;yes;2405
248;11:27:11;64.0;276.1;5522;159;-68.6;-138;142;0;yes;2405
248;11:27:24;64.5;275.93;5240;144;-58.6;-93;;0;no;2404
248;11:27:38;65.01;275.72;5335;116;;;;0;no;2403
248;11:27:51;65.58;275.54;5434;90;;;;0;no;2403
249;11:10:27;45.99;196.39;2723;50;;;;0;no;2473
249;11:10:42;46.92;199.05;2827;108;;;;1;no;2476
249;11:10:55;47.65;202.86;2908;144;;;;1;no;2476
249;11:11:08;48.3;206.03;2982;151;;;;1;no;2476
249;11:11:21;49.16;210.22;3057;210;20.3;17;;1;no;2454
249;11:11:34;49.88;211.69;3121;179;17.6;15;;0;yes;2437
249;11:11:47;50.46;213.85;3159;179;9.7;9;;0;yes;2410
249;11:12:00;50.98;216.22;3216;213;-3.4;-2;;0;yes;2405
249;11:12:13;51.73;218.48;3305;195;-32.7;-28;;0;yes;2398
249;11:12:26;52.44;220.86;3398;194;-59.8;-59;;0;yes;2398
249;11:12:39;53.18;223.0;3495;171;-71.8;-80;;0;yes;2395
249;11:12:52;53.76;224.93;3578;145;-75.2;-87;;0;yes;2395
249;11:13:06;53.01;226.44;3698;185;-74.4;-84;;1;no;2393
249;11:13:19;55.33;225.31;3810;62;-70.1;-73;79;0;yes;2393
249;11:13:34;55.87;226.87;3895;64;-60.7;-54;80;0;yes;2393
249;11:13:47;56.58;228.36;4011;77;-43.9;-31;83;0;yes;2392
249;11:14:00;57.24;229.68;4123;79;-23.2;-11;88;0;yes;2392
249;11:14:13;57.95;230.79;4243;77;-6.2;-2;81;0;yes;2390
249;11:14:26;58.67;231.96;4377;73;-13.3;-5;79;0;yes;2390
249;11:14:39;59.41;233.01;4519;55;-25.7;-11;58;0;yes;2390
249;11:14:52;60.22;234.12;4672;33;;;;0;no;2387
250;11:10:42;16.4;207.8;1004;45;;;;0;no;2476
250;11:10:55;27.49;284.93;1067;2683;;;;0;no;2476
250;11:11:08;28.27;285.61;1127;2621;;;;0;no;2476
250;11:11:21;29.83;285.24;1191;2559;-10.0;-127;;0;no;2454
250;11:11:34;30.99;286.03;1469;2467;-10.8;-136;;0;yes;2437
250;11:11:47;31.95;286.55;1515;2413;-12.0;-150;;0;yes;2410
250;11:12:00;32.98;286.87;1579;2376;-13.0;-163;;0;yes;2405
250;11:12:13;33.38;287.36;1601;2317;-14.6;-180;;0;yes;2398
250;11:12:26;34.13;287.17;1652;2286;-15.8;-194;;0;yes;2398
250;11:12:39;34.9;287.45;1704;2230;-16.1;-196;;0;yes;2395
250;11:12:52;35.73;287.66;1763;2179;-15.7;-188;;0;yes;2395
250;11:13:06;36.78;287.61;1837;2132;-14.6;-170;;0;yes;2393
250;11:13:19;37.77;287.7;1912;2096;-13.6;-156;;0;yes;2393
250;11:13:34;38.89;287.31;1999;2074;-12.1;-135;;0;yes;2393
250;11:13:47;39.93;286.66;2082;2048;-10.9;-118;;0;yes;2392
250;11:14:00;40.98;286.08;2169;2020;-10.1;-108;;0;yes;2392
250;11:14:13;42.11;285.49;2265;1997;-9.6;-101;;0;yes;2390
250;11:14:26;43.16;284.81;2359;1979;-9.6;-100;;0;yes;2390
250;11:14:39;44.11;284.04;2447;1961;-10.2;-105;;0;yes;2390
250;11:14:52;45.09;283.45;2539;1936;-10.2;-104;;0;yes;2387
250;11:15:07;46.13;282.62;2644;1918;-9.8;-98;;0;yes;2387
250;11:15:20;47.06;281.93;2740;1893;-8.9;-88;;0;yes;2387
250;11:15:33;47.81;281.65;2824;1844;-7.5;-74;;0;yes;2390
250;11:15:46;48.7;281.23;2924;1843;6.6;70;;0;yes;2390
250;11:15:59;49.57;280.92;3028;1841;19.6;186;;0;yes;2392
250;11:16:12;50.55;280.63;3146;1833;29.6;266;;0;yes;2392
250;11:16:25;51.56;280.25;3271;1826;35.3;308;;0;yes;2390
250;11:16:38;52.65;279.84;3411;2281;34.2;299;;0;yes;2387
250;11:16:53;53.54;279.43;3539;2286;27.6;246;;0;yes;2390
250;11:17:06;54.73;278.97;3714;2254;17.1;157;;0;yes;2390
250;11:17:19;55.63;278.74;3857;2248;4.4;38;;0;yes;2393
250;11:17:32;56.39;278.61;3979;2223;-10.6;-122;;0;yes;2393
250;11:17:45;57.01;278.35;4104;2168;-14.4;-165;;0;yes;2405
250;11:17:58;57.54;277.97;4203;2128;-16.1;-185;2833;0;yes;2408
250;11:18:11;58.16;277.41;4314;2106;-18.0;-205;2755;0;yes;2408
250;11:18:24;58.67;276.87;4413;2046;-19.6;-220;2626;0;yes;2410
250;11:18:37;59.28;276.21;4531;1967;-20.9;-231;2448;0;yes;2410
250;11:18:50;59.66;275.8;4613;1968;-22.0;-239;2519;0;yes;2414
250;11:19:05;60.27;274.89;4738;1887;-22.7;-242;2438;0;yes;2416
250;11:19:18;60.83;274.14;4849;1820;-22.4;-232;2420;0;yes;2416
250;11:19:31;61.41;273.35;4967;1761;-22.8;-231;2400;0;yes;2417
250;11:19:44;61.83;272.84;5055;1724;-23.2;-229;2287;0;yes;2417
250;11:19:57;62.21;272.58;5140;1681;-21.8;-207;2206;0;yes;2419
250;11:20:10;62.65;272.28;5252;1642;-20.7;-190;2150;0;yes;2425
250;11:20:23;63.06;271.92;5348;1576;-20.1;-179;2045;0;yes;2427
250;11:20:38;63.5;271.66;5452;1548;-19.8;-173;1978;0;yes;2427
250;11:20:51;63.97;271.27;5569;1518;-19.1;-162;1883;0;yes;2428
250;11:21:04;64.42;271.1;5680;1483;-20.0;-165;1800;0;yes;2428
250;11:21:17;64.79;270.77;5783;1450;-20.6;-165;1758;0;yes;2431
250;11:21:31;65.21;270.48;5887;1413;-23.7;-187;1700;0;yes;2428
250;11:21:45;65.6;270.22;6001;1387;-26.8;-208;1649;0;yes;2431
250;11:21:58;66.1;269.72;6143;1312;-31.5;-241;1583;0;yes;2431
250;11:22:11;66.53;269.54;6271;1282;-37.5;-282;1551;0;yes;2431
250;11:22:24;67.02;269.21;6411;1204;-42.0;-312;1520;0;yes;2428
250;11:22:37;67.47;269.13;6555;1142;-45.0;-327;1481;0;yes;2428
250;11:22:50;68.9;269.12;7047;944;-46.5;-334;1420;0;yes;2428
250;11:23:03;69.38;269.03;7226;846;-48.8;-350;1250;0;yes;2428
250;11:23:16;70.38;267.49;6793;647;-49.6;-348;;0;no;2431
250;11:23:29;70.69;266.75;6896;517;;;;0;no;2431
250;11:23:42;70.86;266.43;6997;434;;;;0;no;2428
250;11:23:55;71.26;265.37;7100;318;;;;0;no;2428
250;11:24:08;71.53;265.15;7205;255;;;;0;no;2428
250;11:24:21;71.69;264.97;7315;162;;;;0;no;2431
251;11:10:55;38.82;64.92;2063;28;;;;0;no;2476
251;11:11:08;36.95;62.69;1914;83;389.9;129;;0;yes;2476
251;11:11:21;35.19;59.53;1767;124;288.2;112;;0;yes;2454
251;11:11:34;33.01;57.46;1602;175;214.6;96;;0;yes;2437
251;11:11:47;30.93;55.21;1449;225;158.6;80;;0;yes;2410
251;11:12:00;28.77;52.73;1320;270;91.0;58;;0;yes;2405
251;11:12:13;26.72;48.71;1207;265;42.2;33;;0;yes;2398
251;11:12:26;25.01;44.36;1119;233;12.4;11;;0;yes;2398
251;11:12:39;23.07;39.37;1020;220;-5.3;-6;;0;yes;2395
251;11:12:52;21.21;33.53;929;213;-21.0;-24;;0;yes;2395
251;11:13:06;19.36;25.38;841;225;-43.6;-50;;0;yes;2393
251;11:13:19;18.07;16.45;781;235;-59.8;-73;;0;yes;2393
251;11:13:34;17.13;6.47;738;221;-71.5;-92;;0;yes;2393
251;11:13:47;16.63;353.09;714;168;-77.3;-108;;0;yes;2392
251;11:14:00;17.45;343.41;752;115;-82.9;-127;;0;yes;2392
251;11:14:13;19.27;335.3;835;76;-87.9;-149;;0;yes;2390
251;11:14:26;21.01;328.73;918;56;;;;0;yes;2390
252;11:10:55;64.73;87.71;5875;60;;;61;0;yes;2476
252;11:11:08;63.86;88.01;5652;86;440.0;93;160;0;yes;2476
252;11:11:21;62.93;88.65;5379;72;356.8;87;148;0;yes;2454
252;11:11:34;63.54;90.32;5482;128;286.1;80;256;0;yes;2437
252;11:11:47;62.76;91.11;5245;172;226.3;72;239;0;yes;2410
252;11:12:00;61.98;91.53;5061;181;160.1;61;240;0;yes;2405
252;11:12:13;61.26;91.94;4899;155;93.0;45;219;0;yes;2398
252;11:12:26;60.67;91.5;4780;159;28.8;20;152;0;yes;2398
252;11:12:39;59.68;91.68;4582;179;2.6;2;155;0;yes;2395
252;11:12:52;58.65;92.09;4381;189;-10.5;-9;176;0;yes;2395
252;11:13:06;57.48;92.38;4165;185;-26.5;-24;201;0;yes;2393
252;11:13:19;56.27;92.54;3961;164;-32.3;-31;195;0;yes;2393
252;11:13:34;55.15;93.34;3782;149;-37.3;-36;190;0;yes;2393
252;11:13:47;53.79;94.63;3578;107;-42.8;-43;;0;yes;2392
252;11:14:00;52.52;95.6;3402;65;;;;0;no;2392
253;11:11:08;64.3;1.51;5762;690;;;875;0;yes;2476
253;11:11:21;64.45;0.84;5751;671;-25.2;-90;658;0;yes;2454
253;11:11:34;64.46;359.95;5712;654;-31.4;-114;686;0;yes;2437
253;11:11:47;64.42;359.04;5640;660;-31.7;-114;719;0;yes;2410
253;11:12:00;64.39;358.15;5618;616;-30.1;-106;719;0;yes;2405
253;11:12:13;64.32;356.88;5587;566;-27.2;-94;621;0;yes;2398
253;11:12:26;63.69;354.66;5432;471;-22.5;-75;475;0;yes;2398
253;11:12:39;63.6;353.44;5405;508;-15.3;-49;506;0;yes;2395
253;11:12:52;63.46;352.26;5371;523;-7.5;-23;521;0;yes;2395
253;11:13:06;63.75;352.34;5433;575;-3.3;-9;643;0;yes;2393
253;11:13:19;63.6;351.36;5399;557;-6.0;-15;547;0;yes;2393
253;11:13:34;63.48;350.42;5369;548;-13.3;-36;545;0;yes;2393
253;11:13:47;63.24;349.18;5313;533;-19.1;-53;531;0;yes;2392
253;11:14:00;63.13;348.39;5288;508;-23.2;-66;531;0;yes;2392
253;11:14:13;63.07;347.61;5270;477;-23.2;-65;483;0;yes;2390
253;11:14:26;63.17;346.92;5293;456;-20.7;-57;476;0;yes;2390
253;11:14:39;63.34;346.23;5331;450;-15.9;-42;461;0;yes;2390
253;11:14:52;63.5;345.3;5362;460;-10.8;-27;479;0;yes;2387
253;11:15:07;63.73;344.67;5417;450;-9.2;-22;528;0;yes;2387
253;11:15:20;63.72;343.46;5415;458;-18.3;-42;557;0;yes;2387
253;11:15:33;63.57;342.3;5385;444;-41.2;-94;552;0;yes;2390
253;11:15:46;63.56;341.06;5382;452;-65.0;-158;542;0;yes;2390
253;11:15:59;63.52;339.86;5379;420;-77.3;-205;502;0;yes;2392
253;11:16:12;63.81;339.4;5447;353;-83.4;-232;519;0;yes;2392
253;11:16:25;64.22;339.28;5542;237;-87.1;-259;438;0;yes;2390
253;11:16:38;64.11;338.17;5510;150;-90.1;-282;305;0;yes;2387
253;11:16:53;64.22;336.77;5543;115;-91.8;-288;133;0;yes;2390
253;11:17:06;64.53;335.37;5618;90;;;86;0;yes;2390
254;11:11:08;76.83;20.82;11853;98;;;72;0;yes;2476
254;11:11:21;76.75;20.27;11672;83;178.6;68;66;0;yes;2454
254;11:11:34;76.68;19.72;11529;136;145.0;61;99;0;yes;2437
254;11:11:47;76.53;19.19;11274;153;116.7;54;115;0;yes;2410
254;11:12:00;76.48;18.66;11197;165;97.8;48;146;0;yes;2405
254;11:12:13;76.41;18.15;11108;178;62.9;38;169;0;yes;2398
254;11:12:26;76.33;17.62;11045;169;39.7;28;180;0;yes;2398
254;11:12:39;76.22;17.04;10938;179;24.8;19;193;0;yes;2395
254;11:12:52;76.19;16.53;10909;184;15.4;13;220;0;yes;2395
254;11:13:06;76.11;15.96;10835;189;7.8;7;235;0;yes;2393
254;11:13:19;76.0;15.38;10752;189;0.9;1;247;0;yes;2393
254;11:13:34;75.96;14.72;10713;190;-4.2;-4;247;0;yes;2393
254;11:13:47;75.84;13.98;10619;185;-8.5;-8;229;0;yes;2392
254;11:14:00;75.93;13.48;10689;175;-12.0;-12;133;0;yes;2392
254;11:14:13;75.86;12.86;10624;179;-15.0;-14;136;0;yes;2390
254;11:14:26;75.75;12.24;10542;179;-16.2;-16;135;0;yes;2390
254;11:14:39;75.71;11.64;10511;170;-16.2;-15;136;0;yes;2390
254;11:14:52;75.63;11.01;10440;154;-16.1;-15;132;0;yes;2387
254;11:15:07;75.54;10.37;10367;97;;;;0;no;2387
255;11:11:08;65.41;30.0;6061;52;;;;0;no;2476
255;11:11:21;64.66;28.2;5804;191;98.3;101;183;0;yes;2454
255;11:11:34;64.3;26.68;5670;277;98.3;101;255;0;yes;2437
255;11:11:47;63.9;25.4;5509;362;98.3;101;324;0;yes;2410
255;11:12:00;63.62;25.89;5431;533;243.3;271;;1;no;2405
255;11:12:13;63.21;24.37;5321;561;286.9;323;;1;no;2398
255;11:12:26;62.82;23.06;5230;606;308.8;345;;1;no;2398
255;11:12:39;62.38;21.71;5127;642;274.9;333;;1;no;2395
255;11:12:52;61.93;20.3;5031;675;199.7;290;;1;no;2395
255;11:13:06;61.49;18.79;4933;719;115.5;213;;1;no;2393
255;11:13:19;61.06;17.34;4846;751;8.6;32;793;0;yes;2393
255;11:13:34;60.74;16.01;4784;774;7.7;29;841;0;yes;2393
255;11:13:47;60.48;14.63;4732;789;7.0;26;892;0;yes;2392
255;11:14:00;60.23;13.3;4684;793;5.9;22;890;0;yes;2392
255;11:14:13;60.01;11.78;4638;800;4.8;19;884;0;yes;2390
255;11:14:26;61.01;12.92;4523;1029;4.1;16;;1;no;2390
255;11:14:39;61.04;12.11;4471;1070;;;;1;no;2390
255;11:14:52;60.99;11.26;4414;1086;;;;1;no;2387
255;11:15:07;60.82;10.84;4366;1120;;;;1;no;2387
255;11:15:20;56.16;9.43;4315;31;;;;0;no;2387
256;11:11:21;77.92;33.03;12849;754;;;;0;yes;2454
256;11:11:34;77.84;32.56;12663;789;25.1;94;;0;yes;2437
256;11:11:47;77.74;32.01;12418;812;27.6;104;;0;yes;2410
256;11:12:00;77.65;31.48;12299;836;30.5;115;;0;yes;2405
256;11:12:13;77.56;30.84;12177;856;32.2;123;;0;yes;2398
256;11:12:26;77.48;30.33;12093;893;35.6;138;;0;yes;2398
256;11:12:39;77.38;29.79;11982;922;36.8;146;;0;yes;2395
256;11:12:52;77.28;29.29;11882;964;36.0;147;;0;yes;2395
256;11:13:06;77.17;28.7;11766;999;34.5;146;;0;yes;2393
256;11:13:19;77.06;28.11;11663;1031;31.7;140;670;0;yes;2393
256;11:13:34;76.95;27.48;11562;1060;28.7;132;711;0;yes;2393
256;11:13:47;76.82;26.74;11444;1088;24.9;119;743;0;yes;2392
256;11:14:00;76.72;26.12;11352;1116;21.6;107;760;0;yes;2392
256;11:14:13;76.62;25.45;11256;1141;18.3;94;778;0;yes;2390
256;11:14:26;76.53;24.86;11171;1159;16.1;85;797;0;yes;2390
256;11:14:39;76.43;24.25;11092;1173;15.0;82;821;0;yes;2390
256;11:14:52;76.34;23.64;11006;1183;14.2;79;825;0;yes;2387
256;11:15:07;76.26;23.03;10937;1198;19.3;110;830;0;yes;2387
256;11:15:20;76.16;22.33;10857;1219;16.7;96;819;0;yes;2387
256;11:15:33;76.18;23.2;10883;1382;15.1;88;874;0;yes;2390
256;11:15:46;75.99;21.03;10730;1249;13.1;77;889;0;yes;2390
256;11:15:59;75.9;20.34;10671;1264;9.8;59;928;0;yes;2392
256;11:16:12;75.94;21.73;10698;1469;6.1;37;959;0;yes;2392
256;11:16:25;75.88;21.31;10641;1488;15.8;103;973;0;yes;2390
256;11:16:38;75.73;18.48;10512;1269;25.2;163;957;0;yes;2387
256;11:16:53;75.66;17.87;10468;1296;33.1;210;941;0;yes;2390
256;11:17:06;75.58;17.21;10406;1303;46.9;282;947;0;yes;2390
256;11:17:19;75.53;19.35;10386;1593;51.0;309;1016;0;yes;2393
256;11:17:32;75.45;18.81;10326;1630;51.5;316;1058;0;yes;2393
256;11:17:45;75.33;18.29;10289;1667;46.2;294;1093;0;yes;2405
256;11:17:58;75.22;17.72;10218;1697;35.4;242;1125;0;yes;2408
256;11:18:11;75.18;16.7;10191;1761;19.6;154;1157;0;yes;2408
256;11:18:24;75.12;15.93;10159;1783;23.3;189;1164;0;yes;2410
256;11:18:37;75.06;15.2;10117;1799;25.8;213;1159;0;yes;2410
256;11:18:50;75.04;14.49;10120;1835;27.5;230;1167;0;yes;2414
256;11:19:05;74.99;13.71;10095;1859;27.7;237;1168;0;yes;2416
256;11:19:18;75.14;11.03;10201;2031;28.0;242;1226;0;yes;2416
256;11:19:31;75.11;10.19;10182;2061;26.4;232;1254;0;yes;2417
256;11:19:44;75.1;9.32;10173;2101;22.1;201;1274;0;yes;2417
256;11:19:57;75.09;8.57;10175;2131;17.3;164;1270;0;yes;2419
256;11:20:10;75.06;7.8;10179;2155;11.3;114;1313;0;yes;2425
256;11:20:23;75.04;6.93;10172;2173;9.8;101;1327;0;yes;2427
256;11:20:38;75.03;6.15;10166;2188;7.9;83;1344;0;yes;2427
256;11:20:51;75.05;5.23;10183;2217;6.3;67;1362;0;yes;2428
256;11:21:04;75.04;4.55;10178;2239;4.8;52;1364;0;yes;2428
256;11:21:17;75.0;3.86;10158;2247;3.9;43;1372;0;yes;2431
256;11:21:31;74.95;3.34;10112;2243;3.1;34;1341;0;yes;2428
256;11:21:45;74.92;2.97;10102;2242;2.7;30;1336;0;yes;2431
256;11:21:58;74.88;2.4;10073;2242;3.3;37;1345;0;yes;2431
256;11:22:11;74.87;1.81;10071;2263;4.6;51;1353;0;yes;2431
256;11:22:24;74.84;1.09;10037;2266;6.0;67;1342;0;yes;2428
256;11:22:37;74.83;0.38;10026;2287;6.7;74;1350;0;yes;2428
256;11:22:50;74.79;359.64;10003;2311;6.9;77;1377;0;yes;2428
256;11:23:03;74.77;358.9;9988;2330;6.6;74;1403;0;yes;2428
256;11:23:16;74.75;358.2;9982;2355;6.3;71;1443;0;yes;2431
256;11:23:29;74.75;357.44;9985;2356;5.5;62;1454;0;yes;2431
256;11:23:42;74.73;356.68;9964;2369;4.6;53;1503;0;yes;2428
256;11:23:55;74.71;356.05;9950;2380;4.0;47;1500;0;yes;2428
256;11:24:08;74.68;355.43;9927;2391;3.5;41;1529;0;yes;2428
256;11:24:21;74.65;354.85;9916;2401;3.2;37;1574;0;yes;2431
256;11:24:34;74.63;354.18;9891;2406;2.4;29;1608;0;yes;2428
256;11:24:47;74.59;353.52;9861;2421;1.7;20;1617;0;yes;2427
256;11:24:59;74.58;352.85;9810;2419;0.3;3;1682;0;yes;2415
256;11:25:12;74.59;352.08;9812;2417;-1.5;-18;1745;0;yes;2415
256;11:25:25;74.57;351.37;9801;2415;-2.6;-32;1771;0;yes;2415
256;11:25:40;73.52;356.78;9804;1534;-45.5;-476;;0;no;2415
256;11:25:53;74.58;349.85;9797;2360;-65.5;-814;1824;0;yes;2413
256;11:26:06;74.57;349.17;9789;2343;-75.6;-1059;;0;no;2412
256;11:26:19;73.34;354.87;9663;1387;-80.6;-1205;;0;no;2410
256;11:26:32;73.28;354.21;9541;1352;-82.5;-1246;;0;no;2410
256;11:26:45;73.23;353.68;9402;1294;-81.7;-1157;;0;no;2406
256;11:26:58;73.81;348.78;9279;908;-80.6;-996;1040;0;yes;2405
256;11:27:11;73.92;347.6;9345;817;-77.6;-736;671;0;yes;2405
256;11:27:24;73.87;346.57;9308;724;-69.4;-347;589;0;yes;2404
256;11:27:38;73.93;345.49;9341;647;-75.2;-368;536;0;yes;2403
256;11:27:51;73.81;343.53;9268;486;-79.6;-375;450;0;yes;2403
256;11:28:04;73.98;343.18;9367;383;-81.8;-360;412;0;yes;2400
256;11:28:17;74.19;342.65;9494;323;-82.4;-323;341;0;yes;2400
256;11:28:30;74.34;342.01;9571;274;-81.8;-266;250;0;yes;2395
256;11:28:43;74.42;341.32;9602;222;-80.3;-200;163;0;yes;2391
256;11:28:56;74.49;340.55;9640;195;-79.5;-172;154;0;yes;2388
256;11:29:09;74.57;339.76;9666;168;-79.5;-156;141;0;yes;2382
256;11:29:22;74.66;338.69;9698;109;-79.6;-142;100;0;yes;2375
256;11:29:37;74.77;337.81;9772;74;;;74;0;yes;2375
257;11:11:34;65.97;17.14;6120;85;;;;0;no;2437
257;11:11:47;65.33;13.26;5947;349;;;;1;no;2410
257;11:12:00;65.25;11.04;5833;294;62.3;112;;0;no;2405
257;11:12:13;64.84;11.84;5719;417;80.7;144;461;0;yes;2398
257;11:12:26;64.26;11.97;5572;390;89.7;162;415;0;yes;2398
257;11:12:39;64.02;10.69;5505;470;91.2;169;565;0;yes;2395
257;11:12:52;63.75;9.34;5440;542;103.2;192;684;0;yes;2395
257;11:13:06;63.42;7.83;5355;600;97.5;192;788;0;yes;2393
257;11:13:19;63.15;6.32;5294;644;83.6;180;878;0;yes;2393
257;11:13:34;62.98;4.79;5254;681;66.5;159;950;0;yes;2393
257;11:13:47;62.78;3.02;5209;715;45.5;124;1011;0;yes;2392
257;11:14:00;62.62;1.41;5173;729;31.1;94;1061;0;yes;2392
257;11:14:13;62.52;359.75;5146;749;19.5;64;1106;0;yes;2390
257;11:14:26;62.43;358.09;5126;772;10.7;37;1166;0;yes;2390
257;11:14:39;62.34;356.42;5107;777;0.8;3;1152;0;yes;2390
257;11:14:52;62.31;354.76;5095;766;-8.7;-32;1123;0;yes;2387
257;11:15:07;62.39;353.24;5113;755;-17.7;-69;1110;0;yes;2387
257;11:15:20;62.54;351.44;5146;752;-26.7;-106;1089;0;yes;2387
257;11:15:33;62.79;350.15;5205;706;-37.4;-151;1041;0;yes;2390
257;11:15:46;63.05;348.93;5264;664;-49.4;-202;1054;0;yes;2390
257;11:15:59;63.44;347.83;5359;631;-62.4;-257;1021;0;yes;2392
257;11:16:12;63.67;346.58;5413;576;-72.5;-299;1002;0;yes;2392
257;11:16:25;63.83;345.44;5447;491;-80.7;-324;597;0;yes;2390
257;11:16:38;63.87;343.99;5451;404;-84.0;-344;533;0;yes;2387
257;11:16:53;64.02;342.8;5493;302;-87.1;-366;421;0;yes;2390
257;11:17:06;63.56;340.46;5381;160;-89.7;-376;185;0;yes;2390
257;11:17:19;63.64;338.56;5407;117;;;121;0;yes;2393
258;11:11:34;77.61;24.36;12419;171;;;186;0;yes;2437
258;11:11:47;77.49;23.73;12171;221;129.9;116;237;0;yes;2410
258;11:12:00;77.44;23.03;12085;265;121.8;115;231;0;yes;2405
258;11:12:13;77.31;22.39;11925;298;119.0;119;237;0;yes;2398
258;11:12:26;77.21;21.75;11830;322;116.1;122;259;0;yes;2398
258;11:12:39;77.11;21.11;11719;342;100.0;117;291;0;yes;2395
258;11:12:52;77.01;20.52;11626;368;80.5;105;329;0;yes;2395
258;11:13:06;76.88;19.8;11498;405;59.9;88;372;0;yes;2393
258;11:13:19;76.74;19.11;11372;436;42.8;69;430;0;yes;2393
258;11:13:34;76.61;18.45;11256;454;27.1;47;470;0;yes;2393
258;11:13:47;76.46;17.63;11122;462;11.0;21;511;0;yes;2392
258;11:14:00;76.41;16.91;11084;440;-2.6;-6;525;0;yes;2392
258;11:14:13;76.39;16.23;11051;431;-8.7;-19;552;0;yes;2390
258;11:14:26;76.34;15.58;11010;405;-11.5;-26;426;0;yes;2390
258;11:14:39;76.77;13.96;10855;530;-14.1;-32;;1;no;2390
258;11:14:52;75.43;13.35;10766;63;;;;0;no;2387
259;11:11:34;67.1;36.9;6736;88;;;;0;no;2437
259;11:11:47;67.46;33.93;6505;288;;;;1;no;2410
259;11:12:00;67.07;32.71;6367;326;;;;1;no;2405
259;11:12:13;66.65;31.71;6224;348;;;;1;no;2398
259;11:12:26;66.4;30.63;6148;394;;;;1;no;2398
259;11:12:39;64.56;32.03;6060;189;;;;0;no;2395
259;11:12:52;65.85;28.17;5982;417;3.9;8;;1;no;2395
259;11:13:06;65.64;26.71;5919;424;3.9;8;627;0;yes;2393
259;11:13:19;65.45;25.33;5866;437;3.9;8;667;0;yes;2393
259;11:13:34;65.29;23.98;5700;440;3.9;8;;0;no;2393
259;11:13:47;65.4;22.57;5528;429;;;;0;no;2392
259;11:14:00;65.16;21.59;5374;460;;;;0;no;2392
259;11:14:13;64.88;20.84;5218;496;;;;0;no;2390
259;11:14:26;61.01;12.92;5078;1029;;;;1;no;2390
259;11:14:39;61.04;12.11;4950;1070;;;;1;no;2390
259;11:14:52;60.99;11.26;4822;1086;;;;1;no;2387
259;11:15:07;60.83;10.84;4790;1119;-29.0;-178;;1;no;2387
259;11:15:20;60.77;10.24;4778;1183;-52.5;-343;1321;0;yes;2387
259;11:15:33;60.61;9.74;4751;1155;-57.6;-386;1309;0;yes;2390
259;11:15:46;59.49;0.85;4680;808;-57.9;-384;;0;no;2390
259;11:15:59;59.59;359.4;4623;770;-60.3;-405;;0;no;2392
259;11:16:12;59.59;357.45;4586;679;-60.0;-393;;0;no;2392
259;11:16:25;59.59;355.92;4554;655;-56.6;-347;738;0;yes;2390
259;11:16:38;59.59;354.34;4548;644;-48.9;-265;696;0;yes;2387
259;11:16:53;59.57;352.72;4550;629;-36.7;-153;691;0;yes;2390
259;11:17:06;59.61;350.76;4557;600;-29.4;-99;666;0;yes;2390
259;11:17:19;59.59;349.08;4558;576;-34.4;-116;633;0;yes;2393
259;11:17:32;59.65;347.15;4570;557;-41.4;-139;631;0;yes;2393
259;11:17:45;59.66;345.26;4596;507;-53.0;-175;597;0;yes;2405
259;11:17:58;59.64;343.61;4598;475;-63.4;-206;574;0;yes;2408
259;11:18:11;59.68;341.83;4606;452;-71.8;-230;544;0;yes;2408
259;11:18:24;59.65;339.88;4605;392;-78.7;-245;465;0;yes;2410
259;11:18:37;59.72;337.86;4619;298;-81.6;-254;391;0;yes;2410
259;11:18:50;59.88;336.03;4659;235;-84.7;-269;330;0;yes;2414
259;11:19:05;60.1;334.54;4708;143;-87.5;-281;259;0;yes;2416
259;11:19:18;60.56;332.73;4796;114;;;154;0;yes;2416
260;11:11:34;70.08;96.12;6094;1266;;;;0;no;2437
260;11:11:47;69.13;95.66;5916;1331;;;;0;no;2410
260;11:12:00;68.66;95.35;5790;1324;;;;0;no;2405
260;11:12:13;68.21;95.27;5655;1309;;;;0;no;2398
260;11:12:26;67.75;95.15;5543;1260;;;;0;no;2398
260;11:12:39;67.15;94.82;5423;1234;;;;0;no;2395
260;11:12:52;66.53;94.8;5310;1223;31.4;122;;0;no;2395
260;11:13:06;64.05;92.43;5507;824;36.1;140;755;0;yes;2393
260;11:13:19;63.35;92.65;5340;856;39.0;153;782;0;yes;2393
260;11:13:34;62.71;92.98;5195;913;41.1;163;867;0;yes;2393
260;11:13:47;61.91;93.24;5020;968;44.9;182;980;0;yes;2392
260;11:14:00;61.23;93.61;4879;1017;45.9;190;940;0;yes;2392
260;11:14:13;60.48;93.99;4728;1061;42.4;183;1003;0;yes;2390
260;11:14:26;59.72;94.5;4579;1107;38.2;174;1080;0;yes;2390
260;11:14:39;58.92;95.01;4424;1145;31.3;151;1190;0;yes;2390
260;11:14:52;58.09;95.5;4265;1170;26.7;136;1246;0;yes;2387
260;11:15:07;57.22;95.93;4111;1189;23.5;124;1285;0;yes;2387
260;11:15:20;56.2;96.53;3941;1225;20.6;113;1407;0;yes;2387
260;11:15:33;55.23;97.01;3789;1234;18.3;104;1484;0;yes;2390
260;11:15:46;54.22;97.56;3637;1270;17.0;98;1603;0;yes;2390
260;11:15:59;53.21;98.18;3496;1296;14.7;87;1647;0;yes;2392
260;11:16:12;52.14;98.55;3351;1311;11.5;70;1781;0;yes;2392
260;11:16:25;51.06;99.11;3207;1318;7.4;46;;0;yes;2390
260;11:16:38;49.97;99.44;3069;1339;0.8;6;;0;yes;2387
260;11:16:53;48.77;99.4;2931;1357;-4.0;-26;;0;yes;2390
260;11:17:06;47.27;99.42;2766;1355;-6.6;-44;;0;yes;2390
260;11:17:19;45.93;98.95;2629;1241;-8.8;-60;;0;yes;2393
260;11:17:32;44.43;98.19;2481;1260;-11.5;-79;;0;yes;2393
260;11:17:45;42.86;97.49;2394;1255;-13.4;-93;;0;no;2405
260;11:17:58;41.2;96.65;2297;1259;;;;0;no;2408
260;11:18:11;39.42;95.38;2194;1244;;;;0;no;2408
260;11:18:24;37.49;94.7;2096;1211;;;;0;no;2410
260;11:18:37;37.64;93.52;1995;1358;;;;0;no;2410
260;11:18:50;36.45;92.73;1898;1402;;;;0;no;2414
260;11:19:05;34.83;90.74;1799;1364;;;;0;no;2416
260;11:19:18;33.07;88.8;1683;1383;;;;0;no;2416
260;11:19:31;31.4;88.42;1584;1408;;;;0;no;2417
260;11:19:44;29.73;87.38;1486;1448;;;;0;no;2417
260;11:19:57;28.05;85.89;1395;1510;;;;0;no;2419
260;11:20:10;26.06;84.31;1303;1576;;;;0;no;2425
260;11:20:23;24.14;82.28;1210;1639;;;;0;no;2427
260;11:20:38;22.44;78.34;1116;1675;;;;0;no;2427
260;11:20:51;20.93;75.53;1007;1680;;;;0;no;2428
260;11:21:04;19.81;73.75;916;1685;0.7;6;;0;no;2428
260;11:21:17;18.94;72.01;834;1673;0.2;1;;0;yes;2431
260;11:21:31;17.24;71.71;754;1691;-5.1;-43;;0;yes;2428
260;11:21:45;15.85;73.41;690;1694;-11.3;-95;;0;yes;2431
260;11:21:58;13.94;75.33;603;1677;-16.6;-142;;0;yes;2431
260;11:22:11;11.91;76.77;513;1683;-19.7;-172;;0;yes;2431
260;11:22:24;19.26;100.92;848;1451;-22.5;-199;;0;yes;2428
260;11:22:37;18.24;102.37;800;1446;-25.7;-232;;0;yes;2428
260;11:22:50;17.21;104.9;133;1419;-28.6;-262;;0;no;2428
260;11:23:03;17.01;109.36;57;1314;;;;0;no;2428
260;11:23:16;16.06;113.42;114;1246;;;;0;no;2431
260;11:23:29;16.01;108.69;217;1158;;;;0;no;2431
260;11:23:42;15.38;113.27;329;1075;;;;0;no;2428
260;11:23:55;13.89;118.77;438;972;;;;0;no;2428
260;11:24:08;13.19;158.42;549;746;;;;0;no;2428
260;11:24:21;13.24;178.87;658;735;;;;0;no;2431
260;11:24:34;22.25;263.21;769;1583;;;;1;no;2428
260;11:24:47;9.96;9.99;879;267;;;;0;no;2427
260;11:24:59;13.67;342.73;981;340;;;;0;no;2415
261;11:11:47;76.14;10.67;10940;1398;;;1078;0;yes;2410
261;11:12:00;76.13;10.12;10908;1426;12.9;89;1079;0;yes;2405
261;11:12:13;76.13;9.66;10879;1440;12.3;86;1065;0;yes;2398
261;11:12:26;76.13;9.17;10880;1470;11.9;84;1056;0;yes;2398
261;11:12:39;76.1;8.6;10836;1493;11.3;79;1062;0;yes;2395
261;11:12:52;76.06;8.02;10810;1519;10.5;75;1035;0;yes;2395
261;11:13:06;76.05;7.42;10786;1532;8.9;64;1014;0;yes;2393
261;11:13:19;76.01;6.84;10755;1553;6.5;48;1024;0;yes;2393
261;11:13:34;76.89;6.31;10747;2287;4.4;33;;1;no;2393
261;11:13:47;75.98;5.8;10732;1557;2.8;21;1073;0;yes;2392
261;11:14:00;75.95;5.32;10704;1552;1.9;14;1082;0;yes;2392
261;11:14:13;75.91;4.68;10664;1562;1.4;11;1092;0;yes;2390
261;11:14:26;75.85;3.99;10617;1558;1.3;10;1089;0;yes;2390
261;11:14:39;75.8;3.35;10578;1554;1.5;11;1070;0;yes;2390
261;11:14:52;75.75;2.55;10526;1555;1.6;12;1044;0;yes;2387
261;11:15:07;75.72;1.82;10503;1572;1.7;14;1057;0;yes;2387
261;11:15:20;75.67;1.01;10465;1574;1.6;13;1046;0;yes;2387
261;11:15:33;75.64;0.39;10452;1586;1.2;10;1065;0;yes;2390
261;11:15:46;75.59;359.7;10420;1566;0.1;0;1040;0;yes;2390
261;11:15:59;75.56;359.0;10403;1575;-1.7;-13;1031;0;yes;2392
261;11:16:12;75.53;358.28;10386;1585;-5.1;-40;1037;0;yes;2392
261;11:16:25;75.53;357.59;10375;1576;-9.5;-75;1032;0;yes;2390
261;11:16:38;75.53;357.01;10363;1556;-14.0;-112;1015;0;yes;2387
261;11:16:53;75.54;356.38;10377;1541;-18.3;-148;1034;0;yes;2390
261;11:17:06;75.55;355.72;10383;1476;-21.6;-176;1060;0;yes;2390
261;11:17:19;75.52;355.22;10378;1422;-23.7;-192;1084;0;yes;2393
261;11:17:32;75.5;354.68;10363;1375;-24.1;-192;1077;0;yes;2393
261;11:17:45;75.47;354.12;10389;1328;-23.2;-180;1071;0;yes;2405
261;11:17:58;75.44;353.53;10381;1294;-20.7;-154;1050;0;yes;2408
261;11:18:11;75.41;352.96;10361;1266;-18.4;-132;1059;0;yes;2408
261;11:18:24;75.43;352.28;10386;1245;-17.1;-118;1053;0;yes;2410
261;11:18:37;75.43;351.45;10385;1228;-16.1;-108;1033;0;yes;2410
261;11:18:50;75.45;350.63;10416;1202;-15.7;-102;995;0;yes;2414
261;11:19:05;75.46;349.78;10433;1182;-16.5;-106;970;0;yes;2416
261;11:19:18;75.53;348.77;10484;1150;-19.5;-123;919;0;yes;2416
261;11:19:31;75.58;347.84;10525;1130;-23.2;-145;864;0;yes;2417
261;11:19:44;75.68;346.97;10604;1113;-26.8;-165;819;0;yes;2417
261;11:19:57;75.82;346.18;10719;1074;-31.1;-190;748;0;yes;2419
261;11:20:10;75.92;345.4;10828;1007;-35.7;-214;682;0;yes;2425
261;11:20:23;76.03;344.68;10929;957;-39.9;-236;684;0;yes;2427
261;11:20:38;76.11;343.95;10991;909;-42.1;-243;683;0;yes;2427
261;11:20:51;76.16;343.03;11038;849;-42.2;-232;651;0;yes;2428
261;11:21:04;76.18;342.32;11057;780;-41.4;-214;587;0;yes;2428
261;11:21:17;76.2;341.51;11083;729;-40.8;-200;554;0;yes;2431
261;11:21:31;76.28;340.74;11137;668;-40.4;-192;503;0;yes;2428
261;11:21:45;76.4;339.91;11255;601;-38.7;-175;479;0;yes;2431
261;11:21:58;76.71;338.92;11011;452;-36.1;-154;;0;no;2431
261;11:22:11;76.88;338.19;11043;290;;;;0;no;2431
261;11:22:24;76.84;337.65;11066;170;;;;0;no;2428
261;11:22:37;77.05;336.0;11102;92;;;;0;no;2428
262;11:12:00;68.87;143.25;6970;92;;;;0;no;2405
262;11:12:13;68.45;144.28;6802;152;;;143;0;yes;2398
262;11:12:26;68.37;145.97;6774;260;;;;1;no;2398
262;11:12:39;68.12;147.17;6681;339;782.7;364;;1;no;2395
262;11:12:52;67.84;148.26;6585;401;682.7;349;;1;no;2395
262;11:13:06;67.52;149.47;6474;445;704.3;359;;1;no;2393
262;11:13:19;67.34;150.7;6418;500;603.7;343;;1;no;2393
262;11:13:34;67.19;151.78;6370;557;376.2;291;;1;no;2393
262;11:13:47;66.98;153.03;6306;610;37.9;110;560;0;yes;2392
262;11:14:00;66.84;154.18;6263;657;37.8;111;604;0;yes;2392
262;11:14:13;66.68;155.28;6209;690;38.1;114;614;0;yes;2390
262;11:14:26;66.5;156.4;6155;730;40.1;124;619;0;yes;2390
262;11:14:39;66.29;157.49;6094;760;38.8;124;643;0;yes;2390
262;11:14:52;66.1;158.56;6035;779;38.1;126;710;0;yes;2387
262;11:15:07;65.93;159.76;5987;813;36.6;125;778;0;yes;2387
262;11:15:20;65.74;161.05;5934;855;33.3;120;852;0;yes;2387
262;11:15:33;65.54;162.14;5884;858;30.9;115;881;0;yes;2390
262;11:15:46;65.37;163.34;5837;890;29.0;112;929;0;yes;2390
262;11:15:59;65.22;164.6;5805;919;25.2;102;977;0;yes;2392
262;11:16:12;65.06;165.85;5763;942;21.4;90;1001;0;yes;2392
262;11:16:25;64.9;167.08;5713;957;20.3;87;1012;0;yes;2390
262;11:16:38;64.75;168.33;5670;979;17.8;79;1039;0;yes;2387
262;11:16:53;64.6;169.54;5636;992;15.5;71;1051;0;yes;2390
262;11:17:06;64.39;171.01;5585;998;13.3;62;1059;0;yes;2390
262;11:17:19;64.29;172.39;5566;1020;11.1;53;1113;0;yes;2393
262;11:17:32;64.2;173.81;5544;1041;7.8;38;1161;0;yes;2393
262;11:17:45;64.11;175.15;5548;1046;2.9;14;1178;0;yes;2405
262;11:17:58;64.08;176.43;5549;1059;-1.2;-6;1195;0;yes;2408
262;11:18:11;64.03;177.78;5537;1059;-7.1;-37;1199;0;yes;2408
262;11:18:24;64.02;179.08;5539;1034;-11.9;-63;1187;0;yes;2410
262;11:18:37;64.01;180.45;5537;998;-14.6;-78;1135;0;yes;2410
262;11:18:50;63.97;181.83;5537;998;-16.3;-87;1092;0;yes;2414
262;11:19:05;63.97;183.05;5542;958;-16.4;-87;1055;0;yes;2416
262;11:19:18;63.92;184.57;5529;934;-15.2;-79;1033;0;yes;2416
262;11:19:31;63.88;185.92;5520;924;-12.8;-64;1016;0;yes;2417
262;11:19:44;63.86;187.24;5516;907;-10.5;-52;984;0;yes;2417
262;11:19:57;63.87;188.64;5522;904;-6.1;-29;913;0;yes;2419
262;11:20:10;63.84;190.09;5529;894;-2.2;-10;894;0;yes;2425
262;11:20:23;63.89;191.45;5546;896;0.9;4;916;0;yes;2427
262;11:20:38;63.96;192.77;5563;896;4.1;18;931;0;yes;2427
262;11:20:51;64.08;194.16;5595;906;5.8;26;959;0;yes;2428
262;11:21:04;64.25;195.52;5639;921;6.7;30;990;0;yes;2428
262;11:21:17;64.44;196.82;5691;927;6.4;29;1016;0;yes;2431
262;11:21:31;64.66;198.09;5743;937;3.9;18;1050;0;yes;2428
262;11:21:45;64.9;199.37;5812;953;0.8;4;1074;0;yes;2431
262;11:21:58;65.16;200.74;5880;942;-1.9;-9;1065;0;yes;2431
262;11:22:11;65.38;201.94;5940;939;-5.4;-25;1051;0;yes;2431
262;11:22:24;65.52;203.31;5971;912;-9.0;-43;1009;0;yes;2428
262;11:22:37;65.78;204.57;6046;918;-10.9;-52;1012;0;yes;2428
262;11:22:50;65.93;205.8;6088;911;-11.7;-56;1048;0;yes;2428
262;11:23:03;65.9;206.93;6079;881;-13.9;-66;996;0;yes;2428
262;11:23:16;65.99;208.13;6111;862;-17.1;-80;981;0;yes;2431
262;11:23:29;66.1;209.42;6142;855;-20.0;-93;981;0;yes;2431
262;11:23:42;66.23;210.67;6174;859;-21.7;-100;1005;0;yes;2428
262;11:23:55;66.32;211.83;6201;812;-21.1;-95;963;0;yes;2428
262;11:24:08;66.38;213.01;6219;767;-20.4;-91;932;0;yes;2428
262;11:24:21;66.54;214.12;6272;754;-18.9;-83;940;0;yes;2431
262;11:24:34;66.69;215.31;6313;739;-15.1;-64;960;0;yes;2428
262;11:24:47;68.05;214.93;6746;619;-9.4;-38;544;0;yes;2427
262;11:24:59;67.13;217.31;6412;737;-5.8;-22;988;0;yes;2415
262;11:25:12;67.35;218.2;6482;729;-4.1;-15;1004;0;yes;2415
262;11:25:25;65.55;221.27;6704;890;-2.3;-8;;0;no;2415
262;11:25:40;65.95;222.07;6780;872;;;;0;no;2415
262;11:25:53;66.45;222.88;6871;822;;;;0;no;2413
262;11:26:06;65.18;224.87;6948;880;;;;0;no;2412
262;11:26:19;67.9;223.59;7027;674;;;;0;no;2410
262;11:26:32;68.21;224.37;7115;655;;;;0;no;2410
262;11:26:45;68.35;225.31;7188;635;;;;0;no;2406
262;11:26:58;68.46;226.28;7275;609;;;;0;no;2405
263;11:12:00;48.83;159.43;2957;77;;;;0;no;2405
263;11:12:13;48.43;162.13;2903;126;;;;0;no;2398
263;11:12:26;46.96;166.48;2743;286;;;;1;no;2398
263;11:12:39;46.7;169.27;2712;348;;;;1;no;2395
263;11:12:52;46.45;172.09;2685;395;;;;1;no;2395
263;11:13:06;46.34;175.04;2671;433;;;;1;no;2393
263;11:13:19;46.09;177.92;2646;466;;;;1;no;2393
263;11:13:34;45.89;180.66;2625;483;34.6;82;;1;no;2393
263;11:13:47;45.78;183.79;2613;505;38.8;92;;0;yes;2392
263;11:14:00;45.76;186.57;2612;538;39.9;96;;0;yes;2392
263;11:14:13;45.75;189.76;2608;571;43.8;108;;0;yes;2390
263;11:14:26;45.87;192.59;2620;598;46.6;117;;0;yes;2390
263;11:14:39;45.95;195.01;2628;632;44.8;116;;0;yes;2390
263;11:14:52;46.18;197.54;2649;651;40.4;109;;0;yes;2387
263;11:15:07;46.63;200.47;2696;706;33.6;95;;0;yes;2387
263;11:15:20;46.93;202.76;2726;720;25.0;75;;0;yes;2387
263;11:15:33;47.3;204.84;2769;719;16.5;53;;0;yes;2390
263;11:15:46;47.75;206.98;2817;732;10.3;34;;0;yes;2390
263;11:15:59;48.22;209.03;2873;730;7.6;27;;0;yes;2392
263;11:16:12;48.71;210.99;2928;727;9.4;34;;0;yes;2392
263;11:16:25;49.19;212.91;2980;731;11.9;42;;0;yes;2390
263;11:16:38;49.7;214.63;3037;735;16.1;58;;0;yes;2387
263;11:16:53;50.33;216.69;3116;775;22.1;79;;0;yes;2390
263;11:17:06;51.04;218.63;3204;793;25.6;90;;0;yes;2390
263;11:17:19;51.59;220.09;3278;872;29.4;102;;0;yes;2393
263;11:17:32;64.26;215.35;3343;5188;32.2;112;;1;no;2393
263;11:17:45;64.68;216.21;3426;5188;;;;1;no;2405
263;11:17:58;64.9;217.18;3510;5187;;;;1;no;2408
263;11:18:11;65.27;218.15;3594;5232;;;;1;no;2408
263;11:18:24;60.14;224.83;3680;37;;;;1;no;2410
264;11:12:13;66.64;292.31;6220;156;;;146;0;yes;2398
264;11:12:26;67.03;291.5;6337;156;-13.1;-10;158;0;yes;2398
264;11:12:39;67.5;290.85;6476;144;-11.5;-9;160;0;yes;2395
264;11:12:52;67.89;290.02;6602;145;-11.5;-9;168;0;yes;2395
264;11:13:06;68.36;289.12;6753;142;-11.5;-9;164;0;yes;2393
264;11:13:19;68.82;289.37;6917;222;-8.1;-6;;1;no;2393
264;11:13:34;69.24;288.82;7069;248;;;;1;no;2393
264;11:13:47;69.71;288.28;7246;260;;;;1;no;2392
264;11:14:00;70.0;287.88;7362;258;;;;1;no;2392
264;11:14:13;70.36;287.29;7498;268;;;;1;no;2390
264;11:14:26;70.82;286.62;7695;305;;;;1;no;2390
264;11:14:39;71.37;285.96;7941;356;;;;1;no;2390
264;11:14:52;71.74;285.42;8102;363;;;;1;no;2387
264;11:15:07;72.03;284.89;8245;360;;;;1;no;2387
264;11:15:20;72.45;284.47;8453;394;;;;1;no;2387
264;11:15:33;72.74;284.35;8613;432;;;;1;no;2390
264;11:15:46;72.97;284.48;8737;489;88.9;212;;1;no;2390
264;11:15:59;73.25;284.73;8901;559;86.0;214;407;0;yes;2392
264;11:16:12;73.5;284.99;9047;641;81.5;212;419;0;yes;2392
264;11:16:25;73.73;285.32;9168;737;77.1;208;509;0;yes;2390
264;11:16:38;73.92;285.2;9274;788;68.3;199;559;0;yes;2387
264;11:16:53;74.07;285.08;9380;842;58.5;184;597;0;yes;2390
264;11:17:06;74.19;285.1;9454;917;53.3;176;646;0;yes;2390
264;11:17:19;74.32;284.88;9545;957;47.7;166;678;0;yes;2393
264;11:17:32;74.45;284.67;9708;992;41.3;151;;0;no;2393
264;11:17:45;74.58;284.54;9914;1046;;;;0;no;2405
264;11:17:58;74.69;284.49;10086;1104;;;;0;no;2408
264;11:18:11;74.8;284.33;10248;1141;;;;0;no;2408
264;11:18:24;74.73;284.0;10418;1193;;;;0;no;2410
264;11:18:37;74.92;283.82;10581;1214;;;;0;no;2410
264;11:18:50;75.12;283.72;10761;1226;;;;0;no;2414
264;11:19:05;75.24;283.49;10935;1253;;;;0;no;2416
264;11:19:18;75.4;283.26;11115;1281;;;;0;no;2416
264;11:19:31;75.54;283.11;11281;1302;;;;0;no;2417
264;11:19:44;76.98;279.34;11445;2254;;;;1;no;2417
264;11:19:57;77.06;279.29;11616;2270;;;;1;no;2419
264;11:20:10;77.14;279.24;11811;2293;;;;1;no;2425
264;11:20:23;77.22;279.14;11984;2285;;;;1;no;2427
264;11:20:38;77.35;279.09;12107;2300;;;;1;no;2427
264;11:20:51;77.46;278.96;12222;2314;0.1;1;;1;no;2428
264;11:21:04;77.6;278.94;12365;2340;0.1;1;;0;yes;2428
264;11:21:17;77.69;278.91;12473;2334;0.1;1;;0;yes;2431
264;11:21:31;77.79;278.87;12572;2340;0.1;1;;0;yes;2428
264;11:21:45;77.91;278.78;12707;2348;;;;0;yes;2431
265;11:12:39;50.41;223.13;3133;48;;;;0;no;2395
265;11:12:52;50.95;224.6;3199;89;;;;0;yes;2395
265;11:13:06;52.82;226.76;3442;176;;;;1;no;2393
265;11:13:19;52.41;227.43;3387;191;;;;1;no;2393
265;11:13:34;53.24;228.94;3501;211;153.0;60;;1;no;2393
265;11:13:47;54.14;230.5;3630;215;141.8;55;;1;no;2392
265;11:14:00;54.83;231.68;3733;209;115.2;46;;1;no;2392
265;11:14:13;55.6;232.89;3848;204;61.7;26;;1;no;2390
265;11:14:26;56.38;234.05;3974;200;-45.3;-47;;1;no;2390
265;11:14:39;57.1;235.13;4094;186;-47.5;-48;269;0;yes;2390
265;11:14:52;57.65;236.13;4185;156;-48.8;-48;209;0;yes;2387
265;11:15:07;58.44;237.23;4329;138;-50.2;-48;188;0;yes;2387
265;11:15:20;59.3;238.25;4492;133;-54.6;-48;180;0;yes;2387
265;11:15:33;60.02;239.01;4639;117;-57.8;-48;149;0;yes;2390
265;11:15:46;60.68;239.69;4766;108;-60.4;-48;125;0;yes;2390
265;11:15:59;61.36;240.4;4906;97;-62.9;-49;113;0;yes;2392
265;11:16:12;61.98;241.05;5035;79;-65.0;-50;86;0;yes;2392
265;11:16:25;62.64;241.71;5172;69;-64.6;-47;81;0;yes;2390
265;11:16:38;63.31;242.3;5320;59;;;66;0;yes;2387
266;11:13:06;74.74;245.49;9825;1089;;;718;0;yes;2393
266;11:13:19;74.94;246.03;9958;1057;-29.8;-171;698;0;yes;2393
266;11:13:34;75.1;246.46;10073;1017;-46.9;-272;673;0;yes;2393
266;11:13:47;75.17;246.91;10117;921;-50.6;-294;610;0;yes;2392
266;11:14:00;75.22;247.64;10152;866;-49.9;-285;557;0;yes;2392
266;11:14:13;75.06;249.7;10183;649;-50.0;-280;;0;no;2390
266;11:14:26;75.2;250.04;10221;632;-46.9;-251;;0;no;2390
266;11:14:39;75.38;250.28;10260;631;-38.9;-192;399;0;yes;2390
266;11:14:52;75.58;250.52;10400;635;-25.3;-114;402;0;yes;2387
266;11:15:07;75.8;250.85;10566;632;-5.6;-26;391;0;yes;2387
266;11:15:20;76.04;251.16;10756;637;21.3;66;366;0;yes;2387
266;11:15:33;76.22;251.47;10913;654;29.2;89;381;0;yes;2390
266;11:15:46;76.34;252.12;11014;695;33.7;102;386;0;yes;2390
266;11:15:59;76.44;252.61;11113;720;34.9;107;399;0;yes;2392
266;11:16:12;76.56;253.3;11215;752;31.7;100;437;0;yes;2392
266;11:16:25;76.64;253.83;11272;781;26.0;86;477;0;yes;2390
266;11:16:38;76.73;254.27;11341;786;20.0;70;519;0;yes;2387
266;11:16:53;76.85;254.7;11458;801;17.2;62;564;0;yes;2390
266;11:17:06;76.97;255.22;11566;797;14.2;53;596;0;yes;2390
266;11:17:19;77.11;255.47;11709;814;13.1;51;616;0;yes;2393
266;11:17:32;77.23;255.84;11828;830;13.2;51;628;0;yes;2393
266;11:17:45;77.37;256.21;12022;851;12.4;49;;0;yes;2405
266;11:17:58;77.51;256.52;12174;850;11.5;46;;0;yes;2408
266;11:18:11;77.63;256.76;12301;866;10.4;42;;0;yes;2408
266;11:18:24;77.71;257.05;12392;868;8.9;37;;0;yes;2410
266;11:18:37;77.83;257.28;12522;882;7.3;30;;0;yes;2410
266;11:18:50;77.96;257.57;12682;890;;;;0;yes;2414
267;11:13:34;70.95;42.45;6944;67;;;;0;no;2393
267;11:13:47;70.29;42.0;6833;174;;;;0;no;2392
267;11:14:00;70.05;41.6;6742;274;;;;0;no;2392
267;11:14:13;69.71;40.75;6640;355;;;;0;no;2390
267;11:14:26;69.34;39.79;6551;412;;;;0;no;2390
267;11:14:39;69.02;40.32;6466;566;55.9;170;;0;no;2390
267;11:14:52;68.55;40.38;6806;672;56.5;176;519;0;yes;2387
267;11:15:07;68.13;40.03;6662;754;62.6;200;566;0;yes;2387
267;11:15:20;67.65;39.14;6502;830;66.5;217;640;0;yes;2387
267;11:15:33;67.28;38.33;6392;863;69.8;239;689;0;yes;2390
267;11:15:46;66.94;37.53;6287;915;73.1;262;756;0;yes;2390
267;11:15:59;66.77;36.7;6243;1010;74.0;278;878;0;yes;2392
267;11:16:12;66.45;35.82;6149;1075;71.7;284;959;0;yes;2392
267;11:16:25;66.06;34.87;6029;1135;66.7;281;998;0;yes;2390
267;11:16:38;65.58;33.86;5889;1197;57.8;264;1073;0;yes;2387
267;11:16:53;65.14;32.91;5776;1252;47.8;238;1140;0;yes;2390
267;11:17:06;64.71;31.79;5666;1306;42.2;224;1191;0;yes;2390
267;11:17:19;64.31;30.82;5571;1354;37.6;212;1279;0;yes;2393
267;11:17:32;63.96;29.81;5485;1392;33.6;199;1353;0;yes;2393
267;11:17:45;63.6;28.73;5425;1429;30.3;187;1425;0;yes;2405
267;11:17:58;63.23;27.51;5345;1475;29.4;189;1536;0;yes;2408
267;11:18:11;62.89;26.3;5268;1515;29.0;193;1650;0;yes;2408
267;11:18:24;62.59;25.16;5206;1547;29.5;202;1736;0;yes;2410
267;11:18:37;62.25;24.11;5131;1578;31.8;224;1825;0;yes;2410
267;11:18:50;62.04;23.46;5094;1653;34.3;247;1972;0;yes;2414
267;11:19:05;61.74;22.45;5034;1698;36.8;271;2054;0;yes;2416
267;11:19:18;61.43;21.3;4971;1754;39.3;296;2107;0;yes;2416
267;11:19:31;61.28;21.13;4940;1846;40.4;312;2236;0;yes;2417
267;11:19:44;61.06;20.37;4896;1918;39.5;318;2352;0;yes;2417
267;11:19:57;60.79;19.5;4845;1981;41.7;347;2461;0;yes;2419
267;11:20:10;60.5;18.62;4801;2060;40.6;351;2605;0;yes;2425
267;11:20:23;60.16;17.5;4738;2125;37.4;339;2726;0;yes;2427
267;11:20:38;59.82;16.28;4671;2202;34.2;322;2803;0;yes;2427
267;11:20:51;59.27;15.97;4562;2334;30.9;302;2873;0;yes;2428
267;11:21:04;58.99;14.59;4507;2376;27.1;277;2952;0;yes;2428
267;11:21:17;58.81;13.18;4478;2419;24.3;258;;0;yes;2431
267;11:21:31;58.63;11.88;4439;2456;20.4;226;2984;0;yes;2428
267;11:21:45;58.45;10.51;4409;2512;17.0;196;;0;yes;2431
267;11:21:58;58.12;9.05;4348;2554;16.0;188;;0;yes;2431
267;11:22:11;57.87;7.79;4302;2618;14.7;177;;0;yes;2431
267;11:22:24;57.55;6.6;4239;2630;13.6;167;;0;yes;2428
267;11:22:37;57.3;5.37;4195;2674;13.2;165;2945;0;yes;2428
267;11:22:50;57.0;4.19;4143;2697;14.1;180;2975;0;yes;2428
267;11:23:03;56.71;3.08;4093;2721;14.3;185;;0;yes;2428
267;11:23:16;56.44;1.89;4050;2760;15.3;199;;0;yes;2431
267;11:23:29;56.19;0.73;4009;2825;15.9;209;;0;yes;2431
267;11:23:42;55.96;359.4;3967;2907;16.1;214;;0;yes;2428
267;11:23:55;55.74;357.98;3932;2920;15.3;207;;0;yes;2428
267;11:24:08;55.49;356.62;3892;2960;13.8;191;;0;yes;2428
267;11:24:21;55.25;354.93;3858;3019;3.2;50;;0;yes;2431
267;11:24:34;55.04;353.21;3820;3070;-13.3;-186;;0;yes;2428
267;11:24:47;54.88;351.56;3794;3127;-23.4;-354;;0;yes;2427
267;11:24:59;54.79;349.91;3762;3153;-29.5;-469;;0;no;2415
267;11:25:12;54.69;348.29;3747;3186;-32.3;-524;;0;no;2415
267;11:25:25;54.61;346.72;3735;3223;-35.7;-593;;0;no;2415
267;11:25:40;54.62;344.9;3737;2357;-38.0;-642;;0;yes;2415
267;11:25:53;54.65;342.83;3758;2379;-36.9;-615;;0;no;2413
267;11:26:06;54.68;341.12;3782;2389;;;;0;no;2412
267;11:26:19;54.72;339.41;3809;2398;;;;0;no;2410
267;11:26:32;54.81;337.73;3839;2405;;;;0;no;2410
267;11:26:45;54.94;336.22;3866;2407;;;;0;no;2406
267;11:26:58;55.05;334.66;3903;2409;;;;0;no;2405
267;11:27:11;55.2;332.99;3946;2411;;;;0;no;2405
267;11:27:24;55.36;331.14;3993;2425;;;;0;no;2404
267;11:27:38;55.55;329.31;4039;2436;;;;0;no;2403
267;11:27:51;55.79;327.51;4090;2453;;;;0;no;2403
267;11:28:04;56.05;325.7;4140;3560;;;;0;no;2400
267;11:28:17;56.34;324.07;4198;3558;;;;0;no;2400
267;11:28:30;56.57;322.61;4247;3529;;;;0;no;2395
267;11:28:43;56.65;321.02;4302;2416;;;;0;no;2391
267;11:28:56;57.0;319.64;4360;3446;;;;0;no;2388
267;11:29:09;57.42;318.27;4415;3400;;;;0;no;2382
267;11:29:22;57.9;316.87;4469;3330;;;;0;no;2375
267;11:29:37;58.34;315.68;4536;3252;;;;0;no;2375
267;11:29:50;58.92;314.37;4611;3157;;;;0;no;2372
267;11:30:03;59.48;313.38;4669;3116;;;;0;no;2363
267;11:30:16;60.07;312.49;4741;3069;;;;0;no;2360
267;11:30:29;60.71;311.64;4821;3051;;;;0;no;2360
267;11:30:42;61.42;311.24;4820;2960;-13.1;-198;;0;no;2322
267;11:30:55;62.05;310.81;4902;2923;-15.6;-234;;0;yes;2322
267;11:31:08;62.62;310.31;5016;2849;-17.2;-258;;0;yes;2320
267;11:31:21;63.2;309.75;5143;2790;-18.6;-277;;0;yes;2320
267;11:31:36;63.8;309.21;5235;2683;-21.3;-315;;0;yes;2300
267;11:31:49;64.53;308.42;5391;2594;-23.8;-349;;0;yes;2293
267;11:32:02;65.16;307.88;5550;2521;-26.1;-377;;0;yes;2293
267;11:32:16;65.92;307.64;5743;2433;-26.7;-378;2964;0;yes;2291
267;11:32:29;66.7;307.54;5958;2340;-25.8;-352;2879;0;yes;2291
267;11:32:42;67.34;307.38;6142;2255;-24.1;-318;2789;0;yes;2290
267;11:32:55;67.92;307.31;6321;2169;-22.5;-286;2669;0;yes;2290
267;11:33:08;68.38;306.9;6471;2133;-20.4;-249;2598;0;yes;2290
267;11:33:21;68.75;306.48;6594;2093;-18.8;-220;2518;0;yes;2290
267;11:33:34;69.15;306.1;6734;2066;-18.7;-212;2429;0;yes;2290
267;11:33:47;69.5;305.79;6859;2017;-18.8;-207;2250;0;yes;2290
267;11:34:00;69.83;305.42;6982;1978;-19.4;-210;2191;0;yes;2290
267;11:34:13;70.2;305.21;7125;1926;-19.7;-210;2098;0;yes;2290
267;11:34:26;70.55;305.14;7267;1846;-19.9;-209;1442;0;yes;2291
267;11:34:39;70.83;304.87;7380;1789;-19.8;-205;1412;0;yes;2291
267;11:34:52;71.13;304.89;7509;1710;-19.5;-200;1379;0;yes;2291
267;11:35:05;71.43;304.85;6966;1669;-18.3;-184;;0;no;2293
267;11:35:18;71.68;304.57;7056;1641;;;;0;no;2293
267;11:35:31;71.92;304.23;7170;1625;;;;0;no;2300
267;11:35:46;72.13;303.97;7324;1613;;;;0;no;2320
267;11:35:59;72.33;303.42;7433;1602;;;;0;no;2320
267;11:36:11;72.53;302.86;7523;1594;;;;0;no;2320
267;11:36:24;72.73;302.33;7638;1597;;;;0;no;2327
267;11:36:37;72.95;301.82;7781;1596;;;;0;no;2341
267;11:36:51;73.18;301.37;7880;1595;;;;0;no;2341
267;11:37:03;73.36;300.83;8021;1593;;;;0;no;2355
267;11:37:16;73.54;300.29;8254;1627;;;;0;no;2396
267;11:37:29;73.72;299.88;8425;1657;;;;0;no;2417
267;11:37:43;73.89;299.47;8549;1692;;;;0;no;2425
267;11:37:56;74.01;299.11;8688;1700;;;;0;no;2437
267;11:38:09;74.17;298.77;8785;1712;;;;0;no;2437
267;11:38:22;74.25;298.51;8894;1708;;;;0;no;2440
268;11:13:34;69.93;129.26;7337;81;;;;0;no;2393
268;11:13:47;69.59;130.29;7200;146;229.2;143;112;0;yes;2392
268;11:14:00;69.27;131.21;7079;196;213.9;144;155;0;yes;2392
268;11:14:13;68.91;132.21;6939;241;181.4;135;206;0;yes;2390
268;11:14:26;68.62;133.2;6835;288;155.5;125;253;0;yes;2390
268;11:14:39;68.34;134.16;6739;329;118.3;111;293;0;yes;2390
268;11:14:52;68.06;135.16;6637;351;84.4;92;322;0;yes;2387
268;11:15:07;67.73;136.19;6529;361;51.5;65;328;0;yes;2387
268;11:15:20;67.4;137.4;6423;385;24.0;36;335;0;yes;2387
268;11:15:33;67.1;138.33;6337;374;6.8;11;303;0;yes;2390
268;11:15:46;66.93;139.29;6283;379;-6.8;-12;292;0;yes;2390
268;11:15:59;66.8;139.98;6251;365;-18.3;-34;285;0;yes;2392
268;11:16:12;66.58;140.97;6187;365;-26.8;-52;282;0;yes;2392
268;11:16:25;66.39;142.04;6124;354;-32.2;-63;283;0;yes;2390
268;11:16:38;66.1;142.81;6033;323;-38.0;-75;270;0;yes;2387
268;11:16:53;65.85;143.85;5971;300;-44.5;-86;249;0;yes;2390
268;11:17:06;65.62;145.18;5906;286;-54.1;-103;243;0;yes;2390
268;11:17:19;65.52;146.42;5885;273;-59.1;-109;241;0;yes;2393
268;11:17:32;65.47;147.68;5872;247;-61.4;-107;208;0;yes;2393
268;11:17:45;65.37;148.98;5874;215;-64.0;-106;180;0;yes;2405
268;11:17:58;65.32;150.04;5867;170;-66.3;-110;143;0;yes;2408
268;11:18:11;65.21;151.57;5840;150;-67.9;-110;118;0;yes;2408
268;11:18:24;65.13;153.23;5824;117;-67.2;-102;83;0;yes;2410
268;11:18:37;65.08;154.81;5811;51;;;;0;no;2410
269;11:13:34;57.81;134.9;4223;77;;;;0;no;2393
269;11:13:47;56.86;137.09;4058;125;108.9;72;175;0;yes;2392
269;11:14:00;55.98;138.71;3912;183;92.1;65;251;0;yes;2392
269;11:14:13;55.09;140.61;3768;197;74.1;55;293;0;yes;2390
269;11:14:26;54.28;142.82;3646;229;60.5;48;329;0;yes;2390
269;11:14:39;53.48;144.97;3531;233;29.0;27;;0;yes;2390
269;11:14:52;52.73;147.17;3422;238;11.7;11;;0;yes;2387
269;11:15:07;51.98;149.36;3322;238;-7.2;-8;;0;yes;2387
269;11:15:20;50.98;151.58;3194;246;-29.8;-36;;0;yes;2387
269;11:15:33;50.16;153.79;3095;213;-44.5;-56;;0;yes;2390
269;11:15:46;49.45;155.96;3011;210;-57.3;-75;;0;yes;2390
269;11:15:59;48.77;158.58;2935;193;-66.0;-88;;0;yes;2392
269;11:16:12;48.1;160.78;2859;159;-70.0;-95;;0;yes;2392
269;11:16:25;47.68;162.95;2810;112;-72.8;-98;;0;yes;2390
269;11:16:38;47.34;164.67;2771;80;-77.1;-108;;0;yes;2387
269;11:16:53;47.3;167.01;2769;38;;;;0;no;2390
270;11:13:34;76.03;279.48;10772;104;;;77;0;yes;2393
270;11:13:47;76.2;279.38;10908;120;355.0;138;108;0;yes;2392
270;11:14:00;76.3;279.21;10991;157;297.2;132;128;0;yes;2392
270;11:14:13;76.4;279.12;11064;210;235.7;119;139;0;yes;2390
270;11:14:26;76.51;279.0;11157;237;205.7;115;165;0;yes;2390
270;11:14:39;76.59;278.8;11222;260;171.8;116;194;0;yes;2390
270;11:14:52;76.61;278.64;11236;279;140.0;115;232;0;yes;2387
270;11:15:07;76.65;278.44;11265;287;120.2;123;243;0;yes;2387
270;11:15:20;76.73;278.14;11336;318;120.6;135;274;0;yes;2387
270;11:15:33;76.86;277.93;11469;357;121.8;146;308;0;yes;2390
270;11:15:46;77.01;277.76;11603;385;118.5;151;302;0;yes;2390
270;11:15:59;77.13;277.88;11725;451;106.4;147;305;0;yes;2392
270;11:16:12;77.23;277.88;11821;472;96.3;143;298;0;yes;2392
270;11:16:25;77.3;277.73;11873;500;82.8;134;302;0;yes;2390
270;11:16:38;77.37;277.67;11938;530;69.4;121;310;0;yes;2387
270;11:16:53;77.46;277.58;12030;570;;;348;0;yes;2390
271;11:13:47;77.52;15.27;12101;99;;;;0;no;2392
271;11:14:00;77.51;14.67;12101;199;134.0;133;157;0;yes;2392
271;11:14:13;77.48;14.04;12053;263;218.3;205;207;0;yes;2390
271;11:14:26;77.41;13.46;11986;308;228.0;218;241;0;yes;2390
271;11:14:39;76.77;13.96;11926;530;208.4;210;;1;no;2390
271;11:14:52;76.89;13.03;11852;531;193.1;208;;0;no;2387
271;11:15:07;76.99;12.13;11790;543;177.3;202;;0;no;2387
271;11:15:20;77.15;11.2;11720;531;138.5;179;434;0;yes;2387
271;11:15:33;77.16;10.53;11743;544;84.7;136;440;0;yes;2390
271;11:15:46;77.14;9.94;11727;540;34.1;76;408;0;yes;2390
271;11:15:59;77.11;9.31;11705;565;17.4;46;424;0;yes;2392
271;11:16:12;77.08;8.73;11681;580;17.8;47;452;0;yes;2392
271;11:16:25;77.03;8.09;11624;595;16.7;45;461;0;yes;2390
271;11:16:38;76.97;7.47;11552;597;14.9;41;470;0;yes;2387
271;11:16:53;76.96;6.83;11559;611;14.0;40;491;0;yes;2390
271;11:17:06;76.94;6.19;11537;609;14.6;42;498;0;yes;2390
271;11:17:19;76.9;5.55;11511;614;17.1;50;529;0;yes;2393
271;11:17:32;76.83;4.87;11455;624;20.1;59;541;0;yes;2393
271;11:17:45;76.75;4.19;11441;651;20.9;62;551;0;yes;2405
271;11:17:58;76.69;3.44;11402;664;20.8;62;546;0;yes;2408
271;11:18:11;76.65;2.67;11366;687;18.5;56;553;0;yes;2408
271;11:18:24;76.63;1.91;11355;697;16.7;52;553;0;yes;2410
271;11:18:37;76.6;1.16;11331;700;13.1;42;530;0;yes;2410
271;11:18:50;76.58;0.42;11330;707;10.5;34;532;0;yes;2414
271;11:19:05;76.52;359.68;11293;722;;;538;0;yes;2416
272;11:14:00;74.0;354.17;9344;110;;;89;0;yes;2392
272;11:14:13;73.96;352.91;9308;146;245.5;126;129;0;yes;2390
272;11:14:26;73.93;351.66;9293;166;261.5;141;145;0;yes;2390
272;11:14:39;73.96;350.47;9309;196;262.7;152;153;0;yes;2390
272;11:14:52;73.93;349.7;9284;249;241.9;151;169;0;yes;2387
272;11:15:07;73.94;348.83;9290;279;225.5;155;201;0;yes;2387
272;11:15:20;73.98;347.72;9314;329;193.9;155;239;0;yes;2387
272;11:15:33;74.01;347.06;9341;371;140.2;138;255;0;yes;2390
272;11:15:46;73.97;346.31;9315;385;91.3;112;255;0;yes;2390
272;11:15:59;73.92;345.62;9293;402;60.4;87;245;0;yes;2392
272;11:16:12;73.97;344.83;9325;434;31.6;53;275;0;yes;2392
272;11:16:25;74.06;344.09;9369;450;2.4;6;327;0;yes;2390
272;11:16:38;74.12;343.14;9397;446;-13.6;-27;339;0;yes;2387
272;11:16:53;74.22;342.12;9470;438;-24.6;-54;344;0;yes;2390
272;11:17:06;74.33;340.86;9542;421;-32.6;-76;341;0;yes;2390
272;11:17:19;74.54;339.69;9688;346;-34.3;-80;335;0;yes;2393
272;11:17:32;74.69;338.58;9787;324;-34.6;-79;260;0;yes;2393
272;11:17:45;74.69;337.59;9839;326;-36.4;-80;270;0;yes;2405
272;11:17:58;74.74;336.6;9887;344;-42.4;-85;291;0;yes;2408
272;11:18:11;74.81;335.72;9934;340;-43.8;-80;309;0;yes;2408
272;11:18:24;74.86;334.84;9977;311;-53.4;-100;299;0;yes;2410
272;11:18:37;74.87;334.01;9981;275;-60.8;-114;283;0;yes;2410
272;11:18:50;74.7;333.4;9886;216;-65.5;-120;152;0;yes;2414
272;11:19:05;74.76;332.31;9937;214;-67.4;-119;163;0;yes;2416
272;11:19:18;74.86;331.35;10003;176;-66.0;-106;142;0;yes;2416
272;11:19:31;74.88;330.53;10020;154;-64.4;-94;121;0;yes;2417
272;11:19:44;75.04;329.52;10130;138;-61.2;-78;107;0;yes;2417
272;11:19:57;75.15;328.58;10216;123;-62.9;-80;98;0;yes;2419
272;11:20:10;75.32;327.74;10372;90;;;79;0;yes;2425
273;11:15:07;77.97;152.65;12551;383;;;;0;yes;2387
273;11:15:20;77.89;153.43;12466;390;12.2;23;;0;yes;2387
273;11:15:33;77.84;154.12;12419;408;10.1;19;;0;yes;2390
273;11:15:46;77.77;154.81;12350;409;8.6;17;;0;yes;2390
273;11:15:59;77.73;155.53;12321;415;7.5;15;;0;yes;2392
273;11:16:12;77.67;156.26;12255;416;5.1;10;;0;yes;2392
273;11:16:25;77.64;156.95;12215;415;3.5;7;;0;yes;2390
273;11:16:38;77.62;157.62;12186;419;3.1;6;;0;yes;2387
273;11:16:53;77.62;158.15;12190;421;2.2;5;;0;yes;2390
273;11:17:06;77.63;157.85;12207;505;33.0;69;;1;no;2390
273;11:17:19;77.63;158.33;12219;518;43.9;87;;1;no;2393
273;11:17:32;77.57;158.85;12162;529;49.4;97;;1;no;2393
273;11:17:45;77.53;159.42;12174;549;50.2;98;;1;no;2405
273;11:17:58;77.46;160.01;12128;557;45.0;90;;1;no;2408
273;11:18:11;77.41;160.58;12071;569;31.3;66;;1;no;2408
273;11:18:24;77.34;160.97;12019;555;2.6;7;374;0;yes;2410
273;11:18:37;77.3;161.29;11974;534;4.5;12;389;0;yes;2410
273;11:18:50;77.25;161.85;11947;553;4.5;12;410;0;yes;2414
273;11:19:05;77.21;162.45;11919;574;6.3;17;431;0;yes;2416
273;11:19:18;76.87;161.45;11958;775;6.0;16;;1;no;2416
273;11:19:31;76.82;162.17;11933;806;;;;1;no;2417
273;11:19:44;76.76;162.85;11907;833;;;;1;no;2417
274;11:15:46;62.33;18.06;6334;829;;;;0;no;2390
274;11:15:59;61.98;16.94;6258;888;;;;0;no;2392
274;11:16:12;61.75;15.48;6185;932;;;;0;no;2392
274;11:16:25;61.47;14.1;6099;967;;;;0;no;2390
274;11:16:38;61.33;12.66;6014;1004;;;;0;no;2387
274;11:16:53;61.19;11.25;5946;1038;;;;0;no;2390
274;11:17:06;63.94;8.14;5472;1818;;;;1;no;2390
274;11:17:19;60.99;8.21;5451;1113;;;;1;no;2393
274;11:17:32;61.15;6.92;5429;1216;;;;0;no;2393
274;11:17:45;63.68;4.57;5446;1943;;;;1;no;2405
274;11:17:58;63.63;3.44;5441;2016;;;;1;no;2408
274;11:18:11;63.5;2.22;5409;2069;;;;1;no;2408
274;11:18:24;63.44;0.98;5400;2089;3.2;34;;1;no;2410
274;11:18:37;63.31;359.71;5369;2087;3.3;35;2876;0;yes;2410
274;11:18:50;63.14;358.46;5339;2113;3.2;33;2868;0;yes;2414
274;11:19:05;63.02;357.08;5317;2110;2.9;30;2887;0;yes;2416
274;11:19:18;63.03;355.57;5319;2132;2.4;25;;0;yes;2416
274;11:19:31;63.01;354.18;5314;2138;1.0;11;;0;yes;2417
274;11:19:44;63.04;352.77;5322;2142;-0.7;-7;;0;yes;2417
274;11:19:57;63.05;351.41;5328;2144;-2.2;-23;2952;0;yes;2419
274;11:20:10;63.09;350.0;5352;2140;-3.8;-41;2920;0;yes;2425
274;11:20:23;63.12;348.65;5363;2109;-4.8;-52;2927;0;yes;2427
274;11:20:38;63.11;347.35;5361;2085;-5.5;-59;2904;0;yes;2427
274;11:20:51;63.09;345.72;5358;2088;-6.0;-65;2877;0;yes;2428
274;11:21:04;63.16;344.28;5374;2070;-6.4;-68;2929;0;yes;2428
274;11:21:17;63.32;342.95;5417;2045;-6.0;-63;2981;0;yes;2431
274;11:21:31;63.43;341.61;5437;2003;-6.1;-64;2976;0;yes;2428
274;11:21:45;63.62;340.4;5443;1970;-6.8;-72;;0;no;2431
274;11:21:58;63.78;338.83;5443;1893;;;;0;no;2431
274;11:22:11;63.92;337.5;5442;1865;;;;0;no;2431
274;11:22:24;64.08;336.6;5439;1752;;;;0;no;2428
274;11:22:37;64.18;335.43;5445;1702;;;;0;no;2428
274;11:22:50;64.19;334.02;5452;1652;;;;0;no;2428
274;11:23:03;64.19;332.7;5460;1589;;;;0;no;2428
274;11:23:16;64.02;331.29;5480;1493;-28.0;-208;;0;no;2431
274;11:23:29;63.65;329.14;5497;1383;-31.2;-230;1894;0;yes;2431
274;11:23:42;63.55;327.3;5465;1304;-34.1;-249;1723;0;yes;2428
274;11:23:55;63.47;325.55;5447;1211;-35.4;-254;1578;0;yes;2428
274;11:24:08;63.5;323.83;5455;1157;-39.9;-280;1268;0;yes;2428
274;11:24:21;63.5;322.33;5459;1073;-44.3;-304;1121;0;yes;2431
274;11:24:34;63.48;320.67;5449;1000;-48.9;-326;1036;0;yes;2428
274;11:24:47;63.52;318.86;5458;955;-52.7;-337;996;0;yes;2427
274;11:24:59;63.42;317.02;5407;861;-56.5;-344;857;0;yes;2415
274;11:25:12;63.52;315.36;5431;787;-60.3;-345;763;0;yes;2415
274;11:25:25;63.59;313.61;5448;705;-65.9;-356;707;0;yes;2415
274;11:25:40;63.65;312.35;5461;633;-71.5;-365;633;0;yes;2415
274;11:25:53;63.79;311.06;5490;552;-74.8;-351;539;0;yes;2413
274;11:26:06;63.93;309.87;5521;475;-77.7;-336;475;0;yes;2412
274;11:26:19;63.94;308.23;5521;376;-81.3;-318;340;0;yes;2410
274;11:26:32;64.16;306.97;5574;302;-83.9;-293;289;0;yes;2410
274;11:26:45;64.47;305.79;5642;262;-84.6;-252;250;0;yes;2406
274;11:26:58;64.91;304.56;5752;219;-83.5;-207;197;0;yes;2405
274;11:27:11;65.26;303.84;5846;161;-80.5;-159;147;0;yes;2405
274;11:27:24;65.62;302.76;5942;131;-79.6;-139;121;0;yes;2404
274;11:27:38;65.96;301.5;6033;112;-78.8;-125;102;0;yes;2403
274;11:27:51;66.34;300.26;6141;98;-75.7;-103;84;0;yes;2403
274;11:28:04;66.74;299.09;6254;84;;;68;0;yes;2400
275;11:16:25;77.38;149.82;11956;103;;;71;0;yes;2390
275;11:16:38;77.25;150.45;11820;148;269.1;141;110;0;yes;2387
275;11:16:53;77.19;151.15;11771;194;287.4;161;150;0;yes;2390
275;11:17:06;77.14;152.07;11725;238;266.6;163;201;0;yes;2390
275;11:17:19;77.08;152.82;11678;258;237.0;158;216;0;yes;2393
275;11:17:32;77.06;153.63;11666;308;197.5;156;233;0;yes;2393
275;11:17:45;76.92;153.81;11591;370;149.9;141;290;0;yes;2405
275;11:17:58;76.89;154.61;11577;387;99.1;114;294;0;yes;2408
275;11:18:11;76.79;154.86;11492;422;81.7;103;238;0;yes;2408
275;11:18:24;76.72;155.52;11437;421;52.7;79;231;0;yes;2410
275;11:18:37;76.64;156.29;11403;422;28.7;50;;0;no;2410
275;11:18:50;76.56;157.08;11370;420;;;;0;no;2414
275;11:19:05;76.49;157.81;11329;428;;;;0;no;2416
275;11:19:18;76.87;161.45;11273;775;;;;1;no;2416
275;11:19:31;76.82;162.17;11225;806;;;;1;no;2417
275;11:19:44;76.76;162.85;11176;833;;;;1;no;2417
276;11:16:53;53.5;155.8;3534;76;;;;0;no;2390
276;11:17:06;53.06;159.28;3471;137;97.9;73;;0;yes;2390
276;11:17:19;52.49;161.91;3397;208;83.2;67;;0;yes;2393
276;11:17:32;52.02;164.69;3334;237;77.1;65;;0;yes;2393
276;11:17:45;51.74;167.74;3314;252;76.9;68;;0;yes;2405
276;11:17:58;51.57;170.91;3296;254;72.5;74;;0;yes;2408
276;11:18:11;51.35;173.81;3267;266;77.7;83;;0;yes;2408
276;11:18:24;51.15;176.32;3245;284;81.7;91;;0;yes;2410
276;11:18:37;50.66;179.18;3183;309;79.4;92;;0;yes;2410
276;11:18:50;49.97;182.25;3104;354;72.4;88;;0;yes;2414
276;11:19:05;49.87;184.77;3095;370;56.8;75;;0;yes;2416
276;11:19:18;49.87;187.49;3094;388;38.4;55;;0;yes;2416
276;11:19:31;49.62;190.06;3064;402;20.6;33;;0;yes;2417
276;11:19:44;49.75;192.52;3081;391;9.0;16;;0;yes;2417
276;11:19:57;50.06;194.73;3120;388;3.4;6;;0;yes;2419
276;11:20:10;50.34;197.16;3163;384;-1.7;-3;;0;yes;2425
276;11:20:23;50.67;199.22;3207;376;;;;0;yes;2427
277;11:17:06;67.26;50.37;6385;49;;;;0;no;2390
277;11:17:19;66.97;50.06;6304;110;315.6;186;128;0;yes;2393
277;11:17:32;66.63;49.49;6201;222;273.2;182;218;0;yes;2393
277;11:17:45;66.16;48.96;6095;280;224.2;167;278;0;yes;2405
277;11:17:58;65.58;48.48;5938;329;181.5;150;342;0;yes;2408
277;11:18:11;65.05;48.05;5795;379;111.7;120;409;0;yes;2408
277;11:18:24;64.46;47.59;5650;403;75.4;95;454;0;yes;2410
277;11:18:37;63.88;46.96;5505;410;45.5;67;480;0;yes;2410
277;11:18:50;63.31;46.31;5380;419;22.8;39;506;0;yes;2414
277;11:19:05;62.77;45.58;5260;412;10.0;19;447;0;yes;2416
277;11:19:18;62.04;44.84;5099;413;5.5;11;445;0;yes;2416
277;11:19:31;61.31;44.11;4947;417;4.6;9;438;0;yes;2417
277;11:19:44;60.52;43.27;4788;423;3.2;7;460;0;yes;2417
277;11:19:57;59.7;42.44;4631;433;2.9;6;506;0;yes;2419
277;11:20:10;58.79;41.52;4464;435;2.0;4;522;0;yes;2425
277;11:20:23;57.83;40.62;4287;420;1.2;3;514;0;yes;2427
277;11:20:38;56.88;39.54;4121;409;;;503;0;yes;2427
278;11:17:45;78.0;115.5;12669;457;;;;0;yes;2405
278;11:17:58;77.85;115.8;12529;477;-1.0;-2;;0;yes;2408
278;11:18:11;77.72;116.05;12390;485;-1.3;-3;;0;yes;2408
278;11:18:24;77.56;116.18;12238;479;-0.9;-2;318;0;yes;2410
278;11:18:37;77.37;116.31;12046;474;-0.7;-2;322;0;yes;2410
278;11:18:50;77.2;116.55;11897;469;-1.6;-4;338;0;yes;2414
278;11:19:05;77.03;116.87;11756;478;-2.1;-5;352;0;yes;2416
278;11:19:18;76.83;117.27;11564;466;-3.2;-8;348;0;yes;2416
278;11:19:31;76.68;117.81;11434;476;-5.1;-12;351;0;yes;2417
278;11:19:44;76.53;118.32;11298;477;-11.8;-28;344;0;yes;2417
278;11:19:57;76.39;118.79;11187;468;-22.0;-53;331;0;yes;2419
278;11:20:10;76.25;119.35;11097;462;-31.4;-78;314;0;yes;2425
278;11:20:23;76.11;119.87;10995;451;-40.1;-101;302;0;yes;2427
278;11:20:38;76.03;120.39;10926;407;-46.3;-117;301;0;yes;2427
278;11:20:51;75.92;120.97;10842;365;-50.6;-128;305;0;yes;2428
278;11:21:04;75.79;121.62;10741;337;-53.5;-136;299;0;yes;2428
278;11:21:17;75.69;122.35;10670;303;-55.3;-139;276;0;yes;2431
278;11:21:31;75.58;123.12;10577;263;-54.2;-128;237;0;yes;2428
278;11:21:45;75.45;123.96;10488;191;;;172;0;yes;2431
279;11:17:45;48.62;267.52;2933;31;;;;0;no;2405
279;11:17:58;48.76;267.38;2953;77;15.5;7;;0;yes;2408
279;11:18:11;49.61;266.71;3053;102;-14.8;-7;;0;yes;2408
279;11:18:24;50.59;266.14;3174;109;-26.1;-13;;0;yes;2410
279;11:18:37;51.39;266.18;3276;138;-26.6;-14;;0;yes;2410
279;11:18:50;52.04;266.04;3367;158;-34.2;-19;;0;no;2414
279;11:19:05;52.78;266.01;3471;87;-33.3;-19;;0;yes;2416
279;11:19:18;53.68;266.11;3598;56;-28.5;-16;;0;yes;2416
279;11:19:31;54.55;265.69;3729;71;-20.2;-10;;0;yes;2417
279;11:19:44;55.44;265.27;3866;80;-12.4;-6;99;0;yes;2417
279;11:19:57;56.27;264.97;4004;88;-6.1;-2;94;0;yes;2419
279;11:20:10;57.09;264.79;4154;86;-12.7;-5;90;0;yes;2425
279;11:20:23;57.85;264.42;4292;82;-19.2;-8;81;0;yes;2427
279;11:20:38;58.64;264.16;4438;74;-23.5;-10;73;0;yes;2427
279;11:20:51;59.51;263.85;4610;69;-29.3;-13;76;0;yes;2428
279;11:21:04;60.37;263.65;4782;48;;;65;0;yes;2428
280;11:17:58;31.55;91.62;1488;24;;;;0;no;2408
280;11:18:11;29.45;91.18;1360;86;286.9;108;;0;yes;2408
280;11:18:24;26.74;92.24;1214;126;258.0;106;;0;yes;2410
280;11:18:37;23.91;94.5;1069;151;212.7;97;;0;yes;2410
280;11:18:50;21.21;97.48;937;189;172.7;86;;0;yes;2414
280;11:19:05;18.46;101.22;807;232;105.9;64;;0;yes;2416
280;11:19:18;15.41;106.51;666;244;38.0;29;;0;yes;2416
280;11:19:31;12.82;113.9;550;259;-22.1;-19;;0;yes;2417
280;11:19:44;11.1;124.95;474;238;-55.7;-66;;0;yes;2417
280;11:19:57;10.01;141.27;427;209;-69.9;-96;;0;yes;2419
280;11:20:10;9.52;159.15;407;163;-73.2;-103;;0;yes;2425
280;11:20:23;9.65;176.04;413;95;-70.8;-95;;0;yes;2427
280;11:20:38;9.57;193.3;409;86;-71.1;-93;;0;yes;2427
280;11:20:51;10.57;220.9;453;116;-66.6;-76;;0;yes;2428
280;11:21:04;13.25;230.9;572;103;-53.9;-48;;0;yes;2428
280;11:21:17;16.27;238.67;709;71;;;;0;yes;2431
281;11:18:11;55.86;153.79;3918;78;;;98;0;yes;2408
281;11:18:24;55.4;156.11;3848;96;1735.2;554;;0;no;2410
281;11:18:37;53.52;157.97;3566;224;1095.9;500;;0;yes;2410
281;11:18:50;53.04;163.81;3504;507;740.9;448;;0;yes;2414
281;11:19:05;52.66;167.24;3455;648;540.3;407;;0;yes;2416
281;11:19:18;52.26;169.99;3401;726;276.4;348;;0;yes;2416
281;11:19:31;52.01;172.49;3367;769;131.5;268;;0;yes;2417
281;11:19:44;51.85;174.86;3345;797;76.3;221;;0;yes;2417
281;11:19:57;51.72;176.71;3331;839;90.5;294;;0;yes;2419
281;11:20:10;51.56;178.68;3320;882;99.2;342;;0;yes;2425
281;11:20:23;51.49;180.83;3312;909;104.5;370;;0;yes;2427
281;11:20:38;51.25;185.75;3281;1016;101.3;373;;0;yes;2427
281;11:20:51;52.51;186.16;3451;1308;88.4;348;1615;0;yes;2428
281;11:21:04;52.74;187.79;3482;1328;71.0;303;1609;0;yes;2428
281;11:21:17;52.97;189.02;3518;1333;51.3;241;1617;0;yes;2431
281;11:21:31;53.2;190.71;3547;1351;27.5;150;1595;0;yes;2428
281;11:21:45;53.45;192.38;3586;1369;10.1;66;1606;0;yes;2431
281;11:21:58;53.79;194.29;3636;1384;9.1;60;1625;0;yes;2431
281;11:22:11;53.97;196.68;3662;1451;8.0;53;1811;0;yes;2431
281;11:22:24;54.48;197.76;3735;1405;6.1;41;1697;0;yes;2428
281;11:22:37;54.94;199.26;3805;1408;4.2;29;1676;0;yes;2428
281;11:22:50;55.37;200.69;3873;1426;2.0;14;1721;0;yes;2428
281;11:23:03;55.8;201.93;3941;1422;-1.8;-12;1629;0;yes;2428
281;11:23:16;56.19;203.26;4009;1422;-5.2;-37;1607;0;yes;2431
281;11:23:29;56.64;204.49;4085;1408;-7.7;-55;1568;0;yes;2431
281;11:23:42;57.11;205.76;4162;1436;-8.7;-63;1566;0;yes;2428
281;11:23:55;57.53;206.92;4235;1365;0.6;8;1473;0;yes;2428
281;11:24:08;58.01;208.12;4323;1338;16.2;118;1405;0;yes;2428
281;11:24:21;58.47;208.93;4414;1301;30.9;210;1360;0;yes;2431
281;11:24:34;58.85;208.82;4481;1311;43.5;280;1335;0;yes;2428
281;11:24:47;61.33;203.92;4972;1570;49.6;311;2222;0;yes;2427
281;11:24:59;61.05;207.92;4890;1761;46.6;294;1978;0;yes;2415
281;11:25:12;61.45;208.47;4972;1766;46.4;295;1976;0;yes;2415
281;11:25:25;62.07;207.61;5103;1740;38.5;254;1992;0;yes;2415
281;11:25:40;62.55;208.29;5167;1776;14.5;112;;0;no;2415
281;11:25:53;63.09;208.99;5247;1785;;;;0;no;2413
281;11:26:06;63.66;208.71;5318;1748;;;;0;no;2412
281;11:26:19;63.93;209.57;5392;1740;;;;0;no;2410
281;11:26:32;64.23;210.59;5475;1756;;;;0;no;2410
281;11:26:45;64.51;211.61;5549;1781;;;;0;no;2406
281;11:26:58;64.79;212.55;5634;1822;;;;0;no;2405
281;11:27:11;65.04;213.4;5724;1836;;;;0;no;2405
281;11:27:24;65.3;214.32;5814;1861;;;;0;no;2404
281;11:27:38;65.55;215.05;5903;1876;;;;0;no;2403
281;11:27:51;65.79;215.82;5998;1900;;;;0;no;2403
281;11:28:04;68.27;228.63;6092;3103;;;;1;no;2400
281;11:28:17;68.45;229.21;6192;3105;;;;1;no;2400
281;11:28:30;68.67;229.82;6280;3095;;;;1;no;2395
281;11:28:43;66.59;218.82;6370;1908;;;;1;no;2391
281;11:28:56;66.78;219.65;6471;1897;;;;1;no;2388
281;11:29:09;66.96;220.39;6560;1889;;;;1;no;2382
281;11:29:22;67.33;221.87;6650;1959;;;;0;no;2375
281;11:29:37;67.45;222.13;6760;1918;;;;0;no;2375
281;11:29:50;67.62;222.79;6877;1879;;;;0;no;2372
281;11:30:03;67.78;223.53;6966;1838;;;;0;no;2363
281;11:30:16;68.02;224.22;7075;1822;;;;0;no;2360
281;11:30:29;68.5;224.29;7195;1922;;;;0;no;2360
281;11:30:42;68.75;225.03;7195;1887;;;;0;no;2322
281;11:30:55;68.92;225.82;7317;1867;;;;0;no;2322
281;11:31:08;69.1;226.52;7431;1832;;;;0;no;2320
281;11:31:21;69.27;227.28;7555;1803;;;;0;no;2320
281;11:31:36;69.47;227.99;7614;1769;;;;0;no;2300
281;11:31:49;71.64;237.23;7738;2866;;;;1;no;2293
281;11:32:02;71.83;237.64;7827;2845;;;;1;no;2293
281;11:32:16;71.94;238.84;7887;2766;-2.4;-34;;0;no;2291
281;11:32:29;72.13;239.18;7959;2762;-3.0;-42;2305;0;yes;2291
281;11:32:42;72.29;239.43;8029;2764;-3.3;-46;2269;0;yes;2290
281;11:32:55;72.44;239.68;8106;2747;-3.2;-44;2237;0;yes;2290
281;11:33:08;72.57;239.99;8167;2721;-3.3;-46;2215;0;yes;2290
281;11:33:21;72.7;240.4;8236;2709;-3.0;-42;2201;0;yes;2290
281;11:33:34;72.85;240.74;8311;2699;-2.4;-33;2203;0;yes;2290
281;11:33:47;73.03;241.1;8404;2696;-1.6;-22;2194;0;yes;2290
281;11:34:00;73.17;241.35;8478;2691;-0.8;-10;2181;0;yes;2290
281;11:34:13;73.34;241.69;8572;2700;-0.3;-4;2176;0;yes;2290
281;11:34:26;73.52;242.04;8672;2698;-0.5;-7;2169;0;yes;2291
281;11:34:39;73.64;242.32;8743;2697;-0.9;-12;2148;0;yes;2291
281;11:34:52;73.8;242.6;8833;2708;-1.2;-16;2150;0;yes;2291
281;11:35:05;73.95;242.83;8928;2697;-1.9;-26;2132;0;yes;2293
281;11:35:18;74.09;243.24;9012;2678;-3.5;-48;2130;0;yes;2293
281;11:35:31;74.21;243.4;9109;2675;-4.8;-66;2135;0;yes;2300
281;11:35:46;74.31;243.55;9249;2672;-5.8;-79;2157;0;yes;2320
281;11:35:59;74.4;243.62;9307;2648;-6.1;-83;2151;0;yes;2320
281;11:36:11;74.48;243.76;9358;2595;-5.8;-78;2113;0;yes;2320
281;11:36:24;74.56;243.92;9435;2570;-6.1;-82;2079;0;yes;2327
281;11:36:37;74.68;244.1;9569;2568;-6.1;-82;2081;0;yes;2341
281;11:36:51;73.78;218.11;10144;9229;-4.8;-64;;1;no;2341
281;11:37:03;73.8;218.27;10320;9062;;;;1;no;2355
282;11:18:37;73.79;157.33;9288;61;;;52;0;yes;2410
282;11:18:50;73.55;158.25;9158;62;213.5;50;57;0;yes;2414
282;11:19:05;73.44;159.23;9102;80;217.8;54;77;0;yes;2416
282;11:19:18;73.3;160.27;9024;85;219.4;58;72;0;yes;2416
282;11:19:31;73.23;161.28;8985;100;200.5;57;74;0;yes;2417
282;11:19:44;73.16;162.34;8942;123;167.3;54;88;0;yes;2417
282;11:19:57;73.06;163.41;8897;133;130.3;49;96;0;yes;2419
282;11:20:10;73.01;164.55;8889;151;92.1;40;109;0;yes;2425
282;11:20:23;72.96;165.59;8869;154;51.6;27;105;0;yes;2427
282;11:20:38;72.92;166.69;8844;163;18.1;12;112;0;yes;2427
282;11:20:51;72.88;167.87;8826;158;-0.3;0;106;0;yes;2428
282;11:21:04;72.87;168.95;8824;155;-17.0;-13;105;0;yes;2428
282;11:21:17;72.87;169.92;8831;155;-28.2;-23;109;0;yes;2431
282;11:21:31;72.89;170.96;8835;143;-39.2;-32;98;0;yes;2428
282;11:21:45;72.88;172.04;8840;138;-44.1;-38;95;0;yes;2431
282;11:21:58;72.93;173.13;8863;112;-49.3;-43;76;0;yes;2431
282;11:22:11;72.97;174.29;8888;86;-54.2;-49;54;0;yes;2431
282;11:22:24;73.01;175.17;8900;55;;;;0;no;2428
283;11:18:50;76.74;175.2;11473;186;;;145;0;yes;2414
283;11:19:05;76.63;176.08;11388;265;174.3;179;223;0;yes;2416
283;11:19:18;76.57;177.02;11331;321;170.9;185;242;0;yes;2416
283;11:19:31;76.56;177.87;11325;356;155.5;179;257;0;yes;2417
283;11:19:44;76.53;178.73;11299;387;132.3;164;282;0;yes;2417
283;11:19:57;76.72;180.07;11477;480;105.7;148;342;0;yes;2419
283;11:20:10;76.72;180.85;11505;499;76.8;122;340;0;yes;2425
283;11:20:23;76.75;181.68;11545;518;49.6;90;351;0;yes;2427
283;11:20:38;76.79;182.51;11583;526;33.9;68;344;0;yes;2427
283;11:20:51;76.87;183.35;11662;525;13.1;31;338;0;yes;2428
283;11:21:04;76.93;184.15;11605;537;46.1;116;;0;no;2428
283;11:21:17;76.98;184.95;11560;543;60.7;149;;0;no;2431
283;11:21:31;77.02;185.77;11495;554;68.1;164;;0;no;2428
283;11:21:45;76.55;184.18;11448;841;67.8;163;;0;no;2431
283;11:21:58;76.52;184.9;11404;888;74.2;175;;0;no;2431
283;11:22:11;76.47;185.42;11358;939;;;;0;no;2431
283;11:22:24;76.47;188.36;11300;743;;;714;0;yes;2428
283;11:22:37;76.46;189.14;11291;761;;;730;0;yes;2428
284;11:20:23;76.65;141.48;11452;1453;;;;0;yes;2427
284;11:20:38;76.57;141.82;11384;1452;-4.7;-35;;0;yes;2427
284;11:20:51;76.48;142.42;11312;1461;-6.4;-47;;0;yes;2428
284;11:21:04;76.4;142.96;11239;1459;-7.2;-53;;0;yes;2428
284;11:21:17;76.27;143.45;11145;1430;-21.8;-156;;0;yes;2431
284;11:21:31;76.21;144.01;11077;1414;-32.9;-245;;0;yes;2428
284;11:21:45;76.12;144.6;11019;1389;-39.7;-306;;0;yes;2431
284;11:21:58;76.09;145.24;10990;1376;-44.5;-348;;0;yes;2431
284;11:22:11;75.47;144.97;10503;1029;-78.6;-573;785;0;yes;2431
284;11:22:24;75.39;145.6;10433;977;-90.8;-731;739;0;yes;2428
284;11:22:37;75.34;146.3;10395;930;-95.2;-806;702;0;yes;2428
284;11:22:50;76.12;147.94;10498;1259;-96.3;-786;;0;no;2428
284;11:23:03;78.75;155.0;10604;2963;-96.6;-683;;1;no;2428
284;11:23:16;75.75;143.29;10722;196;-97.5;-721;172;0;yes;2431
284;11:23:29;75.65;143.85;10642;154;-97.8;-716;155;0;yes;2431
284;11:23:42;75.71;143.81;10680;84;-97.0;-586;63;0;yes;2428
284;11:23:55;75.64;144.46;10620;91;;;67;0;yes;2428
285;11:21:04;66.11;50.82;5479;89;;;;0;no;2428
285;11:21:17;64.88;49.35;5415;226;;;;1;no;2431
285;11:21:31;64.67;48.96;5337;378;;;;1;no;2428
285;11:21:45;64.39;48.19;5277;516;;;;1;no;2431
285;11:21:58;63.74;47.49;5193;589;;;;1;no;2431
285;11:22:11;63.23;46.68;5121;672;;;;1;no;2431
285;11:22:24;62.64;45.94;5048;711;49.9;185;;1;no;2428
285;11:22:37;62.3;44.73;5179;814;51.1;193;1056;0;yes;2428
285;11:22:50;61.88;43.59;5088;897;52.2;202;1224;0;yes;2428
285;11:23:03;61.36;42.48;4980;967;48.9;194;1361;0;yes;2428
285;11:23:16;60.79;41.43;4868;1020;45.1;188;1458;0;yes;2431
285;11:23:29;60.25;40.29;4762;1071;41.8;183;1574;0;yes;2431
285;11:23:42;59.69;39.1;4647;1127;37.9;173;1686;0;yes;2428
285;11:23:55;58.99;37.93;4507;1131;33.5;161;1701;0;yes;2428
285;11:24:08;58.42;36.68;4399;1167;27.2;138;1817;0;yes;2428
285;11:24:21;57.97;35.46;4320;1206;21.1;113;1928;0;yes;2431
285;11:24:34;57.41;34.19;4215;1227;16.1;90;2055;0;yes;2428
285;11:24:47;56.85;32.8;4115;1258;12.6;72;2138;0;yes;2427
285;11:24:59;56.31;31.42;4003;1271;7.8;46;2272;0;yes;2415
285;11:25:12;55.99;29.79;3951;1282;4.6;28;2440;0;yes;2415
285;11:25:25;55.69;28.1;3903;1257;5.1;32;2387;0;yes;2415
285;11:25:40;55.27;26.46;3837;1252;6.7;42;2460;0;yes;2415
285;11:25:53;54.98;24.51;3787;1261;10.7;66;2555;0;yes;2413
285;11:26:06;54.73;22.76;3747;1270;13.5;83;2485;0;yes;2412
285;11:26:19;54.54;21.06;3715;1321;15.0;93;2469;0;yes;2410
285;11:26:32;54.15;19.2;3658;1344;15.1;93;2594;0;yes;2410
285;11:26:45;53.85;18.09;3607;1386;12.7;79;2749;0;yes;2406
285;11:26:58;53.64;16.6;3576;1392;5.3;34;2666;0;yes;2405
285;11:27:11;53.6;15.39;3570;1383;-1.7;-11;2860;0;yes;2405
285;11:27:24;53.63;14.51;3573;1429;-5.9;-40;;0;yes;2404
285;11:27:38;53.58;13.5;3564;1452;-8.4;-59;;0;yes;2403
285;11:27:51;53.46;12.47;3547;1218;4.7;39;;0;yes;2403
285;11:28:04;53.29;11.45;3519;1223;17.0;120;;0;yes;2400
285;11:28:17;53.65;11.36;3571;1311;27.9;185;;0;yes;2400
285;11:28:30;53.46;10.25;3535;1307;24.4;160;;0;yes;2395
285;11:28:43;53.3;8.79;3506;1640;19.4;126;;0;yes;2391
285;11:28:56;53.19;7.34;3487;1648;10.1;65;;0;yes;2388
285;11:29:09;53.06;5.65;3460;1690;1.8;6;;0;yes;2382
285;11:29:22;53.0;4.25;3443;1364;-6.5;-56;;0;yes;2375
285;11:29:37;52.83;2.8;3419;1386;-14.2;-119;;0;yes;2375
285;11:29:50;52.63;1.24;3387;1407;-8.7;-72;;0;yes;2372
285;11:30:03;52.59;359.54;3368;1438;-0.1;-4;;0;yes;2363
285;11:30:16;52.55;357.84;3360;1455;11.7;81;;0;yes;2360
285;11:30:29;52.52;355.98;3355;1486;13.4;93;;0;yes;2360
285;11:30:42;52.52;354.18;3301;1489;13.3;93;;0;yes;2322
285;11:30:55;52.55;352.47;3305;1519;13.8;98;;0;yes;2322
285;11:31:08;52.58;350.75;3305;1537;14.4;104;;0;yes;2320
285;11:31:21;52.66;348.93;3316;1562;14.5;106;;0;yes;2320
285;11:31:36;52.76;347.17;3301;1570;14.2;105;;0;yes;2300
285;11:31:49;50.99;344.9;3069;1626;12.7;96;;0;yes;2293
285;11:32:02;51.12;342.91;3085;1643;11.0;84;;0;yes;2293
285;11:32:16;51.35;340.88;3109;1664;9.1;71;;0;yes;2291
285;11:32:29;51.65;338.95;3146;1666;7.3;58;;0;yes;2291
285;11:32:42;52.01;337.02;3190;1675;4.7;38;;0;yes;2290
285;11:32:55;52.45;335.28;3247;1678;19.5;166;;0;yes;2290
285;11:33:08;52.89;333.42;3304;1686;32.1;263;;0;yes;2290
285;11:33:21;53.37;331.77;3367;1695;41.5;329;;0;yes;2290
285;11:33:34;53.79;330.07;3425;1698;45.7;358;;0;yes;2290
285;11:33:47;54.22;328.74;3485;2142;37.6;300;;0;yes;2290
285;11:34:00;54.69;327.44;3552;2147;19.9;167;;0;yes;2290
285;11:34:13;55.08;326.16;3609;2146;3.6;27;2981;0;yes;2290
285;11:34:26;55.44;325.31;3665;2157;-10.9;-118;2960;0;yes;2291
285;11:34:39;55.8;324.59;3510;2159;-23.9;-269;;0;no;2291
285;11:34:52;53.28;323.31;3357;1792;-26.3;-299;;0;yes;2291
285;11:35:05;53.41;321.96;3378;1797;-27.8;-318;;0;yes;2293
285;11:35:18;42.93;321.67;3324;1895;-26.6;-301;;1;no;2293
285;11:35:31;43.4;318.96;3283;1914;10.0;94;;0;no;2300
285;11:35:46;44.29;316.55;3263;1939;21.2;185;;0;no;2320
285;11:35:59;45.94;314.03;3229;2000;22.3;194;;0;no;2320
285;11:36:11;46.42;311.6;3184;2021;21.9;191;;0;no;2320
285;11:36:24;47.64;308.77;3154;2075;18.7;166;;0;no;2327
285;11:36:37;49.08;307.42;3141;2082;4.4;45;;0;no;2341
285;11:36:51;50.83;306.55;3112;2063;4.6;47;;0;yes;2341
285;11:37:03;52.16;305.75;3300;2076;29.5;310;;0;yes;2355
285;11:37:16;53.79;305.26;3583;2087;40.5;410;;0;yes;2396
285;11:37:29;55.01;304.84;3800;2122;52.5;512;;0;yes;2417
285;11:37:43;55.99;304.25;3967;2119;58.3;558;;0;yes;2425
285;11:37:56;56.67;303.45;4100;2820;56.4;544;;0;yes;2437
285;11:38:09;57.13;302.7;4180;2814;48.3;479;;0;yes;2437
285;11:38:22;57.61;301.83;4270;2845;34.5;361;;0;yes;2440
285;11:38:34;58.15;301.11;4368;2785;17.3;192;;0;yes;2440
285;11:38:47;58.59;300.24;4458;2791;-2.5;-35;2948;0;yes;2443
285;11:39:00;59.03;299.27;4573;2801;-2.8;-39;2919;0;yes;2458
285;11:39:13;59.41;298.45;4648;2747;-3.0;-42;2754;0;yes;2458
285;11:39:26;54.06;302.03;4619;2358;11.2;158;;1;no;2458
285;11:39:39;54.77;300.85;4590;2346;16.2;221;;1;no;2459
285;11:39:52;55.46;299.79;4573;2318;17.7;240;;0;no;2466
285;11:40:06;56.18;298.78;4557;2305;17.4;236;;0;no;2473
285;11:40:19;57.0;297.62;4545;3194;15.6;211;;0;no;2473
285;11:40:32;57.73;296.53;4516;3213;10.3;141;;0;no;2473
285;11:40:45;58.44;295.47;4490;3131;-6.8;-107;;0;yes;2476
285;11:40:58;59.12;294.49;4623;3097;-7.8;-123;;0;yes;2476
285;11:41:11;59.78;293.46;4790;3067;-8.5;-133;;0;yes;2493
285;11:41:23;60.34;292.61;4914;3043;-9.7;-153;;0;yes;2498
285;11:41:38;61.04;291.8;5057;2972;-10.9;-170;;0;yes;2498
285;11:41:54;61.74;290.89;5206;2932;-11.3;-176;;0;yes;2498
285;11:42:07;62.27;290.21;5324;2894;-11.2;-173;;0;yes;2499
285;11:42:20;62.77;289.62;5439;2847;-10.7;-163;;0;yes;2499
285;11:42:32;63.27;289.01;5559;2810;-10.4;-155;;0;yes;2499
285;11:42:46;63.79;288.39;5687;2794;-10.6;-156;;0;yes;2500
285;11:42:58;64.27;287.84;5810;2772;-11.0;-160;;0;yes;2500
285;11:43:11;64.72;287.23;5928;2741;-11.6;-167;;0;yes;2500
285;11:43:26;65.18;286.68;6059;2680;-12.1;-172;2890;0;yes;2501
285;11:43:39;65.67;285.98;6197;2645;-12.4;-176;2775;0;yes;2501
285;11:43:51;66.1;285.37;6322;2600;-12.7;-179;2659;0;yes;2501
285;11:44:04;66.47;284.79;6433;2555;-12.6;-177;2569;0;yes;2501
285;11:44:17;66.83;284.16;6543;2512;-11.9;-164;2463;0;yes;2500
285;11:44:30;67.15;283.58;6643;2473;;;2353;0;yes;2499
286;11:21:17;76.16;116.67;11048;131;;;;0;no;2431
286;11:21:31;75.98;117.17;10890;212;86.8;86;125;0;yes;2428
286;11:21:45;75.81;117.79;10766;250;79.7;83;146;0;yes;2431
286;11:21:58;75.63;118.53;10622;291;74.9;81;171;0;yes;2431
286;11:22:11;75.46;119.2;10497;305;66.5;75;192;0;yes;2431
286;11:22:24;75.25;119.83;10331;328;52.0;64;213;0;yes;2428
286;11:22:37;75.07;120.44;10200;338;37.6;51;233;0;yes;2428
286;11:22:50;74.91;121.07;10083;356;26.1;38;253;0;yes;2428
286;11:23:03;74.71;121.68;9947;355;18.5;29;269;0;yes;2428
286;11:23:16;74.55;122.39;9848;359;11.4;19;274;0;yes;2431
286;11:23:29;74.38;123.13;9736;351;7.7;13;280;0;yes;2431
286;11:23:42;74.17;123.85;9592;354;3.3;6;285;0;yes;2428
286;11:23:55;73.99;124.54;9480;366;-1.2;-2;297;0;yes;2428
286;11:24:08;73.82;125.27;9370;366;-13.6;-24;298;0;yes;2428
286;11:24:21;73.63;126.02;9265;369;-30.1;-55;290;0;yes;2431
286;11:24:34;73.44;126.77;9145;357;-48.1;-94;290;0;yes;2428
286;11:24:47;73.24;127.47;9023;340;-59.9;-123;291;0;yes;2427
286;11:24:59;73.0;127.89;8850;290;-67.2;-142;286;0;yes;2415
286;11:25:12;72.74;128.63;8706;244;-73.1;-152;275;0;yes;2415
286;11:25:25;72.48;129.65;8570;194;-75.9;-160;263;0;yes;2415
286;11:25:40;72.12;130.59;8383;154;-77.4;-159;163;0;yes;2415
286;11:25:53;71.76;131.89;8202;94;-76.7;-142;89;0;yes;2413
286;11:26:06;71.53;132.96;8089;57;;;;0;no;2412
287;11:21:31;25.8;349.72;208;30;;;;0;no;2428
287;11:21:45;26.44;342.92;269;59;;;;0;no;2431
287;11:21:58;27.26;336.05;349;69;;;;0;no;2431
287;11:22:11;28.32;329.83;412;75;;;;0;no;2431
287;11:22:24;20.82;320.47;472;941;;;;0;no;2428
287;11:22:37;21.34;312.93;533;998;;;;0;no;2428
287;11:22:50;22.22;307.0;593;1050;;;;0;no;2428
287;11:23:03;23.5;302.0;652;1073;;;;0;no;2428
287;11:23:16;24.78;297.87;712;1101;18.1;106;;0;no;2431
287;11:23:29;22.39;285.6;1001;1215;18.6;110;;0;yes;2431
287;11:23:42;23.59;283.38;1060;1293;25.9;155;;0;yes;2428
287;11:23:55;24.73;280.0;1118;1317;33.6;203;;0;yes;2428
287;11:24:08;25.91;277.82;1180;1357;38.2;233;;0;yes;2428
287;11:24:21;27.36;275.44;1258;1394;40.0;246;;0;yes;2431
287;11:24:34;23.34;262.88;1048;1569;39.2;244;;1;no;2428
287;11:24:47;24.01;261.42;1081;1629;35.0;224;;0;yes;2427
287;11:24:59;25.6;261.93;1157;1636;25.9;173;;0;yes;2415
287;11:25:12;25.21;263.8;1137;1689;15.1;107;;0;yes;2415
287;11:25:25;23.47;261.9;1162;1726;4.6;35;;0;no;2415
287;11:25:40;24.84;261.95;1184;1693;-0.3;-2;;0;no;2415
287;11:25:53;27.02;263.03;1231;1629;-0.7;-6;;0;yes;2413
287;11:26:06;22.02;260.12;1282;1316;-1.2;-10;;0;no;2412
287;11:26:19;27.31;262.95;1336;1585;-13.4;-111;;0;no;2410
287;11:26:32;27.75;263.18;1390;1531;-17.3;-146;;0;no;2410
287;11:26:45;27.99;264.16;1441;1516;-18.6;-156;;0;no;2406
287;11:26:58;28.73;264.25;1496;1515;-20.4;-171;;0;no;2405
287;11:27:11;29.89;264.49;1552;1499;-21.7;-180;;0;no;2405
287;11:27:24;32.33;265.1;1608;1491;-24.4;-188;;0;no;2404
287;11:27:38;34.21;265.24;1661;1448;-28.4;-218;;0;yes;2403
287;11:27:51;35.78;265.67;1772;1387;-29.4;-224;;0;yes;2403
287;11:28:04;37.22;265.96;1876;1311;-29.4;-220;;0;yes;2400
287;11:28:17;38.35;266.08;1962;1230;-31.3;-230;;0;yes;2400
287;11:28:30;39.32;266.41;2035;1151;-33.1;-237;;0;yes;2395
287;11:28:43;40.31;266.18;2112;1094;-33.8;-239;;0;yes;2391
287;11:28:56;39.96;265.62;2081;983;-33.8;-234;;0;yes;2388
287;11:29:09;38.01;272.28;2145;1089;-31.9;-198;;1;no;2382
287;11:29:22;39.3;272.2;2210;1040;-35.7;-211;;1;no;2375
287;11:29:37;40.8;271.81;2280;1012;-42.3;-245;;1;no;2375
287;11:29:50;42.28;271.65;2367;955;-46.0;-261;;1;no;2372
287;11:30:03;43.73;271.51;2435;916;-46.3;-252;;1;no;2363
287;11:30:16;45.06;271.84;2508;864;-46.5;-240;;1;no;2360
287;11:30:29;47.78;271.55;2786;870;-48.0;-225;;0;yes;2360
287;11:30:42;50.59;267.9;3059;664;-48.1;-215;;0;yes;2322
287;11:30:55;51.87;268.21;3218;592;-48.1;-215;;0;yes;2322
287;11:31:08;53.04;268.26;3366;493;-44.0;-178;;0;yes;2320
287;11:31:21;54.02;268.26;2971;392;-40.2;-148;;0;no;2320
287;11:31:36;54.85;267.72;3011;293;;;;0;no;2300
287;11:31:49;55.9;266.95;3091;225;;;;0;no;2293
287;11:32:02;56.85;266.59;3159;167;;;;0;no;2293
287;11:32:16;57.29;266.76;3223;107;;;;0;no;2291
287;11:32:29;57.94;266.78;3293;57;;;;0;no;2291
287;11:32:42;58.79;266.1;3359;28;;;;0;no;2290
288;11:21:45;75.27;41.54;10033;94;;;;0;no;2431
288;11:21:58;75.1;40.57;9921;178;;;;0;no;2431
288;11:22:11;74.95;39.85;9823;232;;;;0;no;2431
288;11:22:24;74.75;39.06;9719;281;61.2;102;;0;no;2428
288;11:22:37;74.54;38.87;9833;373;64.3;110;316;0;yes;2428
288;11:22:50;74.34;38.2;9703;416;63.2;110;360;0;yes;2428
288;11:23:03;74.09;37.48;9543;456;61.2;110;394;0;yes;2428
288;11:23:16;73.89;36.7;9423;486;57.2;109;421;0;yes;2431
288;11:23:29;73.7;35.98;9309;520;51.0;103;448;0;yes;2431
288;11:23:42;73.51;35.21;9184;538;45.4;97;480;0;yes;2428
288;11:23:55;73.29;34.46;9059;559;39.8;90;535;0;yes;2428
288;11:24:08;73.06;33.68;8927;574;34.5;84;567;0;yes;2428
288;11:24:21;72.86;32.9;8829;582;29.9;77;602;0;yes;2431
288;11:24:34;72.64;32.1;8698;603;27.3;72;626;0;yes;2428
288;11:24:47;72.42;31.17;8582;642;26.2;71;649;0;yes;2427
288;11:24:59;72.19;30.35;8418;659;26.1;72;665;0;yes;2415
288;11:25:12;71.94;29.49;8341;666;26.4;73;;0;no;2415
288;11:25:25;71.69;28.63;8264;669;-3.4;-10;;0;no;2415
288;11:25:40;71.54;27.78;8192;668;-11.0;-36;;0;no;2415
288;11:25:53;71.33;26.66;8097;668;-15.2;-50;;0;no;2413
288;11:26:06;71.19;25.71;8024;670;-18.1;-61;;0;no;2412
288;11:26:19;71.08;24.7;7951;630;-20.6;-69;;0;no;2410
288;11:26:32;70.96;23.68;7882;610;-23.2;-73;;0;no;2410
288;11:26:45;70.95;22.63;7803;591;-23.9;-74;738;0;yes;2406
288;11:26:58;70.99;21.54;7817;567;-23.6;-72;741;0;yes;2405
288;11:27:11;71.07;20.5;7854;535;-22.4;-68;744;0;yes;2405
288;11:27:24;71.2;19.44;7910;510;-22.4;-66;499;0;yes;2404
288;11:27:38;71.14;18.42;7876;496;-23.2;-67;447;0;yes;2403
288;11:27:51;71.05;17.41;7839;486;-24.7;-69;452;0;yes;2403
288;11:28:04;70.95;16.48;7787;483;-25.3;-68;472;0;yes;2400
288;11:28:17;70.86;15.48;7746;467;-24.9;-65;490;0;yes;2400
288;11:28:30;70.81;14.47;7708;443;-24.9;-64;447;0;yes;2395
288;11:28:43;70.78;13.53;7681;419;-25.4;-64;435;0;yes;2391
288;11:28:56;70.68;12.56;7629;411;-28.4;-69;412;0;yes;2388
288;11:29:09;70.54;11.62;7550;405;-36.5;-85;422;0;yes;2382
288;11:29:22;70.38;10.7;7465;398;-47.0;-107;434;0;yes;2375
288;11:29:37;70.29;9.78;7428;380;-54.8;-125;375;0;yes;2375
288;11:29:50;70.12;8.71;7346;345;-60.0;-138;355;0;yes;2372
288;11:30:03;69.93;7.57;7243;280;-62.3;-141;325;0;yes;2363
288;11:30:16;69.92;6.28;7233;230;-65.6;-142;298;0;yes;2360
288;11:30:29;69.89;4.96;7222;214;-70.4;-139;228;0;yes;2360
288;11:30:42;69.8;3.9;7069;204;-72.3;-124;225;0;yes;2322
288;11:30:55;69.59;2.67;6991;196;-73.8;-108;199;0;yes;2322
288;11:31:08;69.43;1.5;6923;158;-75.0;-102;148;0;yes;2320
288;11:31:21;69.3;0.16;6875;117;-78.6;-109;97;0;yes;2320
288;11:31:36;69.29;358.98;6814;83;-82.5;-119;65;0;yes;2300
288;11:31:49;69.26;357.68;6784;61;;;48;0;yes;2293
289;11:21:58;77.91;60.73;12740;1340;;;;0;no;2431
289;11:22:11;77.85;60.41;12643;1346;-7.7;-52;;0;yes;2431
289;11:22:24;77.74;60.04;12517;1298;-7.6;-51;;0;yes;2428
289;11:22:37;77.66;59.72;12435;1282;-8.1;-54;;0;yes;2428
289;11:22:50;77.56;59.43;12332;1274;-9.0;-60;;0;yes;2428
289;11:23:03;77.45;59.12;12212;1259;-10.1;-66;;0;yes;2428
289;11:23:16;77.35;58.73;12131;1250;-11.9;-78;;0;yes;2431
289;11:23:29;77.28;58.26;12061;1230;-14.5;-94;;0;yes;2431
289;11:23:42;77.17;57.83;11944;1204;-17.8;-115;;0;yes;2428
289;11:23:55;77.03;57.4;11807;1179;-20.7;-134;761;0;yes;2428
289;11:24:08;76.9;57.0;11689;1157;-23.2;-149;771;0;yes;2428
289;11:24:21;76.78;56.62;11585;1116;-25.3;-160;765;0;yes;2431
289;11:24:34;76.63;56.09;11445;1067;-28.3;-176;738;0;yes;2428
289;11:24:47;76.5;55.5;11319;1031;-29.2;-177;741;0;yes;2427
289;11:24:59;76.37;55.05;11152;1003;-28.3;-166;716;0;yes;2415
289;11:25:12;76.21;54.67;11021;963;-25.9;-146;683;0;yes;2415
289;11:25:25;76.01;54.12;10861;899;-24.0;-130;651;0;yes;2415
289;11:25:40;75.89;53.72;10759;890;-23.5;-122;654;0;yes;2415
289;11:25:53;75.74;53.13;10635;882;-24.4;-122;635;0;yes;2413
289;11:26:06;75.62;52.72;10535;869;-26.2;-126;624;0;yes;2412
289;11:26:19;75.5;52.39;10439;838;-27.8;-130;606;0;yes;2410
289;11:26:32;75.38;51.94;10347;799;-30.9;-144;587;0;yes;2410
289;11:26:45;75.26;51.65;10243;754;-32.2;-148;533;0;yes;2406
289;11:26:58;75.15;51.44;10157;709;-32.1;-143;512;0;yes;2405
289;11:27:11;75.11;51.02;10129;668;-31.6;-137;483;0;yes;2405
289;11:27:24;75.04;50.56;10080;625;-28.9;-117;452;0;yes;2404
289;11:27:38;74.99;49.9;9972;581;-24.8;-94;;0;no;2403
289;11:27:51;74.92;49.21;9870;559;-20.7;-74;;0;no;2403
289;11:28:04;74.77;48.87;9759;568;-17.6;-61;;0;no;2400
289;11:28:17;74.58;48.62;9658;568;-14.1;-47;;0;no;2400
289;11:28:30;74.37;48.29;9536;581;-10.9;-35;;0;no;2395
289;11:28:43;74.13;48.04;9422;584;-10.3;-32;398;0;yes;2391
289;11:28:56;73.9;47.59;9268;592;-15.1;-45;398;0;yes;2388
289;11:29:09;73.67;47.31;9107;590;-18.5;-56;403;0;yes;2382
289;11:29:22;73.45;47.09;8955;576;-23.4;-72;411;0;yes;2375
289;11:29:37;73.22;46.85;8821;546;-26.4;-81;380;0;yes;2375
289;11:29:50;72.97;46.8;8674;502;-27.5;-84;363;0;yes;2372
289;11:30:03;72.73;46.32;8513;478;-54.0;-153;340;0;yes;2363
289;11:30:16;72.51;46.03;8391;458;-66.8;-198;336;0;yes;2360
289;11:30:29;72.42;46.75;8321;368;-72.1;-218;;0;no;2360
289;11:30:42;72.19;46.36;8121;361;-72.7;-214;;0;no;2322
289;11:30:55;71.96;45.89;8052;355;-70.8;-201;;0;no;2322
289;11:31:08;71.71;45.29;7975;319;-61.9;-161;;0;no;2320
289;11:31:21;71.81;44.26;7906;208;-41.4;-97;253;0;yes;2320
289;11:31:36;71.46;43.84;7681;200;-19.6;-48;253;0;yes;2300
289;11:31:49;71.23;42.96;7560;214;57.3;54;236;0;yes;2293
289;11:32:02;71.07;41.54;7492;290;79.5;70;254;0;yes;2293
289;11:32:16;70.8;40.51;7367;350;;;257;0;yes;2291
290;11:23:16;74.31;112.13;9035;142;;;;0;no;2431
290;11:23:29;74.06;112.52;8932;189;;;;0;no;2431
290;11:23:42;73.79;112.93;8817;232;;;;0;no;2428
290;11:23:55;73.51;113.35;8716;284;;;;0;no;2428
290;11:24:08;73.19;112.95;8614;401;;;;0;no;2428
290;11:24:21;72.9;113.22;8524;461;;;;0;no;2431
290;11:24:34;72.59;113.39;8414;522;41.6;111;;0;no;2428
290;11:24:47;72.28;113.62;8505;579;38.0;104;413;0;yes;2427
290;11:24:59;71.97;114.0;8312;633;35.8;100;459;0;yes;2415
290;11:25:12;71.63;114.46;8147;678;34.2;98;474;0;yes;2415
290;11:25:25;71.27;114.87;7978;715;73.5;231;504;0;yes;2415
290;11:25:40;70.91;115.29;7817;754;107.8;328;535;0;yes;2415
290;11:25:53;71.23;118.63;7952;1080;132.2;390;;1;no;2413
290;11:26:06;70.93;119.12;7814;1140;143.1;421;;1;no;2412
290;11:26:19;70.61;119.51;7667;1158;137.9;417;;1;no;2410
290;11:26:32;70.29;120.01;7536;1199;118.9;384;;1;no;2410
290;11:26:45;69.95;120.47;7384;1231;86.7;315;1049;0;yes;2406
290;11:26:58;69.63;121.13;7254;1258;50.2;215;1079;0;yes;2405
290;11:27:11;69.31;121.84;7130;1271;13.4;82;1071;0;yes;2405
290;11:27:24;68.98;122.64;7007;1299;13.9;86;1099;0;yes;2404
290;11:27:38;68.64;123.37;6881;1330;14.1;87;1134;0;yes;2403
290;11:27:51;68.31;124.04;6764;1356;13.4;84;1190;0;yes;2403
290;11:28:04;67.96;124.81;6642;1369;11.5;73;1257;0;yes;2400
290;11:28:17;67.63;125.55;6531;1393;9.8;63;1309;0;yes;2400
290;11:28:30;67.3;126.36;6414;1399;7.8;52;1334;0;yes;2395
290;11:28:43;66.95;127.08;6332;1397;6.1;41;;0;no;2391
290;11:28:56;66.63;127.79;6258;1384;;;;0;no;2388
290;11:29:09;66.22;128.47;6174;1360;;;;0;no;2382
290;11:29:22;65.78;129.11;6093;1329;;;;0;no;2375
290;11:29:37;65.43;130.02;6032;1323;;;;0;no;2375
290;11:29:50;64.97;130.88;5951;1278;;;;0;no;2372
290;11:30:03;64.69;131.92;5866;1232;;;;0;no;2363
290;11:30:16;64.35;133.13;5804;1175;;;;0;no;2360
290;11:30:29;63.91;134.07;5746;1155;;;;0;no;2360
290;11:30:42;63.6;135.33;5602;1111;;;;0;no;2322
290;11:30:55;63.33;136.54;5550;1086;;;;0;no;2322
290;11:31:08;63.0;137.86;5496;1037;-27.6;-133;;0;no;2320
290;11:31:21;64.52;140.56;5450;901;-29.8;-142;1277;0;yes;2320
290;11:31:36;64.34;142.07;5362;857;-34.0;-161;1249;0;yes;2300
290;11:31:49;64.28;143.62;5333;791;-38.0;-178;1195;0;yes;2293
290;11:32:02;64.11;144.93;5292;750;-42.1;-194;1170;0;yes;2293
290;11:32:16;63.85;146.08;5226;709;-43.6;-196;1139;0;yes;2291
290;11:32:29;63.84;146.76;5225;638;-42.6;-184;1102;0;yes;2291
290;11:32:42;63.87;147.19;5229;577;-39.3;-160;1085;0;yes;2290
290;11:32:55;63.9;148.02;5236;553;-35.0;-132;556;0;yes;2290
290;11:33:08;63.66;149.26;5181;543;-28.6;-99;507;0;yes;2290
290;11:33:21;63.48;150.49;5140;538;-20.5;-64;489;0;yes;2290
290;11:33:34;63.29;151.64;5098;530;-14.2;-41;478;0;yes;2290
290;11:33:47;63.14;152.81;5064;511;-10.9;-30;458;0;yes;2290
290;11:34:00;62.9;154.16;5012;504;-8.3;-22;463;0;yes;2290
290;11:34:13;62.68;155.58;4965;505;-5.2;-14;482;0;yes;2290
290;11:34:26;62.49;156.92;4928;509;-1.9;-5;508;0;yes;2291
290;11:34:39;62.2;157.73;4868;489;1.7;4;520;0;yes;2291
290;11:34:52;62.03;159.27;4833;496;2.9;7;522;0;yes;2291
290;11:35:05;61.8;160.63;4790;513;2.9;7;524;0;yes;2293
290;11:35:18;61.7;162.18;4770;517;0.5;1;525;0;yes;2293
290;11:35:31;61.66;163.86;4775;520;-4.4;-11;561;0;yes;2300
290;11:35:46;61.71;165.45;4827;513;-11.4;-29;620;0;yes;2320
290;11:35:59;61.72;167.44;4828;519;-20.4;-54;685;0;yes;2320
290;11:36:11;61.75;169.23;4834;497;-31.7;-85;719;0;yes;2320
290;11:36:24;61.77;170.94;4855;476;-42.8;-118;698;0;yes;2327
290;11:36:37;61.81;172.65;4891;447;-50.7;-143;713;0;yes;2341
290;11:36:51;61.92;174.3;4913;410;-55.1;-153;731;0;yes;2341
290;11:37:03;61.92;175.59;4944;357;-57.2;-153;698;0;yes;2355
290;11:37:16;61.93;176.85;5031;315;-60.1;-152;680;0;yes;2396
290;11:37:29;61.87;178.33;5064;292;-60.9;-149;682;0;yes;2417
290;11:37:43;62.2;180.35;5152;250;-60.6;-139;703;0;yes;2425
290;11:37:56;62.48;182.86;5238;173;-58.4;-122;734;0;yes;2437
290;11:38:09;63.56;185.91;5298;108;;;;0;no;2437
291;11:23:16;75.45;118.86;10410;88;;;;0;no;2431
291;11:23:29;75.21;119.19;10311;133;305.0;161;111;0;yes;2431
291;11:23:42;74.92;119.86;10094;179;271.6;160;152;0;yes;2428
291;11:23:55;74.72;120.27;9957;252;236.4;155;200;0;yes;2428
291;11:24:08;74.49;120.83;9801;293;208.8;150;234;0;yes;2428
291;11:24:21;74.37;121.08;9730;357;189.6;150;289;0;yes;2431
291;11:24:34;74.16;121.59;9585;400;160.2;145;317;0;yes;2428
291;11:24:47;73.96;122.07;9425;438;134.1;138;;0;no;2427
291;11:24:59;73.77;122.57;9248;452;;;;0;no;2415
291;11:25:12;73.52;122.99;9113;492;;;;0;no;2415
291;11:25:25;73.27;123.45;8979;514;;;;0;no;2415
291;11:25:40;72.97;123.23;8848;598;;;;0;no;2415
291;11:25:53;71.23;118.63;8691;1080;;;;1;no;2413
291;11:26:06;70.93;119.12;8560;1140;;;;1;no;2412
291;11:26:19;70.61;119.51;8425;1158;;;;1;no;2410
291;11:26:32;70.29;120.01;8300;1199;;;;1;no;2410
291;11:26:45;72.19;131.46;8160;90;;;;0;no;2406
292;11:23:29;77.08;179.65;10978;2718;;;;0;no;2431
292;11:23:42;76.97;180.32;10946;2725;;;;0;no;2428
292;11:23:55;76.9;181.04;10928;2730;;;;0;no;2428
292;11:24:08;76.84;181.76;10910;2759;;;;0;no;2428
292;11:24:21;76.77;182.43;10903;2787;;;;0;no;2431
292;11:24:34;76.73;183.11;10875;2780;;;;0;no;2428
292;11:24:47;76.67;183.73;10855;2789;6.7;56;;0;no;2427
292;11:24:59;75.94;189.82;10798;1693;6.3;53;1023;0;yes;2415
292;11:25:12;75.92;190.36;10789;1710;6.2;52;1070;0;yes;2415
292;11:25:25;75.94;190.88;10800;1742;5.8;49;1121;0;yes;2415
292;11:25:40;75.92;191.35;10788;1750;5.6;47;1141;0;yes;2415
292;11:25:53;75.92;191.93;10775;1758;5.1;43;1161;0;yes;2413
292;11:26:06;75.92;192.36;10772;1771;6.6;57;1156;0;yes;2412
292;11:26:19;75.92;192.71;10766;1772;9.9;86;1146;0;yes;2410
292;11:26:32;75.95;193.17;10786;1785;12.9;112;1169;0;yes;2410
292;11:26:45;75.95;193.74;10764;1789;20.9;181;1192;0;yes;2406
292;11:26:58;75.71;193.97;10575;1859;26.0;223;1625;0;yes;2405
292;11:27:11;75.8;194.81;10647;1926;28.2;242;1643;0;yes;2405
292;11:27:24;75.84;195.51;10673;1939;26.3;229;1643;0;yes;2404
292;11:27:38;75.67;193.8;10535;2124;22.0;196;1612;0;yes;2403
292;11:27:51;75.69;194.52;10551;2131;15.1;140;1602;0;yes;2403
292;11:28:04;75.73;195.3;10568;2129;8.7;84;1601;0;yes;2400
292;11:28:17;75.69;195.94;10543;2104;3.2;31;1571;0;yes;2400
292;11:28:30;75.72;196.7;10543;2102;-2.8;-30;1550;0;yes;2395
292;11:28:43;75.73;197.32;10530;2080;-3.1;-33;1510;0;yes;2391
292;11:28:56;77.45;204.66;10530;4007;-4.3;-45;;1;no;2388
292;11:29:09;77.43;205.04;10510;3931;-3.9;-41;;1;no;2382
292;11:29:22;77.43;205.45;10492;3908;-3.8;-40;;1;no;2375
292;11:29:37;77.4;205.77;10504;3819;-3.4;-36;;1;no;2375
292;11:29:50;77.43;206.37;10511;3817;-2.6;-27;;1;no;2372
292;11:30:03;77.44;206.81;10485;3776;-1.2;-12;;0;no;2363
292;11:30:16;75.86;201.48;10492;2037;0.8;9;1360;0;yes;2360
292;11:30:29;75.9;202.22;10526;2055;0.9;9;1351;0;yes;2360
292;11:30:42;75.96;202.91;10405;2043;1.0;10;1377;0;yes;2322
292;11:30:55;75.99;203.61;10425;2047;1.0;10;1434;0;yes;2322
292;11:31:08;76.05;204.31;10459;2055;1.3;13;1435;0;yes;2320
292;11:31:21;76.09;204.9;10487;2058;2.2;22;1441;0;yes;2320
292;11:31:36;76.14;205.54;10437;2047;3.5;36;1429;0;yes;2300
292;11:31:49;76.2;206.32;10457;2067;4.0;41;1465;0;yes;2293
292;11:32:02;76.15;207.04;10415;2125;5.1;52;;0;yes;2293
292;11:32:16;77.07;211.4;10395;3128;5.9;59;;1;no;2291
292;11:32:29;77.26;212.49;10419;3551;;;;1;no;2291
292;11:32:42;77.28;213.15;10438;3560;;;;1;no;2290
292;11:32:55;77.28;213.62;10462;3578;;;;1;no;2290
292;11:33:08;77.26;214.08;10487;3608;;;;1;no;2290
292;11:33:21;77.25;214.51;10513;3632;;;;1;no;2290
292;11:33:34;77.22;214.95;10539;3608;;;;0;no;2290
292;11:33:47;77.54;218.28;10564;3893;;;;0;no;2290
292;11:34:00;77.54;218.74;10593;3920;;;;0;no;2290
292;11:34:13;79.4;224.59;10622;8942;;;;1;no;2290
292;11:34:26;75.02;209.86;10658;211;;;;0;no;2291
292;11:34:39;75.2;207.27;10686;193;;;;0;no;2291
292;11:34:52;76.06;198.16;10717;562;;;;1;no;2291
292;11:35:05;76.03;198.99;10761;572;;;;1;no;2293
292;11:35:18;76.03;199.81;10790;585;;;;1;no;2293
292;11:35:31;76.07;200.39;10853;617;;;;0;no;2300
292;11:35:46;76.08;201.16;10977;632;;;;0;no;2320
292;11:35:59;76.11;202.0;11024;643;;;;0;no;2320
292;11:36:11;76.16;202.66;11054;666;;;;0;no;2320
293;11:23:29;64.7;296.89;5760;61;;;;0;no;2431
293;11:23:42;65.17;296.13;5876;118;150.1;77;123;0;yes;2428
293;11:23:55;65.52;295.32;5972;142;137.8;75;140;0;yes;2428
293;11:24:08;65.93;294.68;6089;180;122.0;71;177;0;yes;2428
293;11:24:21;66.26;293.92;6189;198;104.6;65;180;0;yes;2431
293;11:24:34;66.6;293.14;6284;209;79.6;56;175;0;yes;2428
293;11:24:47;66.95;292.41;6389;226;56.4;46;203;0;yes;2427
293;11:24:59;67.28;291.83;6459;231;38.4;35;205;0;yes;2415
293;11:25:12;67.6;291.2;6563;235;25.3;25;206;0;yes;2415
293;11:25:25;67.91;290.68;6666;233;11.4;12;216;0;yes;2415
293;11:25:40;68.2;290.22;6763;244;0.5;1;214;0;yes;2415
293;11:25:53;68.53;289.65;6870;247;-5.8;-7;233;0;yes;2413
293;11:26:06;68.81;289.08;6969;247;-12.4;-15;257;0;yes;2412
293;11:26:19;69.06;288.27;7054;226;-19.6;-24;229;0;yes;2410
293;11:26:32;69.31;287.46;7148;220;-24.4;-31;232;0;yes;2410
293;11:26:45;69.55;286.5;7225;199;-27.0;-35;191;0;yes;2406
293;11:26:58;69.69;284.78;7363;136;-28.5;-37;;0;no;2405
293;11:27:11;70.09;283.45;7473;62;;;;0;no;2405
294;11:23:55;76.35;151.42;12412;1073;;;;0;no;2428
294;11:24:08;76.49;151.98;12345;1023;29.3;108;;0;no;2428
294;11:24:21;77.43;153.12;12212;782;31.1;114;;0;yes;2431
294;11:24:34;76.76;153.0;12080;924;28.3;105;;0;no;2428
294;11:24:47;76.85;153.68;11958;911;24.3;91;;0;no;2427
294;11:24:59;76.9;154.35;11785;907;22.1;84;;0;no;2415
294;11:25:12;76.95;155.0;11669;907;17.6;68;;0;yes;2415
294;11:25:25;76.99;155.66;11706;909;12.1;49;890;0;yes;2415
294;11:25:40;77.05;156.18;11768;896;6.4;28;866;0;yes;2415
294;11:25:53;77.13;156.72;11825;873;5.3;24;572;0;yes;2413
294;11:26:06;77.06;157.28;11761;898;10.0;45;591;0;yes;2412
294;11:26:19;76.99;157.8;11682;913;15.7;69;619;0;yes;2410
294;11:26:32;76.94;158.41;11633;939;20.6;90;627;0;yes;2410
294;11:26:45;76.88;159.09;11555;958;23.0;100;627;0;yes;2406
294;11:26:58;76.83;159.73;11511;989;23.6;104;626;0;yes;2405
294;11:27:11;76.79;160.4;11477;1021;22.9;103;639;0;yes;2405
294;11:27:24;76.75;161.07;11435;1040;21.3;99;643;0;yes;2404
294;11:27:38;76.7;161.72;11381;1053;20.2;97;645;0;yes;2403
294;11:27:51;76.64;162.39;11329;1068;17.8;88;660;0;yes;2403
294;11:28:04;76.6;163.1;11281;1095;16.4;83;681;0;yes;2400
294;11:28:17;76.55;163.77;11238;1114;15.6;80;693;0;yes;2400
294;11:28:30;76.52;164.46;11190;1138;14.4;75;713;0;yes;2395
294;11:28:43;76.47;165.12;11125;1142;12.9;69;724;0;yes;2391
294;11:28:56;76.47;165.76;11113;1163;11.0;60;741;0;yes;2388
294;11:29:09;76.43;166.38;11050;1172;10.0;55;749;0;yes;2382
294;11:29:22;76.37;167.05;10972;1180;10.2;57;768;0;yes;2375
294;11:29:37;76.36;167.84;10964;1196;11.6;66;792;0;yes;2375
294;11:29:50;76.28;168.6;10881;1206;11.6;67;802;0;yes;2372
294;11:30:03;76.22;169.24;10786;1217;12.4;72;783;0;yes;2363
294;11:30:16;76.17;169.99;10738;1246;12.2;72;804;0;yes;2360
294;11:30:29;76.12;170.67;10700;1272;11.1;66;839;0;yes;2360
294;11:30:42;76.07;171.36;10487;1272;9.4;56;867;0;yes;2322
294;11:30:55;76.01;172.09;10440;1293;6.9;42;905;0;yes;2322
294;11:31:08;75.95;172.81;10381;1306;5.0;31;913;0;yes;2320
294;11:31:21;75.83;173.66;10293;1297;3.5;22;934;0;yes;2320
294;11:31:36;75.76;174.44;10149;1294;3.1;19;945;0;yes;2300
294;11:31:49;75.67;175.45;10054;1316;;;999;0;yes;2293
295;11:23:55;54.89;229.78;3798;65;;;;0;no;2428
295;11:24:08;55.58;231.3;3906;107;58.2;30;144;0;yes;2428
295;11:24:21;56.28;232.78;4025;122;47.3;25;171;0;yes;2431
295;11:24:34;56.96;234.18;4135;134;37.4;21;181;0;yes;2428
295;11:24:47;57.54;235.49;4235;144;22.5;13;185;0;yes;2427
295;11:24:59;58.15;236.56;4325;147;6.1;4;184;0;yes;2415
295;11:25:12;58.72;237.61;4433;146;-4.9;-3;178;0;yes;2415
295;11:25:25;59.25;238.52;4535;143;-18.3;-13;170;0;yes;2415
295;11:25:40;59.75;239.43;4633;129;-28.7;-22;148;0;yes;2415
295;11:25:53;60.44;240.37;4764;131;-37.9;-29;146;0;yes;2413
295;11:26:06;60.98;241.16;4869;114;-42.7;-32;136;0;yes;2412
295;11:26:19;61.46;241.88;4964;107;-49.5;-37;129;0;yes;2410
295;11:26:32;61.36;242.31;4944;129;-55.1;-40;307;0;yes;2410
295;11:26:45;62.43;243.22;5161;92;-59.1;-42;108;0;yes;2406
295;11:26:58;62.86;243.8;5253;91;-60.3;-40;113;0;yes;2405
295;11:27:11;63.27;244.31;5348;76;-60.1;-38;101;0;yes;2405
295;11:27:24;63.72;244.69;5453;67;-60.7;-37;89;0;yes;2404
295;11:27:38;64.1;245.04;5541;59;-59.3;-34;71;0;yes;2403
295;11:27:51;64.58;245.44;5662;47;;;55;0;yes;2403
296;11:24:34;76.06;77.25;10957;80;;;;0;no;2428
296;11:24:47;75.8;77.15;10742;124;116.4;66;97;0;yes;2427
296;11:24:59;75.56;77.06;10507;149;103.3;62;118;0;yes;2415
296;11:25:12;75.31;76.91;10316;165;92.4;58;124;0;yes;2415
296;11:25:25;75.12;76.89;10178;189;79.7;52;144;0;yes;2415
296;11:25:40;74.94;76.78;10053;222;62.4;45;181;0;yes;2415
296;11:25:53;74.68;76.5;9862;210;44.9;35;192;0;yes;2413
296;11:26:06;74.44;76.36;9700;219;27.3;23;201;0;yes;2412
296;11:26:19;74.17;76.26;9521;207;7.2;7;178;0;yes;2410
296;11:26:32;73.91;76.19;9361;219;-6.4;-7;191;0;yes;2410
296;11:26:45;73.65;76.14;9183;223;-14.4;-16;208;0;yes;2406
296;11:26:58;73.37;76.09;9016;215;-19.2;-22;197;0;yes;2405
296;11:27:11;73.06;76.08;8845;195;-22.7;-26;177;0;yes;2405
296;11:27:24;72.71;76.16;8651;174;-26.8;-32;157;0;yes;2404
296;11:27:38;72.57;75.48;8570;48;;;;0;no;2403
297;11:25:40;69.61;155.58;7279;63;;;;0;no;2415
297;11:25:53;69.14;157.44;7090;154;77.2;61;152;0;yes;2413
297;11:26:06;68.94;158.67;7014;202;72.7;60;191;0;yes;2412
297;11:26:19;68.72;160.06;6930;216;64.7;55;184;0;yes;2410
297;11:26:32;68.52;161.45;6859;238;58.7;52;203;0;yes;2410
297;11:26:45;68.29;162.93;6767;248;46.6;46;209;0;yes;2406
297;11:26:58;68.07;164.4;6691;259;41.1;42;221;0;yes;2405
297;11:27:11;67.89;165.91;6630;262;34.0;37;229;0;yes;2405
297;11:27:24;67.73;167.46;6575;278;27.2;32;253;0;yes;2404
297;11:27:38;67.54;169.05;6510;288;24.5;29;259;0;yes;2403
297;11:27:51;67.29;168.68;6431;387;36.1;46;;1;no;2403
297;11:28:04;67.21;169.96;6399;408;36.4;47;;1;no;2400
297;11:28:17;67.11;171.5;6367;411;30.7;41;;1;no;2400
297;11:28:30;67.04;173.1;6333;404;22.9;31;;1;no;2395
297;11:28:43;66.94;174.48;6290;381;12.8;18;;1;no;2391
297;11:28:56;66.89;175.93;6267;357;-7.1;-11;;1;no;2388
297;11:29:09;66.82;177.37;6232;343;-50.6;-95;265;0;yes;2382
297;11:29:22;66.78;178.73;6202;324;-57.4;-109;268;0;yes;2375
297;11:29:37;66.75;180.19;6192;305;-59.6;-112;269;0;yes;2375
297;11:29:50;66.64;181.61;6150;269;-65.2;-122;258;0;yes;2372
297;11:30:03;66.31;181.95;6030;193;-67.6;-124;164;0;yes;2363
297;11:30:16;66.38;183.47;6044;176;-67.3;-116;157;0;yes;2360
297;11:30:29;66.47;185.05;6072;165;-65.4;-101;151;0;yes;2360
297;11:30:42;66.59;186.53;6007;143;-61.5;-83;134;0;yes;2322
297;11:30:55;66.75;188.1;6054;131;-52.8;-57;112;0;yes;2322
297;11:31:08;66.89;189.64;6087;104;-51.9;-53;93;0;yes;2320
297;11:31:21;67.12;191.29;6157;58;;;;0;no;2320
298;11:25:53;42.63;49.32;2333;84;;;;0;no;2413
298;11:26:06;40.59;47.42;2154;132;185.0;100;;0;yes;2412
298;11:26:19;38.96;45.02;2019;157;144.9;87;;0;yes;2410
298;11:26:32;36.49;41.83;1829;212;113.4;74;;0;yes;2410
298;11:26:45;34.76;39.35;1701;233;81.8;58;;0;yes;2406
298;11:26:58;33.17;36.52;1592;246;40.6;34;;0;yes;2405
298;11:27:11;31.46;33.22;1480;251;3.5;3;;0;yes;2405
298;11:27:24;30.0;29.66;1388;246;-17.8;-21;;0;yes;2404
298;11:27:38;28.34;25.85;1296;230;-29.0;-37;;0;yes;2403
298;11:27:51;26.72;21.4;1209;215;-42.4;-55;;0;yes;2403
298;11:28:04;25.34;16.14;1137;195;-50.0;-66;;0;yes;2400
298;11:28:17;24.01;10.32;1069;191;-53.5;-69;;0;yes;2400
298;11:28:30;22.88;3.54;1011;186;-55.6;-68;;0;yes;2395
298;11:28:43;20.91;356.27;913;144;-56.0;-64;;0;yes;2391
298;11:28:56;20.26;348.54;882;135;-55.5;-59;;0;yes;2388
298;11:29:09;20.17;340.17;875;130;-57.9;-57;;0;yes;2382
298;11:29:22;20.34;330.82;880;116;-57.3;-54;;0;yes;2375
298;11:29:37;20.97;322.67;910;102;-52.3;-42;;0;yes;2375
298;11:29:50;22.41;314.97;978;69;-54.2;-43;;0;yes;2372
298;11:30:03;23.88;308.01;1046;38;;;;0;no;2363
299;11:25:53;77.77;354.58;12462;96;;;75;0;yes;2413
299;11:26:06;77.74;353.92;12435;122;32.5;18;83;0;yes;2412
299;11:26:19;77.73;353.28;12417;128;30.1;17;86;0;yes;2410
299;11:26:32;77.77;352.57;12455;133;26.3;16;95;0;yes;2410
299;11:26:45;77.8;351.94;12458;135;18.1;11;96;0;yes;2406
299;11:26:58;77.81;351.32;12470;148;-4.3;-2;111;0;yes;2405
299;11:27:11;77.79;350.69;12450;147;-25.4;-17;122;0;yes;2405
299;11:27:24;77.82;350.11;12475;143;-39.0;-28;;0;yes;2404
299;11:27:38;77.83;349.52;12478;134;-48.3;-37;;0;yes;2403
299;11:27:51;77.94;349.07;12599;107;-53.0;-42;;0;yes;2403
299;11:28:04;77.95;348.59;12598;91;-52.5;-41;;0;yes;2400
299;11:28:17;77.98;348.05;12630;93;-53.1;-41;;0;yes;2400
299;11:28:30;77.96;347.51;12581;82;-49.2;-35;;0;yes;2395
299;11:28:43;77.99;347.0;12588;85;-36.1;-21;;0;yes;2391
299;11:28:56;77.93;346.42;12509;67;;;;0;yes;2388
300;11:26:19;60.67;231.15;4804;389;;;599;0;yes;2410
300;11:26:32;60.71;232.64;4813;356;-5.8;-10;440;0;yes;2410
300;11:26:45;60.89;234.02;4839;332;-3.7;-7;371;0;yes;2406
300;11:26:58;61.27;235.13;4913;343;-2.4;-4;364;0;yes;2405
300;11:27:11;61.55;236.26;4972;336;-1.6;-3;347;0;yes;2405
300;11:27:24;61.92;237.31;5047;344;0.8;1;352;0;yes;2404
300;11:27:38;62.31;238.31;5127;347;2.5;4;350;0;yes;2403
300;11:27:51;62.69;239.13;5212;346;2.7;5;355;0;yes;2403
300;11:28:04;63.12;239.91;5303;350;2.8;5;364;0;yes;2400
300;11:28:17;61.91;239.59;5287;494;28.6;49;;1;no;2400
300;11:28:30;62.4;240.29;5258;497;35.8;59;;1;no;2395
300;11:28:43;62.89;240.95;5231;499;34.1;56;;1;no;2391
300;11:28:56;63.44;241.64;5352;497;27.9;47;;1;no;2388
300;11:29:09;63.92;242.21;5451;494;17.5;30;;1;no;2382
300;11:29:22;64.53;242.79;5586;460;0.7;0;;1;no;2375
300;11:29:37;65.03;243.37;5712;442;-29.4;-69;588;0;yes;2375
300;11:29:50;65.59;243.97;5854;413;-30.1;-70;545;0;yes;2372
300;11:30:03;66.11;244.46;5975;384;-30.1;-70;509;0;yes;2363
300;11:30:16;66.6;244.9;6109;350;-31.1;-71;477;0;yes;2360
300;11:30:29;67.04;245.29;6239;321;-32.4;-73;471;0;yes;2360
300;11:30:42;68.1;246.5;6049;231;;;;0;no;2322
301;11:26:45;71.22;156.61;7573;122;;;;0;no;2406
301;11:26:58;71.09;157.78;7558;190;200.3;183;;0;no;2405
301;11:27:11;71.0;159.05;7822;240;225.0;213;197;0;yes;2405
301;11:27:24;70.85;160.0;7754;298;228.4;228;232;0;yes;2404
301;11:27:38;70.7;160.86;7685;360;225.8;241;282;0;yes;2403
301;11:27:51;70.61;161.88;7647;462;242.9;286;354;0;yes;2403
301;11:28:04;70.47;163.1;7581;528;250.1;326;383;0;yes;2400
301;11:28:17;70.32;164.27;7515;583;237.4;351;422;0;yes;2400
301;11:28:30;70.19;165.48;7448;649;205.5;357;532;0;yes;2395
301;11:28:43;70.24;167.09;7454;778;153.2;332;665;0;yes;2391
301;11:28:56;70.19;168.42;7426;858;124.1;312;742;0;yes;2388
301;11:29:09;70.09;169.66;7367;914;96.5;279;801;0;yes;2382
301;11:29:22;70.03;170.94;7322;966;68.9;231;848;0;yes;2375
301;11:29:37;69.99;172.22;7307;1009;45.0;176;875;0;yes;2375
301;11:29:50;69.95;173.59;7280;1051;32.9;141;938;0;yes;2372
301;11:30:03;69.92;174.82;7239;1083;27.7;125;976;0;yes;2363
301;11:30:16;69.91;176.01;7228;1115;22.8;107;1022;0;yes;2360
301;11:30:29;69.87;177.23;7251;1145;18.6;91;;0;no;2360
301;11:30:42;69.85;178.44;7158;1145;;;;0;no;2322
301;11:30:55;69.82;179.66;7185;1162;;;;0;no;2322
301;11:31:08;69.83;180.81;7204;1160;;;;0;no;2320
301;11:31:21;69.85;181.87;7234;1161;;;;0;no;2320
301;11:31:36;69.89;182.88;7203;1137;;;;0;no;2300
301;11:31:49;69.96;184.01;7219;1130;;;;0;no;2293
301;11:32:02;72.19;181.55;7253;1983;;;;1;no;2293
301;11:32:16;72.23;182.36;7278;2010;;;;1;no;2291
301;11:32:29;72.3;183.13;7312;2036;;;;1;no;2291
301;11:32:42;72.34;183.9;7344;2057;;;;1;no;2290
301;11:32:55;72.34;184.77;7379;2074;;;;1;no;2290
301;11:33:08;72.32;185.57;7416;2094;;;;1;no;2290
301;11:33:21;72.44;186.09;7453;2132;;;;0;no;2290
301;11:33:34;72.43;186.9;7490;2152;;;;0;no;2290
301;11:33:47;74.34;182.49;7528;1663;;;;0;no;2290
301;11:34:00;72.46;188.16;7568;2172;-6.0;-73;;0;no;2290
301;11:34:13;71.37;187.97;7607;2373;-6.1;-74;2606;0;yes;2290
301;11:34:26;71.23;188.41;7552;2416;-5.3;-64;2631;0;yes;2291
301;11:34:39;71.07;189.0;7768;2455;-4.1;-50;;0;no;2291
301;11:34:52;72.19;190.67;7987;2259;-3.1;-37;2468;0;yes;2291
301;11:35:05;72.18;191.4;7989;2292;-0.9;-10;2466;0;yes;2293
301;11:35:18;72.2;192.04;8002;2316;2.0;23;2464;0;yes;2293
301;11:35:31;72.18;192.78;8015;2353;4.2;48;2451;0;yes;2300
301;11:35:46;72.21;193.41;8096;2388;6.0;68;2465;0;yes;2320
301;11:35:59;70.59;193.36;8278;2773;6.8;77;;1;no;2320
301;11:36:11;73.28;194.9;8452;6473;;;;1;no;2320
301;11:36:24;73.24;195.54;8655;6314;;;;1;no;2327
301;11:36:37;72.52;207.37;8471;164;;;;1;no;2341
301;11:36:51;72.53;207.55;8531;107;;;;1;no;2341
301;11:37:03;72.72;208.45;8643;103;;;;1;no;2355
301;11:37:16;72.91;209.36;8853;78;;;;1;no;2396
302;11:26:45;42.99;294.39;2359;27;;;;0;no;2406
302;11:26:58;44.01;292.11;2453;114;;;;0;yes;2405
302;11:27:11;44.97;289.51;2614;190;;;;0;no;2405
302;11:27:24;45.76;287.66;2775;241;;;;0;no;2404
302;11:27:38;48.65;289.13;2934;426;;;;1;no;2403
302;11:27:51;49.88;287.39;3078;505;;;;1;no;2403
302;11:28:04;51.49;286.68;3276;603;;;;1;no;2400
302;11:28:17;52.48;283.95;3407;707;;;;1;no;2400
302;11:28:30;53.6;283.37;3555;758;;;;1;no;2395
302;11:28:43;54.61;282.59;3697;802;;;;1;no;2391
302;11:28:56;56.37;279.52;3970;978;;;;1;no;2388
302;11:29:09;57.09;279.3;4080;977;-4.7;-23;;1;no;2382
302;11:29:22;57.76;278.99;4185;960;-4.3;-21;1207;0;yes;2375
302;11:29:37;58.38;278.63;4297;953;-3.6;-17;1152;0;yes;2375
302;11:29:50;59.11;278.19;4426;934;-2.8;-14;1087;0;yes;2372
302;11:30:03;59.72;277.51;4527;937;7.6;38;1029;0;yes;2363
302;11:30:16;60.38;276.95;4650;935;16.7;79;997;0;yes;2360
302;11:30:29;61.03;276.37;4776;940;23.9;109;976;0;yes;2360
302;11:30:42;61.66;276.02;4823;909;24.8;112;913;0;yes;2322
302;11:30:55;63.21;276.73;5151;1125;21.5;98;1320;0;yes;2322
302;11:31:08;63.81;276.23;5282;1103;15.1;69;1280;0;yes;2320
302;11:31:21;64.43;275.77;5429;1097;6.2;29;1290;0;yes;2320
302;11:31:36;65.04;275.5;5536;1064;-4.7;-26;1285;0;yes;2300
302;11:31:49;65.69;275.03;5686;1046;-16.3;-91;1254;0;yes;2293
302;11:32:02;66.2;274.58;5824;1025;-19.7;-110;1236;0;yes;2293
302;11:32:16;66.71;274.2;5961;1006;-22.4;-124;1232;0;yes;2291
302;11:32:29;67.15;273.7;6091;971;-24.9;-136;1201;0;yes;2291
302;11:32:42;67.52;273.11;6199;940;-26.2;-141;1150;0;yes;2290
302;11:32:55;67.93;272.72;6326;900;-27.3;-144;1112;0;yes;2290
302;11:33:08;68.35;272.19;6462;872;-28.5;-147;1070;0;yes;2290
302;11:33:21;68.71;271.72;6582;827;-31.4;-156;1051;0;yes;2290
302;11:33:34;69.14;271.28;6732;817;-40.2;-193;1031;0;yes;2290
302;11:33:47;69.47;270.68;6850;786;-47.6;-225;943;0;yes;2290
302;11:34:00;69.81;270.1;6975;749;-55.0;-258;684;0;yes;2290
302;11:34:13;70.09;269.66;7081;680;-59.1;-273;667;0;yes;2290
302;11:34:26;70.16;269.35;7111;550;-60.5;-272;572;0;yes;2291
302;11:34:39;70.42;269.23;7214;501;-58.4;-245;544;0;yes;2291
302;11:34:52;70.57;268.8;7275;437;-52.6;-199;473;0;yes;2291
302;11:35:05;70.87;268.44;7404;417;-55.0;-178;438;0;yes;2293
302;11:35:18;71.19;268.1;7542;402;-67.4;-183;420;0;yes;2293
302;11:35:31;71.5;267.66;7700;384;-74.8;-197;411;0;yes;2300
302;11:35:46;71.77;267.14;7984;332;-77.8;-200;;0;no;2320
302;11:35:59;72.05;266.45;8221;254;-81.9;-222;;0;no;2320
302;11:36:11;72.47;266.2;8434;238;-86.1;-251;;0;no;2320
302;11:36:24;73.28;265.91;8676;147;-89.4;-280;100;0;yes;2327
302;11:36:37;73.65;265.36;8842;71;;;;0;no;2341
303;11:26:58;70.93;199.5;7789;103;;;80;0;yes;2405
303;11:27:11;70.99;200.63;7817;146;360.3;175;125;0;yes;2405
303;11:27:24;71.17;201.79;7896;211;305.4;169;181;0;yes;2404
303;11:27:38;71.33;202.9;7966;262;262.9;163;239;0;yes;2403
303;11:27:51;71.46;204.05;8022;302;228.7;158;279;0;yes;2403
303;11:28:04;71.58;205.17;8073;331;176.2;152;314;0;yes;2400
303;11:28:17;71.69;206.24;8125;360;134.2;142;341;0;yes;2400
303;11:28:30;71.82;207.33;8169;389;99.6;128;366;0;yes;2395
303;11:28:43;71.94;208.26;8212;414;79.1;117;391;0;yes;2391
303;11:28:56;72.09;209.14;8276;445;65.9;107;410;0;yes;2388
303;11:29:09;72.19;210.03;8306;466;52.9;94;425;0;yes;2382
303;11:29:22;72.33;210.9;8353;486;41.2;80;434;0;yes;2375
303;11:29:37;72.48;211.76;8426;503;35.7;72;437;0;yes;2375
303;11:29:50;72.64;212.66;8499;518;29.3;63;443;0;yes;2372
303;11:30:03;72.8;213.37;8548;527;25.1;56;457;0;yes;2363
303;11:30:16;72.95;214.07;8618;530;;;465;0;yes;2360
304;11:26:58;72.52;357.88;8554;790;;;782;0;yes;2405
304;11:27:11;72.45;357.19;8517;746;-38.5;-159;775;0;yes;2405
304;11:27:24;72.37;356.42;8474;716;-42.4;-175;772;0;yes;2404
304;11:27:38;72.33;355.6;8447;684;-44.3;-180;751;0;yes;2403
304;11:27:51;72.29;354.83;8428;655;-45.3;-181;729;0;yes;2403
304;11:28:04;72.71;354.3;8637;552;-50.2;-197;606;0;yes;2400
304;11:28:17;72.59;353.41;8575;525;-52.3;-199;601;0;yes;2400
304;11:28:30;72.52;352.52;8516;491;-53.7;-192;531;0;yes;2395
304;11:28:43;72.43;351.61;8460;458;-54.8;-180;512;0;yes;2391
304;11:28:56;72.33;350.77;8395;406;-61.6;-180;485;0;yes;2388
304;11:29:09;72.29;349.73;8353;388;-67.2;-189;455;0;yes;2382
304;11:29:22;72.23;348.68;8302;349;-70.0;-187;405;0;yes;2375
304;11:29:37;72.11;347.63;8240;306;-71.6;-178;364;0;yes;2375
304;11:29:50;72.0;346.74;8175;212;-73.0;-176;292;0;yes;2372
304;11:30:03;72.08;345.72;8180;183;-75.2;-180;199;0;yes;2363
304;11:30:16;72.03;344.67;8152;143;-75.4;-170;168;0;yes;2360
304;11:30:29;72.13;343.63;8201;71;;;;0;no;2360
305;11:27:24;45.81;68.82;2630;27;;;;0;yes;2404
305;11:27:38;43.77;67.76;2428;32;2026.9;94;;0;yes;2403
305;11:27:51;41.52;66.57;2225;28;1712.9;99;;0;yes;2403
305;11:28:04;39.39;68.07;2045;67;1454.9;105;;0;yes;2400
305;11:28:17;37.18;67.73;1873;104;1274.7;114;;0;yes;2400
305;11:28:30;34.86;66.94;1701;123;1076.2;122;;0;yes;2395
305;11:28:43;32.25;65.38;1522;145;636.5;114;;0;yes;2391
305;11:28:56;29.96;63.99;1377;177;213.1;78;;0;yes;2388
305;11:29:09;27.29;63.41;1229;220;79.1;44;;0;yes;2382
305;11:29:22;24.43;61.66;1079;235;22.1;14;;0;yes;2375
305;11:29:37;21.27;60.44;925;234;-12.2;-13;;0;yes;2375
305;11:29:50;18.26;51.89;783;172;-32.2;-36;;0;yes;2372
305;11:30:03;15.31;45.67;647;159;-46.7;-59;;0;yes;2363
305;11:30:16;12.34;36.76;516;152;-50.6;-66;;0;yes;2360
305;11:30:29;10.39;28.37;433;44;;;;0;no;2360
306;11:27:24;62.91;290.08;5265;67;;;79;0;yes;2404
306;11:27:38;63.48;289.4;5393;79;;;;0;no;2403
306;11:27:51;63.1;289.18;5303;189;;;;1;no;2403
306;11:28:04;63.53;288.69;5400;227;;;;1;no;2400
306;11:28:17;63.96;288.16;5503;256;962.7;203;;1;no;2400
306;11:28:30;64.4;287.56;5600;274;930.8;204;;1;no;2395
306;11:28:43;64.9;287.17;5718;303;627.1;180;;1;no;2391
306;11:28:56;65.33;286.62;5824;312;33.4;53;;1;no;2388
306;11:29:09;65.77;286.32;5928;336;34.4;55;362;0;yes;2382
306;11:29:22;66.2;285.99;6033;362;35.0;57;373;0;yes;2375
306;11:29:37;66.6;285.56;6149;383;33.6;56;391;0;yes;2375
306;11:29:50;67.05;285.01;6272;397;30.7;53;406;0;yes;2372
306;11:30:03;67.41;284.56;6360;413;29.9;52;417;0;yes;2363
306;11:30:16;67.78;284.14;6473;427;29.4;52;436;0;yes;2360
306;11:30:29;68.11;283.7;6581;437;28.4;52;455;0;yes;2360
306;11:30:42;68.46;283.24;6588;442;;;453;0;yes;2322
307;11:27:38;36.23;205.23;1804;35;;;;0;no;2403
307;11:27:51;36.7;208.03;1839;58;;;;0;yes;2403
307;11:28:04;37.59;210.0;1904;111;;;;1;no;2400
307;11:28:17;38.37;212.58;1964;132;387.2;79;;1;no;2400
307;11:28:30;39.13;215.3;2020;140;561.4;119;;1;no;2395
307;11:28:43;39.84;217.8;2073;146;952.9;188;;1;no;2391
307;11:28:56;40.65;219.99;2138;147;1167.6;228;;1;no;2388
307;11:29:09;41.48;221.98;2203;155;1051.8;248;;1;no;2382
307;11:29:22;42.34;223.79;2272;158;457.9;238;;0;yes;2375
307;11:29:37;46.27;232.36;2644;441;306.9;195;;1;no;2375
307;11:29:50;47.25;234.04;2743;437;220.0;162;;0;yes;2372
307;11:30:03;47.99;235.36;2811;434;125.9;121;;0;yes;2363
307;11:30:16;48.78;236.7;2897;426;36.0;59;;0;yes;2360
307;11:30:29;49.48;237.88;2977;427;14.2;30;;0;yes;2360
307;11:30:42;50.25;239.05;3018;421;19.5;41;;0;yes;2322
307;11:30:55;51.43;240.59;3162;461;22.6;47;;0;yes;2322
307;11:31:08;52.35;241.74;3276;470;23.3;48;;0;yes;2320
307;11:31:21;53.26;242.78;3396;487;20.4;43;945;0;yes;2320
307;11:31:36;54.14;243.73;3490;490;15.1;33;884;0;yes;2300
307;11:31:49;55.13;244.74;3622;497;7.6;18;890;0;yes;2293
307;11:32:02;55.92;245.43;3742;503;3.1;7;881;0;yes;2293
307;11:32:16;56.7;246.05;3860;500;-1.4;-4;840;0;yes;2291
307;11:32:29;57.49;246.68;3991;495;-4.4;-11;814;0;yes;2291
307;11:32:42;58.21;247.22;4112;495;-6.9;-17;799;0;yes;2290
307;11:32:55;58.96;247.77;4245;486;-19.2;-47;777;0;yes;2290
307;11:33:08;59.64;248.4;4373;480;-27.3;-70;764;0;yes;2290
307;11:33:21;60.35;249.05;4506;473;-32.4;-84;759;0;yes;2290
307;11:33:34;61.03;249.62;4632;468;-35.3;-92;759;0;yes;2290
307;11:33:47;62.95;251.73;5022;375;-34.9;-90;407;0;yes;2290
307;11:34:00;63.54;252.13;5154;378;-32.2;-80;420;0;yes;2290
307;11:34:13;64.07;252.5;5274;368;-26.8;-64;416;0;yes;2290
307;11:34:26;64.59;252.92;5402;353;-17.4;-39;422;0;yes;2291
307;11:34:39;65.04;253.25;5513;356;-2.9;-6;445;0;yes;2291
307;11:34:52;65.49;253.53;5628;360;0.3;1;464;0;yes;2291
307;11:35:05;65.88;253.75;5737;360;3.3;6;483;0;yes;2293
307;11:35:18;66.26;254.02;5840;366;4.9;9;488;0;yes;2293
307;11:35:31;66.61;254.25;5957;371;4.6;8;492;0;yes;2300
307;11:35:46;67.01;254.55;6123;375;2.0;4;498;0;yes;2320
307;11:35:59;67.45;254.92;6257;371;-2.1;-4;502;0;yes;2320
307;11:36:11;67.84;255.18;6379;377;-7.2;-13;499;0;yes;2320
307;11:36:24;68.22;255.47;6523;371;-11.3;-21;484;0;yes;2327
307;11:36:37;68.61;255.77;6693;360;-16.3;-31;466;0;yes;2341
307;11:36:51;68.96;256.07;6815;351;-22.9;-44;436;0;yes;2341
307;11:37:03;69.33;256.46;6992;342;-30.1;-58;375;0;yes;2355
307;11:37:16;69.67;256.7;7240;336;-35.1;-68;347;0;yes;2396
307;11:37:29;70.03;257.08;7453;318;-37.8;-72;320;0;yes;2417
307;11:37:43;70.41;257.44;7630;292;-44.8;-83;316;0;yes;2425
307;11:37:56;70.79;257.9;7832;266;-54.3;-99;295;0;yes;2437
307;11:38:09;70.99;258.11;7923;246;-57.7;-106;278;0;yes;2437
307;11:38:22;70.8;258.72;7844;162;-60.4;-109;167;0;yes;2440
307;11:38:34;71.01;258.88;8251;160;-63.5;-113;;0;no;2440
307;11:38:47;71.23;259.03;8399;158;;;;0;no;2443
307;11:39:00;71.19;259.24;8589;99;;;;0;no;2458
307;11:39:13;71.32;259.64;8723;81;;;;0;no;2458
307;11:39:26;71.58;259.84;8860;80;;;;0;no;2458
307;11:39:39;71.78;260.05;8997;72;;;;0;no;2459
307;11:39:52;72.05;260.18;9158;63;;;;0;no;2466
307;11:40:06;72.27;260.35;9321;73;;;;0;no;2473
308;11:28:04;72.43;21.53;8491;103;;;90;0;yes;2400
308;11:28:17;72.17;20.57;8361;149;124.1;74;151;0;yes;2400
308;11:28:30;71.88;19.57;8199;174;96.5;63;193;0;yes;2395
308;11:28:43;71.71;18.57;8101;212;74.1;52;238;0;yes;2391
308;11:28:56;71.51;17.53;8001;215;36.0;28;253;0;yes;2388
308;11:29:09;71.35;16.47;7907;222;-3.2;-2;250;0;yes;2382
308;11:29:22;71.18;15.51;7807;227;-30.0;-31;238;0;yes;2375
308;11:29:37;70.98;14.44;7716;226;-47.5;-56;260;0;yes;2375
308;11:29:50;70.9;13.23;7672;172;-54.8;-67;182;0;yes;2372
308;11:30:03;70.78;12.13;7588;151;-58.1;-72;172;0;yes;2363
308;11:30:16;70.72;11.0;7556;139;-60.9;-72;156;0;yes;2360
308;11:30:29;70.58;9.74;7500;130;-61.5;-66;146;0;yes;2360
308;11:30:42;70.27;8.59;7252;119;-58.8;-52;119;0;yes;2322
308;11:30:55;70.11;7.44;7190;115;-58.8;-49;120;0;yes;2322
308;11:31:08;69.82;6.2;7070;97;-60.6;-49;77;0;yes;2320
308;11:31:21;69.58;4.82;6979;75;-63.3;-50;60;0;yes;2320
308;11:31:36;69.53;3.54;6900;55;;;48;0;yes;2300
309;11:28:04;77.88;42.32;12523;514;;;;0;yes;2400
309;11:28:17;77.73;41.89;12367;524;-4.2;-11;;0;yes;2400
309;11:28:30;77.57;41.53;12170;522;-4.3;-11;;0;yes;2395
309;11:28:43;77.44;41.25;12017;511;-4.0;-10;;0;yes;2391
309;11:28:56;77.29;40.89;11858;516;-4.2;-11;417;0;yes;2388
309;11:29:09;77.19;40.49;11730;508;-4.2;-11;430;0;yes;2382
309;11:29:22;77.06;40.08;11583;507;-4.6;-12;440;0;yes;2375
309;11:29:37;76.92;39.72;11454;506;-6.3;-16;444;0;yes;2375
309;11:29:50;76.81;39.27;11331;499;-12.7;-32;460;0;yes;2372
309;11:30:03;76.78;39.05;11261;501;-19.7;-51;487;0;yes;2363
309;11:30:16;76.69;38.71;11178;495;-28.4;-74;490;0;yes;2360
309;11:30:29;76.67;38.39;11155;480;-43.2;-116;485;0;yes;2360
309;11:30:42;76.63;38.0;10947;432;-60.3;-164;474;0;yes;2322
309;11:30:55;76.64;37.6;10950;388;-71.0;-200;463;0;yes;2322
309;11:31:08;76.58;37.22;10892;356;-76.3;-215;429;0;yes;2320
309;11:31:21;76.71;37.03;10795;306;-78.4;-211;;0;no;2320
309;11:31:36;76.36;35.73;10612;219;-78.2;-190;151;0;yes;2300
309;11:31:49;76.12;35.02;10395;184;-76.9;-167;125;0;yes;2293
309;11:32:02;75.97;34.65;10277;158;-75.5;-148;116;0;yes;2293
309;11:32:16;75.81;34.21;10151;142;-70.1;-110;113;0;yes;2291
309;11:32:29;75.63;33.78;10018;117;-61.2;-73;99;0;yes;2291
309;11:32:42;75.5;33.25;9920;98;;;77;0;yes;2290
310;11:28:04;57.96;68.33;4265;71;;;;0;no;2400
310;11:28:17;57.08;68.09;4110;161;;;200;0;yes;2400
310;11:28:30;56.43;69.02;3991;303;;;;1;no;2395
310;11:28:43;55.43;68.25;3823;364;829.4;399;;1;no;2391
310;11:28:56;54.24;67.25;3638;426;730.1;387;;1;no;2388
310;11:29:09;52.97;66.05;3448;478;764.2;402;;1;no;2382
310;11:29:22;51.72;64.81;3272;512;661.7;390;;1;no;2375
310;11:29:37;50.42;63.61;3109;557;433.6;353;;1;no;2375
310;11:29:50;49.16;62.14;2954;653;61.7;185;;0;yes;2372
310;11:30:03;47.95;60.94;2807;721;60.0;184;;0;yes;2363
310;11:30:16;46.53;59.55;2654;771;54.4;172;;0;yes;2360
310;11:30:29;46.09;55.58;2610;949;48.5;161;;0;yes;2360
310;11:30:42;44.73;53.62;2436;864;40.9;144;;0;yes;2322
310;11:30:55;43.36;51.96;2310;899;34.3;128;;0;yes;2322
310;11:31:08;41.91;50.4;2181;922;27.4;109;;0;yes;2320
310;11:31:21;40.47;48.61;2062;940;20.2;87;;0;yes;2320
310;11:31:36;39.0;46.75;1929;959;19.1;85;;0;yes;2300
310;11:31:49;37.13;44.45;1786;985;18.3;82;;0;yes;2293
310;11:32:02;35.42;42.05;1667;1009;17.1;78;;0;yes;2293
310;11:32:16;33.66;39.09;1548;1033;13.8;64;;0;yes;2291
310;11:32:29;31.85;36.05;1434;1050;10.0;48;;0;yes;2291
310;11:32:42;29.94;33.16;1319;1053;6.1;30;;0;yes;2290
310;11:32:55;27.92;30.45;1213;1047;3.0;15;;0;yes;2290
310;11:33:08;26.14;27.0;1124;1045;0.8;4;;0;yes;2290
310;11:33:21;24.77;22.63;1057;1048;-0.6;-3;;0;yes;2290
310;11:33:34;23.92;17.28;1016;1047;-1.9;-10;;0;yes;2290
310;11:33:47;23.72;11.09;1006;1048;-3.0;-16;;0;yes;2290
310;11:34:00;23.88;3.85;1014;1051;-3.7;-20;;0;yes;2290
310;11:34:13;24.56;356.51;1046;1036;-4.1;-22;;0;yes;2290
310;11:34:26;25.36;349.22;1086;1024;-4.0;-21;;0;yes;2291
310;11:34:39;25.96;342.08;1116;1018;-3.5;-18;;0;yes;2291
310;11:34:52;26.45;335.23;1140;1019;-3.1;-16;;0;yes;2291
310;11:35:05;27.32;329.14;1185;1019;-1.9;-10;;0;yes;2293
310;11:35:18;42.72;322.29;1283;1870;-0.6;-3;;1;no;2293
310;11:35:31;37.24;307.1;1370;45;;;;0;no;2300
310;11:35:46;38.53;303.3;1472;33;;;;0;no;2320
310;11:35:59;40.26;298.97;1582;37;;;;0;no;2320
310;11:36:11;41.84;295.86;1682;30;;;;0;no;2320
311;11:28:04;72.6;94.39;8579;1531;;;1581;0;yes;2400
311;11:28:17;72.3;94.46;8426;1506;-16.4;-129;1578;0;yes;2400
311;11:28:30;72.02;94.57;8266;1484;-18.7;-146;1572;0;yes;2395
311;11:28:43;71.79;94.52;8141;1451;-18.8;-146;1557;0;yes;2391
311;11:28:56;71.53;94.59;8008;1434;-18.5;-143;1535;0;yes;2388
311;11:29:09;71.07;94.25;7780;1353;-20.5;-157;1475;0;yes;2382
311;11:29:22;70.85;94.22;7662;1321;-22.3;-168;1461;0;yes;2375
311;11:29:37;70.64;94.28;7570;1303;-24.8;-183;1450;0;yes;2375
311;11:29:50;70.38;94.31;7450;1282;-27.8;-200;1434;0;yes;2372
311;11:30:03;70.2;94.13;7351;1227;-29.7;-208;1393;0;yes;2363
311;11:30:16;70.01;94.0;7267;1179;-34.5;-239;1364;0;yes;2360
311;11:30:29;69.83;93.72;7197;1105;-39.3;-269;1263;0;yes;2360
311;11:30:42;69.57;93.62;6983;1043;-43.4;-290;1277;0;yes;2322
311;11:30:55;69.23;93.65;6858;997;-48.1;-309;1299;0;yes;2322
311;11:31:08;68.89;93.62;6729;915;-56.6;-349;1301;0;yes;2320
311;11:31:21;68.42;93.89;6567;854;-63.5;-376;1302;0;yes;2320
311;11:31:36;68.02;94.13;6383;770;-70.1;-401;1262;0;yes;2300
311;11:31:49;67.24;94.95;6122;671;-74.2;-407;1191;0;yes;2293
311;11:32:02;67.73;92.77;6274;518;-76.3;-388;551;0;yes;2293
311;11:32:16;67.34;92.96;6146;440;-76.6;-355;482;0;yes;2291
311;11:32:29;67.22;92.75;6109;358;-74.5;-299;393;0;yes;2291
311;11:32:42;66.77;93.12;5975;316;-69.5;-230;305;0;yes;2290
311;11:32:55;66.23;93.54;5822;281;-62.5;-162;273;0;yes;2290
311;11:33:08;65.69;93.88;5677;260;-58.7;-134;252;0;yes;2290
311;11:33:21;65.13;94.36;5533;232;-53.1;-105;218;0;yes;2290
311;11:33:34;64.56;94.91;5391;195;-49.5;-89;186;0;yes;2290
311;11:33:47;64.05;95.96;5270;46;;;;0;no;2290
312;11:28:30;46.86;42.49;2728;35;;;;0;no;2395
312;11:28:43;45.53;39.96;2587;63;343.8;85;;0;yes;2391
312;11:28:56;44.22;37.01;2456;85;384.5;102;;0;yes;2388
312;11:29:09;42.84;33.87;2323;115;385.5;111;;0;yes;2382
312;11:29:22;41.42;30.59;2192;142;407.2;129;;0;yes;2375
312;11:29:37;39.98;27.23;2071;169;410.3;149;;0;yes;2375
312;11:29:50;39.06;23.16;1995;216;362.7;156;;0;yes;2372
312;11:30:03;37.93;19.15;1900;245;294.7;155;;0;yes;2363
312;11:30:16;38.66;14.44;1954;312;212.2;142;;0;yes;2360
312;11:30:29;38.25;10.09;1922;340;147.2;125;;0;yes;2360
312;11:30:42;37.7;5.79;1850;348;93.7;102;;0;yes;2322
312;11:30:55;37.22;1.19;1815;364;71.6;89;;0;yes;2322
312;11:31:08;37.0;356.59;1797;373;44.6;66;;0;yes;2320
312;11:31:21;36.71;352.35;1776;406;38.6;60;;0;yes;2320
312;11:31:36;36.69;347.73;1760;427;;;;0;yes;2300
313;11:28:30;60.01;142.82;4649;59;;;;0;no;2395
313;11:28:43;59.49;145.2;4536;159;238.8;163;140;0;yes;2391
313;11:28:56;59.07;147.03;4450;215;232.9;172;192;0;yes;2388
313;11:29:09;58.59;148.63;4347;272;219.1;175;257;0;yes;2382
313;11:29:22;58.11;150.22;4248;319;199.3;172;321;0;yes;2375
313;11:29:37;57.65;151.75;4165;372;165.4;166;372;0;yes;2375
313;11:29:50;57.16;153.78;4074;414;127.7;150;420;0;yes;2372
313;11:30:03;56.79;155.69;3996;450;96.1;132;474;0;yes;2363
313;11:30:16;56.45;157.69;3935;474;67.2;109;535;0;yes;2360
313;11:30:29;56.03;159.6;3869;483;48.2;91;582;0;yes;2360
313;11:30:42;55.56;161.53;3733;485;36.8;77;592;0;yes;2322
313;11:30:55;55.24;163.78;3685;511;32.5;72;631;0;yes;2322
313;11:31:08;55.02;166.12;3646;528;33.7;78;641;0;yes;2320
313;11:31:21;54.86;168.38;3624;547;37.5;88;655;0;yes;2320
313;11:31:36;54.78;170.65;3582;559;39.7;95;666;0;yes;2300
313;11:31:49;54.73;173.37;3564;583;40.7;102;693;0;yes;2293
313;11:32:02;54.77;175.72;3570;611;42.4;109;737;0;yes;2293
313;11:32:16;54.82;178.01;3573;640;40.5;108;768;0;yes;2291
313;11:32:29;54.87;180.29;3580;659;36.2;100;812;0;yes;2291
313;11:32:42;54.73;182.49;3559;697;25.3;74;993;0;yes;2290
313;11:32:55;54.7;184.68;3553;717;10.7;34;1049;0;yes;2290
313;11:33:08;54.62;186.79;3542;718;-5.2;-17;1053;0;yes;2290
313;11:33:21;54.66;189.06;3547;719;-17.7;-62;1058;0;yes;2290
313;11:33:34;54.61;191.59;3541;691;-26.5;-99;995;0;yes;2290
313;11:33:47;54.58;194.12;3536;647;-30.2;-115;937;0;yes;2290
313;11:34:00;54.5;196.62;3525;597;-31.3;-118;854;0;yes;2290
313;11:34:13;54.68;198.62;3551;573;-31.9;-116;824;0;yes;2290
313;11:34:26;54.93;200.74;3588;562;-33.0;-114;799;0;yes;2291
313;11:34:39;55.07;202.63;3609;557;-32.9;-107;778;0;yes;2291
313;11:34:52;55.13;204.49;3619;539;-31.5;-97;736;0;yes;2291
313;11:35:05;55.2;206.68;3633;507;-30.4;-91;639;0;yes;2293
313;11:35:18;55.34;208.98;3653;458;-29.2;-85;527;0;yes;2293
313;11:35:31;55.81;210.61;3735;443;-27.8;-78;497;0;yes;2300
313;11:35:46;56.32;211.99;3847;440;-35.4;-93;471;0;yes;2320
313;11:35:59;57.0;213.75;3957;441;-43.9;-110;454;0;yes;2320
313;11:36:11;57.52;215.18;4045;432;-57.1;-140;469;0;yes;2320
313;11:36:24;58.0;216.74;4141;416;-70.0;-179;509;0;yes;2327
313;11:36:37;59.05;220.38;4356;313;-80.3;-215;357;0;yes;2341
313;11:36:51;59.77;221.78;4494;270;-84.5;-241;293;0;yes;2341
313;11:37:03;60.41;222.97;4646;199;-87.8;-261;201;0;yes;2355
313;11:37:16;61.01;223.99;4842;115;-90.2;-270;103;0;yes;2396
313;11:37:29;61.7;224.8;5028;90;;;75;0;yes;2417
314;11:28:43;57.06;79.5;4089;564;;;834;0;yes;2391
314;11:28:56;56.12;79.4;3929;540;-25.8;-75;858;0;yes;2388
314;11:29:09;54.93;79.49;3731;531;-35.3;-103;864;0;yes;2382
314;11:29:22;53.66;79.53;3535;514;-46.1;-135;862;0;yes;2375
314;11:29:37;52.3;79.68;3348;491;-52.9;-154;876;0;yes;2375
314;11:29:50;50.85;79.74;3156;454;-60.6;-180;;0;yes;2372
314;11:30:03;49.54;79.87;2986;393;-65.3;-193;;0;yes;2363
314;11:30:16;47.64;79.73;2771;317;-66.4;-188;;0;yes;2360
314;11:30:29;45.59;79.18;2560;273;-64.2;-167;;0;yes;2360
314;11:30:42;43.65;78.44;2336;251;-57.1;-129;;0;yes;2322
314;11:30:55;41.55;78.16;2153;231;-45.9;-86;;0;yes;2322
314;11:31:08;39.61;78.03;1994;222;-32.0;-49;;0;yes;2320
314;11:31:21;37.61;78.47;1841;218;-20.6;-28;;0;yes;2320
314;11:31:36;35.67;79.12;1689;216;-12.4;-15;;0;yes;2300
314;11:31:49;32.93;79.44;1503;219;-8.4;-10;;0;yes;2293
314;11:32:02;30.74;79.83;1368;215;-10.1;-11;;0;yes;2293
314;11:32:16;28.29;80.36;1233;216;-14.0;-16;;0;yes;2291
314;11:32:29;25.44;81.3;1090;217;-20.1;-22;;0;yes;2291
314;11:32:42;22.85;82.83;965;206;-25.1;-28;;0;yes;2290
314;11:32:55;20.04;85.08;835;196;-29.1;-33;;0;yes;2290
314;11:33:08;17.27;87.79;712;189;-33.7;-38;;0;yes;2290
314;11:33:21;14.73;90.94;602;177;-38.2;-42;;0;yes;2290
314;11:33:34;11.71;95.54;475;165;-39.0;-42;;0;yes;2290
314;11:33:47;8.64;102.42;348;138;-40.0;-43;;0;yes;2290
314;11:34:00;7.31;119.78;294;55;-41.9;-44;;0;no;2290
314;11:34:13;6.65;127.36;155;19;;;;0;no;2290
315;11:29:22;77.95;35.47;12462;665;;;;0;yes;2375
315;11:29:37;77.78;34.97;12284;666;12.8;42;;0;yes;2375
315;11:29:50;77.61;34.45;12094;692;9.6;32;;0;yes;2372
315;11:30:03;77.48;34.03;11916;709;4.2;14;;0;yes;2363
315;11:30:16;77.36;33.6;11784;727;0.4;1;;0;yes;2360
315;11:30:29;77.25;33.13;11687;730;-18.8;-63;549;0;yes;2360
315;11:30:42;77.14;32.61;11396;706;-34.8;-126;530;0;yes;2322
315;11:30:55;77.04;32.1;11301;677;-45.6;-174;490;0;yes;2322
315;11:31:08;76.96;31.61;11214;666;-51.9;-203;445;0;yes;2320
315;11:31:21;76.72;29.91;11011;511;-56.2;-220;356;0;yes;2320
315;11:31:36;76.7;29.21;10897;460;-59.4;-226;323;0;yes;2300
315;11:31:49;76.61;28.47;10786;431;-61.5;-218;306;0;yes;2293
315;11:32:02;76.51;27.9;10705;408;-63.4;-204;296;0;yes;2293
315;11:32:16;76.36;27.48;10573;370;-64.6;-174;247;0;yes;2291
315;11:32:29;76.21;27.04;10451;325;-67.0;-176;228;0;yes;2291
315;11:32:42;76.11;26.14;10375;239;-70.2;-184;191;0;yes;2290
315;11:32:55;76.01;25.18;10298;149;-74.0;-196;174;0;yes;2290
315;11:33:08;75.75;23.91;10098;55;;;;0;no;2290
316;11:29:22;53.59;45.0;3525;78;;;;0;no;2375
316;11:29:37;52.8;43.08;3416;122;52.6;35;;0;yes;2375
316;11:29:50;51.8;40.68;3277;166;39.0;27;;0;yes;2372
316;11:30:03;50.9;38.63;3150;185;30.9;22;;0;yes;2363
316;11:30:16;49.92;36.48;3029;184;22.3;17;;0;yes;2360
316;11:30:29;48.92;34.04;2913;191;5.9;5;;0;yes;2360
316;11:30:42;47.8;31.45;2743;186;4.5;4;;0;yes;2322
316;11:30:55;46.44;27.82;2602;168;9.7;9;;0;yes;2322
316;11:31:08;45.23;24.82;2480;179;24.0;22;;0;yes;2320
316;11:31:21;44.21;22.26;2385;195;41.5;37;;0;yes;2320
316;11:31:36;43.8;21.1;2328;177;63.1;54;;0;yes;2300
316;11:31:49;43.05;17.01;2254;210;87.6;73;;0;yes;2293
316;11:32:02;42.49;12.97;2206;234;107.3;87;;0;yes;2293
316;11:32:16;42.12;8.44;2172;253;134.2;113;;0;yes;2291
316;11:32:29;41.76;4.32;2141;279;146.6;132;;0;yes;2291
316;11:32:42;41.51;0.1;2120;309;150.2;147;;0;yes;2290
316;11:32:55;41.36;356.06;2108;323;141.0;151;;0;yes;2290
316;11:33:08;40.39;353.73;2029;400;128.9;152;;0;yes;2290
316;11:33:21;40.19;349.75;2013;431;113.9;150;;0;yes;2290
316;11:33:34;40.22;345.87;2015;460;94.8;140;;0;yes;2290
316;11:33:47;40.38;342.21;2028;475;75.2;126;;0;yes;2290
316;11:34:00;40.68;338.37;2053;496;56.0;107;;0;yes;2290
316;11:34:13;41.0;333.98;2079;535;51.0;102;;0;yes;2290
316;11:34:26;41.42;330.17;2113;559;47.9;100;;0;yes;2291
316;11:34:39;41.91;326.83;2155;575;;;;0;yes;2291
317;11:29:37;71.25;275.47;7836;68;;;55;0;yes;2375
317;11:29:50;71.45;275.22;7915;104;60.6;28;95;0;yes;2372
317;11:30:03;71.59;274.98;7951;109;60.6;28;95;0;yes;2363
317;11:30:16;71.85;275.01;8063;136;60.6;28;116;0;yes;2360
317;11:30:29;72.25;274.21;8259;291;381.6;180;;1;no;2360
317;11:30:42;72.46;273.61;8228;309;594.5;232;;1;no;2322
317;11:30:55;72.63;273.41;8316;346;671.1;252;;1;no;2322
317;11:31:08;72.8;273.17;8392;368;615.6;250;;1;no;2320
317;11:31:21;72.97;272.96;8482;395;447.8;224;;1;no;2320
317;11:31:36;73.16;272.8;8510;418;244.2;170;;1;no;2300
317;11:31:49;73.4;272.59;8616;450;14.4;32;278;0;yes;2293
317;11:32:02;73.58;272.43;8719;467;14.1;31;301;0;yes;2293
317;11:32:16;73.79;272.28;8826;473;13.0;29;304;0;yes;2291
317;11:32:29;73.96;272.01;8925;483;11.2;26;318;0;yes;2291
317;11:32:42;74.16;271.76;9041;498;9.2;21;328;0;yes;2290
317;11:32:55;74.38;271.58;9174;513;7.4;17;352;0;yes;2290
317;11:33:08;74.54;271.3;9275;511;9.5;23;355;0;yes;2290
317;11:33:21;74.66;271.05;9352;482;9.9;24;333;0;yes;2290
317;11:33:34;74.89;271.04;9496;487;10.1;25;357;0;yes;2290
317;11:33:47;75.09;270.98;9630;499;5.8;15;379;0;yes;2290
317;11:34:00;75.33;270.67;9799;534;1.8;5;418;0;yes;2290
317;11:34:13;75.53;270.44;9939;543;-1.8;-4;412;0;yes;2290
317;11:34:26;75.72;270.29;10079;547;-3.4;-9;412;0;yes;2291
317;11:34:39;75.81;269.11;10146;492;-3.9;-10;427;0;yes;2291
317;11:34:52;75.96;268.89;10262;492;-3.9;-10;421;0;yes;2291
317;11:35:05;76.08;268.58;10368;492;0.8;2;410;0;yes;2293
317;11:35:18;76.24;268.36;10487;507;5.9;14;441;0;yes;2293
317;11:35:31;76.4;268.18;10652;517;11.3;27;453;0;yes;2300
317;11:35:46;76.58;267.99;10887;526;8.8;22;447;0;yes;2320
317;11:35:59;76.78;267.74;11062;530;4.3;11;442;0;yes;2320
317;11:36:11;76.96;267.54;11220;539;-0.5;-1;439;0;yes;2320
317;11:36:24;77.11;267.35;11392;530;-3.6;-9;421;0;yes;2327
317;11:36:37;77.29;267.13;11622;519;-5.9;-16;397;0;yes;2341
317;11:36:51;77.48;266.97;11804;510;-7.1;-19;388;0;yes;2341
317;11:37:03;77.64;266.89;12038;499;-7.6;-20;;0;yes;2355
317;11:37:16;77.79;266.76;12400;510;-7.6;-20;;0;yes;2396
317;11:37:29;77.93;266.67;12412;497;;;;0;no;2417
318;11:29:50;71.92;80.5;8138;122;;;100;0;yes;2372
318;11:30:03;71.48;80.49;7899;152;98.3;63;126;0;yes;2363
318;11:30:16;71.05;80.54;7702;170;96.4;64;151;0;yes;2360
318;11:30:29;70.64;80.51;7522;204;96.4;64;179;0;yes;2360
318;11:30:42;70.19;80.4;7221;232;96.4;64;202;0;yes;2322
318;11:30:55;69.8;79.21;7068;339;264.2;198;;1;no;2322
318;11:31:08;69.43;79.14;6923;375;328.2;242;;1;no;2320
318;11:31:21;69.06;79.0;6787;412;327.6;254;;1;no;2320
318;11:31:36;68.66;78.99;6593;429;298.7;250;;1;no;2300
318;11:31:49;68.23;78.72;6433;467;246.0;232;;1;no;2293
318;11:32:02;67.86;78.55;6313;494;156.9;184;;1;no;2293
318;11:32:16;67.52;78.2;6202;541;16.9;44;506;0;yes;2291
318;11:32:29;67.08;78.03;6067;565;15.3;41;527;0;yes;2291
318;11:32:42;66.61;77.8;5930;586;14.3;38;552;0;yes;2290
318;11:32:55;66.13;77.62;5796;591;12.9;36;560;0;yes;2290
318;11:33:08;65.7;77.2;5681;599;12.7;36;572;0;yes;2290
318;11:33:21;65.21;76.91;5552;602;12.3;35;541;0;yes;2290
318;11:33:34;64.57;76.74;5394;609;12.7;37;547;0;yes;2290
318;11:33:47;63.94;76.48;5244;620;14.0;41;566;0;yes;2290
318;11:34:00;63.27;76.29;5092;637;17.2;51;599;0;yes;2290
318;11:34:13;62.56;75.87;4939;634;20.9;62;604;0;yes;2290
318;11:34:26;61.89;75.46;4805;650;22.1;66;639;0;yes;2291
318;11:34:39;61.21;75.15;4670;662;23.2;70;663;0;yes;2291
318;11:34:52;60.54;74.85;4543;694;26.5;82;704;0;yes;2291
318;11:35:05;59.78;74.48;4407;714;30.4;95;743;0;yes;2293
318;11:35:18;59.04;73.89;4267;717;33.2;106;779;0;yes;2293
318;11:35:31;58.26;73.27;4139;738;34.1;110;849;0;yes;2300
318;11:35:46;57.55;72.65;4050;780;33.9;111;971;0;yes;2320
318;11:35:59;56.81;71.91;3927;840;37.1;121;1152;0;yes;2320
318;11:36:11;55.94;71.53;3788;865;;;1257;0;yes;2320
319;11:30:03;55.54;76.51;3794;59;;;81;0;yes;2363
319;11:30:16;54.49;75.84;3633;87;97.3;35;;0;yes;2360
319;11:30:29;53.47;75.26;3486;96;90.1;34;;0;yes;2360
319;11:30:42;52.46;74.71;3293;106;75.8;30;;0;yes;2322
319;11:30:55;51.18;74.18;3131;118;63.5;26;;0;yes;2322
319;11:31:08;49.89;73.62;2973;121;30.1;14;;0;yes;2320
319;11:31:21;48.64;72.97;2831;129;2.2;1;;0;yes;2320
319;11:31:36;47.23;72.36;2658;133;-23.7;-14;;0;yes;2300
319;11:31:49;45.17;71.41;2447;128;-47.3;-31;;0;yes;2293
319;11:32:02;43.18;70.0;2266;102;-63.0;-44;;0;yes;2293
319;11:32:16;41.52;69.06;2121;97;-73.6;-54;;0;yes;2291
319;11:32:29;39.58;68.28;1967;85;-80.6;-59;;0;yes;2291
319;11:32:42;36.95;67.23;1770;64;-83.4;-62;;0;yes;2290
319;11:32:55;34.46;66.21;1599;50;-84.7;-59;;0;yes;2290
319;11:33:08;31.81;65.38;1430;32;-87.8;-62;;0;yes;2290
319;11:33:21;29.31;63.66;1286;25;;;;0;yes;2290
320;11:30:42;31.61;38.35;1438;85;;;;0;no;2322
320;11:30:55;29.49;33.36;1314;157;151.1;105;;0;yes;2322
320;11:31:08;27.61;28.21;1213;192;140.2;103;;0;yes;2320
320;11:31:21;25.85;21.99;1124;232;118.4;94;;0;yes;2320
320;11:31:36;24.47;15.39;1047;257;98.8;83;;0;yes;2300
320;11:31:49;22.87;7.2;967;296;71.5;68;;0;yes;2293
320;11:32:02;22.02;358.09;928;310;37.2;41;;0;yes;2293
320;11:32:16;21.78;347.96;915;312;9.6;12;;0;yes;2291
320;11:32:29;22.35;337.75;942;306;-14.0;-20;;0;yes;2291
320;11:32:42;23.24;329.07;984;300;-29.9;-48;;0;yes;2290
320;11:32:55;24.95;319.01;1066;268;-38.9;-64;;0;yes;2290
320;11:33:08;26.73;311.86;1153;258;-44.0;-72;;0;yes;2290
320;11:33:21;28.8;305.96;1259;238;-46.4;-75;;0;yes;2290
320;11:33:34;30.93;301.23;1377;224;-45.6;-70;;0;yes;2290
320;11:33:47;33.11;296.63;1512;203;-42.2;-59;;0;yes;2290
320;11:34:00;35.31;293.02;1656;193;-39.5;-52;;0;yes;2290
320;11:34:13;37.51;290.02;1810;184;-34.9;-42;;0;yes;2290
320;11:34:26;39.5;287.59;1960;172;-32.3;-37;;0;yes;2291
320;11:34:39;41.3;285.43;2104;164;-28.2;-30;;0;yes;2291
320;11:34:52;44.37;290.27;2239;303;-26.2;-27;;1;no;2291
320;11:35:05;44.48;279.76;2383;30;;;;0;no;2293
321;11:30:42;73.67;39.83;8877;101;;;;0;no;2322
321;11:30:55;73.41;39.8;8729;189;;;;1;no;2322
321;11:31:08;73.14;39.2;8571;211;;;;1;no;2320
321;11:31:21;72.75;38.58;8367;252;;;;1;no;2320
321;11:31:36;72.32;37.91;8081;284;;;;1;no;2300
321;11:31:49;71.89;36.99;7852;347;;;;1;no;2293
321;11:32:02;71.56;36.24;7703;399;;;;1;no;2293
321;11:32:16;71.19;35.45;7533;457;;;421;0;yes;2291
321;11:32:29;70.65;36.63;7308;654;150.7;313;;1;no;2291
321;11:32:42;70.29;35.96;7159;725;175.5;347;;1;no;2290
321;11:32:55;69.92;35.39;7017;782;210.4;390;;1;no;2290
321;11:33:08;69.6;34.66;6898;836;218.2;402;;1;no;2290
321;11:33:21;69.25;33.91;6769;883;194.2;378;;1;no;2290
321;11:33:34;68.89;33.09;6642;929;131.6;300;;1;no;2290
321;11:33:47;68.56;32.17;6530;967;14.6;69;798;0;yes;2290
321;11:34:00;68.27;31.06;6435;1002;16.8;80;848;0;yes;2290
321;11:34:13;68.0;30.04;6347;1025;18.8;90;899;0;yes;2290
321;11:34:26;67.74;29.02;6270;1037;22.2;108;934;0;yes;2291
321;11:34:39;67.59;28.05;6223;1065;26.7;130;990;0;yes;2291
321;11:34:52;67.51;27.26;6197;1101;31.7;156;1037;0;yes;2291
321;11:35:05;67.41;26.37;6173;1135;36.3;180;1055;0;yes;2293
321;11:35:18;67.35;25.68;6156;1181;38.2;192;1105;0;yes;2293
321;11:35:31;67.32;24.75;6166;1229;36.8;191;1128;0;yes;2300
321;11:35:46;67.26;23.81;6199;1280;33.8;182;1137;0;yes;2320
321;11:35:59;67.14;22.76;6162;1335;29.8;168;1162;0;yes;2320
321;11:36:11;66.94;21.88;6101;1379;27.3;158;1208;0;yes;2320
321;11:36:24;66.73;21.08;6062;1426;24.2;144;1260;0;yes;2327
321;11:36:37;67.77;24.88;6047;2016;20.5;126;;1;no;2341
321;11:36:51;67.6;24.34;5997;2046;;;;1;no;2341
321;11:37:03;67.47;23.92;5988;2076;;;;1;no;2355
321;11:37:16;67.34;23.45;6045;2137;;;;1;no;2396
321;11:37:29;67.18;22.87;6058;2183;;;;1;no;2417
321;11:37:43;67.01;22.19;6035;2221;;;;1;no;2425
321;11:37:56;66.82;21.43;6026;2256;;;;0;no;2437
321;11:38:09;66.65;20.72;5990;2289;;;;0;no;2437
321;11:38:22;66.45;19.92;5965;2307;5.8;45;;0;no;2440
321;11:38:34;65.28;10.5;5935;1571;5.5;42;1532;0;yes;2440
321;11:38:47;65.22;9.64;5927;1586;5.0;39;1518;0;yes;2443
321;11:39:00;65.17;8.86;5950;1620;5.0;39;1523;0;yes;2458
321;11:39:13;65.07;7.88;5923;1625;4.9;38;1474;0;yes;2458
321;11:39:26;67.18;19.66;5899;3745;4.5;36;;1;no;2458
321;11:39:39;66.97;18.68;5878;3802;;;;1;no;2459
321;11:39:52;66.77;17.64;5874;3826;;;;1;no;2466
321;11:40:06;66.54;16.56;5875;3857;;;;0;no;2473
321;11:40:19;66.32;15.54;5854;3959;;;;0;no;2473
321;11:40:32;66.08;14.57;5842;4023;;;;0;no;2473
321;11:40:45;65.9;13.3;5836;4000;;;;0;no;2476
321;11:40:58;65.78;12.26;5829;4018;;;;0;no;2476
321;11:41:11;65.63;11.04;5858;4000;;;;0;no;2493
321;11:41:23;65.5;10.05;5861;4013;;;;0;no;2498
321;11:41:38;65.51;8.67;5853;3979;;;;0;no;2498
321;11:41:54;65.47;7.36;5846;3931;;;;0;no;2498
321;11:42:07;65.46;6.39;5847;3910;;;;0;no;2499
321;11:42:20;65.47;5.44;5850;3870;;;;0;no;2499
321;11:42:32;65.56;359.26;5852;3446;-33.4;-418;;0;no;2499
321;11:42:46;64.46;351.47;5859;2255;-31.1;-381;2086;0;yes;2500
321;11:42:58;64.54;350.38;5880;2234;-28.6;-343;2102;0;yes;2500
321;11:43:11;65.79;343.73;6225;1881;-26.0;-304;2062;0;yes;2500
321;11:43:26;66.05;342.44;6309;1867;-23.7;-271;2051;0;yes;2501
321;11:43:39;66.29;341.0;6378;1838;-19.0;-208;2019;0;yes;2501
321;11:43:51;66.47;339.83;6435;1824;-11.3;-113;1757;0;yes;2501
321;11:44:04;66.54;338.72;6455;1817;-5.6;-52;1718;0;yes;2501
321;11:44:17;66.62;337.61;6476;1797;-4.2;-39;1668;0;yes;2500
321;11:44:30;66.69;336.64;6495;1790;-2.1;-20;1734;0;yes;2499
321;11:44:43;66.71;335.62;6501;1795;-0.0;0;1813;0;yes;2498
321;11:44:55;66.72;334.54;6504;1794;2.3;21;1855;0;yes;2498
321;11:45:08;66.74;333.36;6507;1796;4.7;42;1904;0;yes;2498
321;11:45:21;66.75;332.21;6499;1809;6.3;56;1935;0;yes;2493
321;11:45:34;66.75;331.09;6498;1831;7.1;63;1953;0;yes;2493
321;11:45:47;66.74;329.94;6495;1852;7.3;65;2027;0;yes;2493
321;11:45:59;66.75;328.91;6498;1867;6.7;60;2090;0;yes;2493
321;11:46:12;66.75;327.87;6510;1892;5.5;49;2134;0;yes;2498
321;11:46:25;66.72;326.75;6489;1883;4.4;40;2158;0;yes;2493
321;11:46:38;66.73;325.53;6504;1893;3.8;35;2171;0;yes;2498
321;11:46:51;66.7;324.38;6495;1882;3.6;33;2123;0;yes;2498
321;11:47:04;66.77;323.24;6518;1897;3.7;35;2122;0;yes;2498
321;11:47:16;66.86;322.04;6548;1910;4.6;43;2154;0;yes;2498
321;11:47:29;67.04;320.89;6608;1922;5.4;50;2197;0;yes;2499
321;11:47:44;67.19;319.87;6655;1931;5.9;55;2232;0;yes;2499
321;11:47:57;67.38;318.82;6714;1940;5.9;55;2257;0;yes;2498
321;11:48:10;67.56;317.85;6778;1963;5.8;55;2286;0;yes;2499
321;11:48:23;67.79;316.83;6858;1979;5.9;56;2275;0;yes;2500
321;11:48:36;68.01;315.79;6934;1994;6.1;58;2329;0;yes;2500
321;11:48:49;68.26;314.84;7024;1989;;;2368;0;yes;2501
322;11:30:42;45.91;282.11;2867;400;;;;0;no;2322
322;11:30:55;45.4;277.44;2980;498;;;;1;no;2322
322;11:31:08;46.9;276.24;3089;530;;;;1;no;2320
322;11:31:21;48.49;275.68;3202;542;;;;1;no;2320
322;11:31:36;49.98;275.42;3285;524;;;;0;no;2300
322;11:31:49;51.49;275.14;3410;507;;;;0;no;2293
322;11:32:02;52.68;275.06;3523;485;-10.4;-22;;0;no;2293
322;11:32:16;54.52;276.89;3529;418;-3.9;-8;590;0;yes;2291
322;11:32:29;55.48;277.21;3670;392;3.4;7;580;0;yes;2291
322;11:32:42;56.3;277.07;3795;384;9.7;20;571;0;yes;2290
322;11:32:55;57.1;276.63;3924;391;19.2;37;543;0;yes;2290
322;11:33:08;57.89;276.15;4057;411;28.0;53;527;0;yes;2290
322;11:33:21;58.6;275.72;4180;433;32.7;61;548;0;yes;2290
322;11:33:34;59.32;275.35;4312;453;33.7;64;557;0;yes;2290
322;11:33:47;60.02;275.03;4445;456;30.2;59;541;0;yes;2290
322;11:34:00;60.69;274.81;4569;474;22.5;46;463;0;yes;2290
322;11:34:13;61.31;274.57;4687;487;13.9;30;501;0;yes;2290
322;11:34:26;61.91;274.35;4807;491;3.0;7;495;0;yes;2291
322;11:34:39;62.49;274.11;4927;491;-5.1;-12;475;0;yes;2291
322;11:34:52;63.06;273.85;5049;491;-11.6;-28;452;0;yes;2291
322;11:35:05;63.58;273.49;5171;481;-15.3;-38;444;0;yes;2293
322;11:35:18;64.02;273.24;5271;448;-16.6;-42;380;0;yes;2293
322;11:35:31;64.54;273.0;5410;434;-15.8;-40;370;0;yes;2300
322;11:35:46;65.05;272.83;5583;428;-17.0;-42;373;0;yes;2320
322;11:35:59;65.62;272.56;5732;440;-16.8;-40;377;0;yes;2320
322;11:36:11;66.07;272.34;5854;444;-18.7;-42;376;0;yes;2320
322;11:36:24;66.49;272.25;5990;431;-21.7;-49;366;0;yes;2327
322;11:36:37;66.83;272.43;6126;401;-23.3;-53;337;0;yes;2341
322;11:36:51;67.2;272.31;6238;392;-24.5;-55;329;0;yes;2341
322;11:37:03;67.5;272.31;6368;365;-25.2;-56;297;0;yes;2355
322;11:37:16;67.83;272.11;6583;364;-31.4;-67;283;0;yes;2396
322;11:37:29;68.17;271.82;6758;364;-36.6;-75;273;0;yes;2417
322;11:37:43;68.47;271.57;6884;348;-41.6;-84;249;0;yes;2425
322;11:37:56;68.78;271.44;7030;336;-42.8;-85;235;0;yes;2437
322;11:38:09;69.0;271.81;7110;282;-43.5;-86;226;0;yes;2437
322;11:38:22;69.18;272.15;7184;247;-41.1;-78;215;0;yes;2440
322;11:38:34;69.45;271.94;7290;256;-34.8;-61;237;0;yes;2440
322;11:38:47;69.67;271.82;7388;246;-29.0;-46;231;0;yes;2443
322;11:39:00;69.94;271.48;7538;243;-21.9;-30;226;0;yes;2458
322;11:39:13;70.22;271.21;7655;247;-19.7;-25;227;0;yes;2458
322;11:39:26;70.53;270.98;7786;241;-19.8;-25;208;0;yes;2458
322;11:39:39;70.82;270.78;7917;223;-27.7;-35;186;0;yes;2459
322;11:39:52;71.12;270.49;8077;213;-30.4;-39;168;0;yes;2466
322;11:40:06;71.41;270.21;8235;211;-32.9;-42;156;0;yes;2473
322;11:40:19;71.76;269.9;8404;147;-34.7;-45;112;0;yes;2473
322;11:40:32;71.89;270.52;8470;73;;;;0;no;2473
323;11:30:55;37.63;203.35;1845;24;;;;0;no;2322
323;11:31:08;38.66;206.78;1920;57;;;;0;yes;2320
323;11:31:21;39.86;210.08;2013;101;;;;0;yes;2320
323;11:31:36;39.99;209.99;2006;191;657.0;196;;1;no;2300
323;11:31:49;41.21;213.62;2099;260;748.5;211;;1;no;2293
323;11:32:02;42.3;216.31;2190;309;905.9;232;;1;no;2293
323;11:32:16;43.47;219.06;2289;360;885.4;233;;1;no;2291
323;11:32:29;44.68;221.46;2399;379;680.5;214;;1;no;2291
323;11:32:42;45.8;223.43;2503;388;309.6;156;;1;no;2290
323;11:32:55;46.9;225.41;2613;400;3.6;7;;0;yes;2290
323;11:33:08;47.98;227.11;2724;407;3.1;6;;0;yes;2290
323;11:33:21;48.97;228.62;2831;410;2.2;4;;0;yes;2290
323;11:33:34;50.01;229.91;2949;411;0.9;2;;0;yes;2290
323;11:33:47;51.01;231.03;3067;405;-0.1;0;;0;yes;2290
323;11:34:00;52.02;232.11;3191;410;-0.5;-1;;0;yes;2290
323;11:34:13;53.03;233.15;3322;410;-0.8;-2;;0;yes;2290
323;11:34:26;53.97;234.08;3452;407;-0.9;-2;502;0;yes;2291
323;11:34:39;54.86;235.09;3578;398;-0.2;0;472;0;yes;2291
323;11:34:52;55.76;236.11;3713;399;0.5;1;434;0;yes;2291
323;11:35:05;56.67;237.19;3860;418;5.2;11;433;0;yes;2293
323;11:35:18;57.41;237.99;3981;410;8.3;17;424;0;yes;2293
323;11:35:31;58.13;238.75;4115;406;10.4;21;415;0;yes;2300
323;11:35:46;58.82;239.53;4276;408;10.7;21;409;0;yes;2320
323;11:35:59;59.69;240.45;4439;444;6.8;14;443;0;yes;2320
323;11:36:11;60.34;241.02;4562;447;2.3;5;443;0;yes;2320
323;11:36:24;60.92;241.78;4687;437;-4.6;-10;438;0;yes;2327
323;11:36:37;61.51;242.18;4830;433;-12.0;-26;436;0;yes;2341
323;11:36:51;62.06;242.75;4944;413;-21.5;-48;429;0;yes;2341
323;11:37:03;62.55;243.2;5079;410;-24.6;-56;426;0;yes;2355
323;11:37:16;63.0;243.76;5266;391;-26.1;-59;418;0;yes;2396
323;11:37:29;63.44;244.45;5415;380;-24.8;-55;357;0;yes;2417
323;11:37:43;63.78;244.99;5515;352;-20.7;-44;313;0;yes;2425
323;11:37:56;64.23;245.74;5654;341;-16.5;-34;311;0;yes;2437
323;11:38:09;64.69;246.2;5771;344;-11.3;-22;312;0;yes;2437
323;11:38:22;65.11;246.68;5888;351;-8.3;-15;377;0;yes;2440
323;11:38:34;65.57;247.02;6014;345;-5.4;-10;313;0;yes;2440
323;11:38:47;65.99;247.42;6144;352;-7.5;-13;319;0;yes;2443
323;11:39:00;66.42;247.89;6307;354;-15.2;-26;325;0;yes;2458
323;11:39:13;66.81;248.32;6426;332;-22.5;-40;306;0;yes;2458
323;11:39:26;67.22;248.73;6558;335;-29.6;-54;295;0;yes;2458
323;11:39:39;67.63;249.0;6690;325;-34.3;-63;278;0;yes;2459
323;11:39:52;68.01;249.47;6839;288;-40.4;-73;250;0;yes;2466
323;11:40:06;68.4;249.72;6996;278;-45.5;-81;243;0;yes;2473
323;11:40:19;68.88;250.33;7171;259;-51.3;-90;231;0;yes;2473
323;11:40:32;69.22;250.6;7299;248;-54.2;-91;219;0;yes;2473
323;11:40:45;69.6;250.89;7456;217;-54.3;-84;196;0;yes;2476
323;11:40:58;69.99;251.19;7616;200;-56.6;-87;183;0;yes;2476
323;11:41:11;70.34;251.45;7813;174;-57.8;-87;138;0;yes;2493
323;11:41:23;70.68;251.68;7982;153;-58.8;-86;122;0;yes;2498
323;11:41:38;71.11;251.98;8179;110;;;82;0;yes;2498
324;11:30:55;60.72;203.44;4639;43;;;;0;no;2322
324;11:31:08;61.03;204.83;4692;92;;;100;0;yes;2320
324;11:31:21;61.31;206.38;4746;127;;;137;0;yes;2320
324;11:31:36;61.39;206.75;4724;206;342.5;154;;1;no;2300
324;11:31:49;61.66;208.3;4763;235;431.4;184;;1;no;2293
324;11:32:02;61.9;209.72;4812;253;579.6;224;;1;no;2293
324;11:32:16;62.15;211.09;4856;276;650.6;249;;1;no;2291
324;11:32:29;62.4;212.48;4908;303;615.3;261;;1;no;2291
324;11:32:42;62.57;213.54;4942;332;408.4;247;;1;no;2290
324;11:32:55;62.77;214.68;4983;362;105.8;170;358;0;yes;2290
324;11:33:08;62.45;214.87;4916;463;94.2;161;603;0;yes;2290
324;11:33:21;62.36;215.46;4898;532;84.0;151;625;0;yes;2290
324;11:33:34;62.53;216.59;4934;568;62.5;128;648;0;yes;2290
324;11:33:47;62.64;217.63;4957;580;47.2;108;646;0;yes;2290
324;11:34:00;62.87;218.76;5006;611;37.4;93;679;0;yes;2290
324;11:34:13;63.12;219.9;5060;628;28.8;77;685;0;yes;2290
324;11:34:26;63.37;221.07;5117;637;21.7;61;689;0;yes;2291
324;11:34:39;63.67;222.19;5185;651;17.1;50;695;0;yes;2291
324;11:34:52;64.02;223.26;5266;663;11.4;35;666;0;yes;2291
324;11:35:05;64.38;224.3;5357;669;8.0;25;657;0;yes;2293
324;11:35:18;64.74;225.22;5443;667;5.5;18;629;0;yes;2293
324;11:35:31;65.06;226.07;5540;672;3.6;12;629;0;yes;2300
324;11:35:46;65.35;226.9;5661;672;1.9;6;623;0;yes;2320
324;11:35:59;65.71;227.85;5758;680;1.1;4;620;0;yes;2320
324;11:36:11;66.02;228.6;5840;678;1.3;4;623;0;yes;2320
324;11:36:24;66.34;229.3;5948;673;2.0;7;600;0;yes;2327
324;11:36:37;66.63;230.05;6068;673;2.5;8;600;0;yes;2341
324;11:36:51;66.95;230.79;6161;682;2.8;9;612;0;yes;2341
324;11:37:03;67.18;231.54;6270;673;2.6;9;580;0;yes;2355
324;11:37:16;67.48;232.32;6471;687;0.0;0;616;0;yes;2396
324;11:37:29;67.84;232.96;6648;698;-3.7;-12;576;0;yes;2417
324;11:37:43;68.17;233.54;6781;700;-8.4;-29;577;0;yes;2425
324;11:37:56;68.45;234.09;6910;686;-13.2;-46;570;0;yes;2437
324;11:38:09;68.7;234.53;7000;661;-15.9;-57;563;0;yes;2437
324;11:38:22;68.91;235.13;7085;640;-18.8;-68;554;0;yes;2440
324;11:38:34;69.16;235.55;7179;607;-22.1;-81;535;0;yes;2440
324;11:38:47;69.42;236.12;7289;602;;;536;0;yes;2443
325;11:31:08;75.77;47.44;10246;118;;;107;0;yes;2320
325;11:31:21;75.67;47.27;10168;164;70.3;51;177;0;yes;2320
325;11:31:36;75.6;47.18;10035;187;89.3;66;200;0;yes;2300
325;11:31:49;75.43;46.91;9885;198;91.9;69;192;0;yes;2293
325;11:32:02;75.29;46.62;9785;202;88.3;69;208;0;yes;2293
325;11:32:16;75.44;46.28;9879;226;85.5;71;195;0;yes;2291
325;11:32:29;75.29;45.96;9775;263;81.5;72;211;0;yes;2291
325;11:32:42;75.1;45.55;9640;278;81.2;73;204;0;yes;2290
325;11:32:55;74.9;45.28;9508;304;78.9;73;230;0;yes;2290
325;11:33:08;74.67;43.97;9353;422;210.6;237;;1;no;2290
325;11:33:21;74.49;43.52;9240;489;271.2;297;;1;no;2290
325;11:33:34;74.3;43.04;9126;536;310.0;330;;1;no;2290
325;11:33:47;74.13;42.56;9020;580;307.2;337;;1;no;2290
325;11:34:00;73.99;42.07;8937;616;263.1;320;;1;no;2290
325;11:34:13;73.85;41.54;8859;656;177.4;267;;1;no;2290
325;11:34:26;73.69;41.02;8771;694;32.3;107;499;0;yes;2291
325;11:34:39;73.57;40.6;8700;747;34.7;117;534;0;yes;2291
325;11:34:52;73.43;40.18;8621;783;37.0;126;577;0;yes;2291
325;11:35:05;73.28;39.79;8553;811;40.1;141;614;0;yes;2293
325;11:35:18;73.12;39.4;8465;838;41.6;150;638;0;yes;2293
325;11:35:31;72.93;38.98;8390;883;41.6;154;667;0;yes;2300
325;11:35:46;72.74;38.55;8364;929;42.9;160;695;0;yes;2320
325;11:35:59;72.46;38.03;8220;977;42.8;162;704;0;yes;2320
325;11:36:11;72.19;37.61;8085;1009;41.5;161;738;0;yes;2320
325;11:36:24;71.93;37.15;7990;1061;;;791;0;yes;2327
326;11:31:21;77.19;33.28;11429;383;;;343;0;yes;2320
326;11:31:36;77.09;32.89;11235;387;-8.8;-17;341;0;yes;2300
326;11:31:49;76.97;32.4;11100;388;-11.6;-23;337;0;yes;2293
326;11:32:02;76.88;31.92;11021;386;-12.6;-25;336;0;yes;2293
326;11:32:16;76.77;31.48;10917;376;-13.2;-26;327;0;yes;2291
326;11:32:29;76.67;31.01;10827;366;-15.3;-30;318;0;yes;2291
326;11:32:42;76.57;30.51;10737;356;-18.2;-36;286;0;yes;2290
326;11:32:55;76.44;30.02;10631;352;-23.5;-46;286;0;yes;2290
326;11:33:08;76.31;29.49;10527;347;-29.9;-57;276;0;yes;2290
326;11:33:21;76.17;28.94;10419;339;-39.7;-76;278;0;yes;2290
326;11:33:34;76.06;28.28;10329;322;-48.4;-93;278;0;yes;2290
326;11:33:47;75.88;27.59;10198;293;-55.9;-108;266;0;yes;2290
326;11:34:00;75.76;26.91;10103;265;-60.4;-116;246;0;yes;2290
326;11:34:13;75.59;25.97;9982;224;-63.4;-122;227;0;yes;2290
326;11:34:26;75.52;25.41;9937;180;-65.4;-124;142;0;yes;2291
326;11:34:39;75.4;24.76;9848;154;-65.9;-120;127;0;yes;2291
326;11:34:52;75.34;24.33;9808;96;;;;0;no;2291
327;11:31:21;50.87;88.17;3089;44;;;;0;yes;2320
327;11:31:36;49.2;88.65;2869;67;;;;0;yes;2300
327;11:31:49;47.13;88.06;2640;133;;;;0;yes;2293
327;11:32:02;50.12;91.18;2455;540;103.7;31;;1;no;2293
327;11:32:16;49.04;92.03;2267;615;61.4;20;;1;no;2291
327;11:32:29;47.77;92.95;2081;614;31.0;10;;1;no;2291
327;11:32:42;38.65;89.51;1895;130;-1.3;-3;;1;no;2290
327;11:32:55;36.05;90.84;1707;119;-35.2;-22;;1;no;2290
327;11:33:08;33.41;92.11;1531;112;-48.0;-33;;1;no;2290
327;11:33:21;30.56;93.89;1355;97;-39.7;-21;;0;yes;2290
327;11:33:34;27.71;95.67;1203;90;-43.9;-23;;0;yes;2290
327;11:33:47;24.75;98.72;1056;78;-43.9;-23;;0;yes;2290
327;11:34:00;21.86;102.49;918;71;-45.9;-24;;0;yes;2290
327;11:34:13;19.06;108.51;791;51;-47.8;-24;;0;yes;2290
327;11:34:26;16.45;116.46;676;28;;;;0;no;2291
328;11:31:21;52.39;91.75;3280;82;;;;0;no;2320
328;11:31:36;51.12;92.78;3094;163;833.9;411;;0;yes;2300
328;11:31:49;49.48;93.72;2893;228;929.8;454;;0;yes;2293
328;11:32:02;50.12;91.18;2965;540;811.3;444;;1;no;2293
328;11:32:16;49.04;92.03;2840;615;659.5;418;;1;no;2291
328;11:32:29;47.77;92.95;2704;614;638.7;432;;1;no;2291
328;11:32:42;46.96;93.68;2619;663;499.7;420;;0;yes;2290
328;11:32:55;45.35;94.11;2460;730;305.5;379;;0;yes;2290
328;11:33:08;43.73;94.86;2311;776;119.8;295;;0;yes;2290
328;11:33:21;42.0;95.76;2161;826;79.1;258;;0;yes;2290
328;11:33:34;40.32;95.29;2024;915;82.9;280;;0;yes;2290
328;11:33:47;38.43;95.23;1878;1001;82.5;290;;0;yes;2290
328;11:34:00;36.28;95.43;1723;1065;76.2;285;;0;yes;2290
328;11:34:13;33.99;96.19;1568;1125;65.1;267;;0;yes;2290
328;11:34:26;31.52;96.57;1414;1172;51.6;235;;0;yes;2291
328;11:34:39;29.0;96.89;1270;1212;40.3;200;;0;yes;2291
328;11:34:52;26.44;97.6;1139;1254;31.5;167;;0;yes;2291
328;11:35:05;23.87;99.31;1015;1307;39.2;221;;0;yes;2293
328;11:35:18;21.33;101.66;896;1351;47.8;276;;0;yes;2293
328;11:35:31;20.25;104.45;849;1333;56.4;330;;0;yes;2300
328;11:35:46;18.92;108.39;795;1338;63.3;376;;0;yes;2320
328;11:35:59;22.96;85.64;983;1710;72.6;438;;0;yes;2320
328;11:36:11;24.19;83.71;1042;1639;80.5;493;;0;yes;2320
328;11:36:24;25.52;80.11;1111;1793;82.8;525;;0;yes;2327
328;11:36:37;23.61;78.63;1023;1867;71.5;491;;0;yes;2341
328;11:36:51;20.9;83.14;894;2038;48.9;388;;0;yes;2341
328;11:37:03;17.99;81.02;765;2130;39.2;330;;0;yes;2355
328;11:37:16;15.23;78.1;652;2225;25.6;231;;0;yes;2396
328;11:37:29;14.35;73.09;618;2238;17.3;166;;0;yes;2417
328;11:37:43;12.08;65.82;519;2287;16.1;169;;0;yes;2425
328;11:37:56;27.48;50.49;1268;2018;17.4;188;;0;yes;2437
328;11:38:09;29.12;41.01;927;2007;13.5;149;;0;no;2437
328;11:38:22;28.01;36.8;600;2049;6.6;76;;0;no;2440
328;11:38:34;7.56;9.03;324;2469;0.4;6;;1;no;2440
328;11:38:47;7.92;355.25;340;2522;-4.8;-56;;0;yes;2443
328;11:39:00;25.45;23.22;597;2131;-9.0;-110;;0;no;2458
328;11:39:13;25.22;19.28;862;2094;-10.3;-127;;0;no;2458
328;11:39:26;24.66;12.79;1129;2150;-4.0;-48;;0;yes;2458
328;11:39:39;24.5;6.3;1121;2161;9.6;110;;0;yes;2459
328;11:39:52;24.65;359.73;1132;2159;24.5;262;;0;yes;2466
328;11:40:06;18.48;315.42;827;2532;33.7;346;;1;no;2473
328;11:40:19;21.23;308.89;961;2548;33.9;350;;0;yes;2473
328;11:40:32;22.99;305.39;1049;2601;30.4;321;;0;yes;2473
328;11:40:45;24.53;303.77;1130;2607;22.5;248;;0;yes;2476
328;11:40:58;25.98;302.26;1207;2635;11.5;138;;0;yes;2476
328;11:41:11;27.47;300.74;1296;2666;5.7;74;;0;yes;2493
328;11:41:23;29.09;299.83;1390;2678;5.4;71;;0;yes;2498
328;11:41:38;30.43;299.85;1470;2674;5.4;70;;0;yes;2498
328;11:41:54;31.66;299.06;1551;2691;4.7;62;;0;yes;2498
328;11:42:07;32.73;298.23;1624;2714;4.1;55;;0;yes;2499
328;11:42:20;33.74;297.63;1695;2733;4.0;53;;0;yes;2499
328;11:42:32;34.64;296.87;1759;2744;3.7;49;;0;yes;2499
328;11:42:46;35.53;296.28;1825;2750;3.0;41;;0;yes;2500
328;11:42:58;36.43;295.72;1893;2749;2.2;30;;0;yes;2500
328;11:43:11;37.38;294.88;1966;2760;1.8;24;;0;yes;2500
328;11:43:26;38.43;293.94;2051;2771;1.5;21;;0;yes;2501
328;11:43:39;39.65;293.32;2153;2766;1.3;18;;0;yes;2501
328;11:43:51;40.67;292.6;2241;2772;8.1;113;;0;yes;2501
328;11:44:04;41.61;291.93;2325;2777;13.4;185;;0;yes;2501
328;11:44:17;42.54;291.25;2409;2777;17.4;235;;0;yes;2500
328;11:44:30;43.46;290.63;2496;2777;19.0;256;;0;yes;2499
328;11:44:43;47.4;288.76;2906;3127;18.4;247;;0;yes;2498
328;11:44:55;48.27;288.06;3006;3117;15.5;211;;0;yes;2498
328;11:45:08;49.14;287.6;3109;3102;10.5;145;;0;yes;2498
328;11:45:21;49.92;287.12;3198;3096;3.8;53;;0;yes;2493
328;11:45:34;50.63;286.88;3288;3082;-3.7;-58;;0;yes;2493
328;11:45:47;51.28;286.73;3373;3066;-4.1;-64;;0;yes;2493
328;11:45:59;51.9;286.66;3458;3037;-4.3;-67;;0;yes;2493
328;11:46:12;52.51;286.5;3549;3019;-4.0;-62;;0;yes;2498
328;11:46:25;53.05;286.09;3619;2986;-3.4;-52;;0;yes;2493
328;11:46:38;53.6;285.59;3707;2981;-2.9;-45;;0;yes;2498
328;11:46:51;54.52;284.52;3848;3022;-2.8;-42;;0;yes;2498
328;11:47:04;54.97;284.07;3920;3008;-3.2;-49;;0;yes;2498
328;11:47:16;55.44;283.68;3997;2994;-4.0;-60;;0;yes;2498
328;11:47:29;55.97;283.24;4085;2973;-4.5;-68;;0;yes;2499
328;11:47:44;56.48;282.78;4173;2951;-5.0;-75;;0;yes;2499
328;11:47:57;57.12;282.36;4284;2907;-5.5;-83;;0;yes;2498
328;11:48:10;57.58;281.91;4370;2877;-5.9;-89;;0;yes;2499
328;11:48:23;58.14;281.51;4476;5198;-5.8;-88;;0;no;2500
328;11:48:36;58.68;281.01;4579;5162;;;;0;no;2500
328;11:48:49;59.23;280.51;4690;5109;;;;0;no;2501
328;11:49:02;60.43;284.9;4937;5169;;;;0;no;2501
328;11:49:15;61.03;284.45;5063;5120;;;;0;no;2502
328;11:49:28;61.45;283.88;5152;5041;;;;0;no;2503
328;11:49:41;61.93;283.35;5256;4966;;;;0;no;2502
328;11:49:55;63.07;281.9;5519;6381;;;;1;no;2503
328;11:50:08;63.65;281.47;5658;6404;;;;0;no;2502
328;11:50:21;64.12;281.06;5772;6346;;;;0;no;2500
328;11:50:34;64.57;280.58;5894;6388;;;;0;no;2502
328;11:50:47;66.06;278.35;6316;11770;;;;1;no;2503
328;11:51:00;66.36;278.0;6405;11001;;;;0;no;2503
328;11:51:13;66.48;278.08;6435;9109;;;;0;no;2500
328;11:51:26;66.71;278.28;6512;8967;;;;0;no;2503
328;11:51:39;66.98;277.69;6590;8470;;;;0;no;2500
328;11:51:53;67.33;277.23;6710;8524;;;;0;no;2503
328;11:52:07;65.83;279.02;6253;3939;;;;0;no;2506
328;11:52:21;66.23;278.46;6365;3901;;;;0;no;2503
328;11:52:34;66.33;277.97;6401;3846;;;;0;no;2506
329;11:31:21;71.96;110.71;7979;1516;;;1086;0;yes;2320
329;11:31:36;71.69;110.91;7785;1491;6.1;45;1084;0;yes;2300
329;11:31:49;71.43;110.96;7648;1503;9.7;72;1104;0;yes;2293
329;11:32:02;71.2;110.95;7547;1511;11.5;85;1114;0;yes;2293
329;11:32:16;70.98;111.04;7443;1529;12.4;92;1120;0;yes;2291
329;11:32:29;70.75;111.07;7348;1561;14.7;109;1128;0;yes;2291
329;11:32:42;70.51;110.57;7247;1612;15.9;118;1107;0;yes;2290
329;11:32:55;70.23;110.75;7136;1632;15.6;116;1100;0;yes;2290
329;11:33:08;69.96;111.01;7029;1653;13.9;106;1127;0;yes;2290
329;11:33:21;69.69;111.31;6928;1676;11.5;90;1164;0;yes;2290
329;11:33:34;69.4;111.69;6823;1693;9.1;73;1214;0;yes;2290
329;11:33:47;69.1;112.1;6717;1700;7.8;63;1259;0;yes;2290
329;11:34:00;68.81;112.59;6614;1719;6.3;52;1311;0;yes;2290
329;11:34:13;68.51;113.15;6514;1737;4.7;39;1364;0;yes;2290
329;11:34:26;68.17;113.72;6406;1731;3.5;30;1396;0;yes;2291
329;11:34:39;67.89;114.23;6316;1742;2.5;21;1445;0;yes;2291
329;11:34:52;67.58;114.74;6220;1755;1.4;12;1486;0;yes;2291
329;11:35:05;67.25;115.02;6127;1743;2.2;19;1520;0;yes;2293
329;11:35:18;66.95;114.94;6037;1706;3.7;32;1585;0;yes;2293
329;11:35:31;66.61;114.67;5957;1706;5.8;50;1688;0;yes;2300
329;11:35:46;66.43;114.47;5955;1785;7.0;60;1892;0;yes;2320
329;11:35:59;66.03;114.7;5843;1835;8.5;73;2002;0;yes;2320
329;11:36:11;74.58;111.21;5705;12789;10.6;90;;1;no;2320
329;11:36:24;75.66;120.51;5631;2462;;;;1;no;2327
329;11:36:37;75.5;120.71;5563;2469;;;;1;no;2341
329;11:36:51;75.39;120.66;5463;2446;;;;1;no;2341
329;11:37:03;72.92;107.96;5404;12678;;;;1;no;2355
329;11:37:16;69.7;129.34;5402;150;;;;0;no;2396
330;11:31:21;56.03;134.45;3802;345;;;554;0;yes;2320
330;11:31:36;55.19;136.16;3641;339;-21.0;-37;611;0;yes;2300
330;11:31:49;54.07;137.61;3470;324;-17.4;-30;565;0;yes;2293
330;11:32:02;53.1;139.04;3337;292;-12.6;-22;;0;yes;2293
330;11:32:16;52.24;141.67;3221;302;-7.1;-12;;0;yes;2291
330;11:32:29;51.23;144.25;3095;297;2.3;4;;0;yes;2291
330;11:32:42;50.48;146.78;3003;302;13.0;20;;0;yes;2290
330;11:32:55;49.82;149.5;2927;312;24.2;35;;0;yes;2290
330;11:33:08;49.26;151.95;2863;325;30.2;44;;0;yes;2290
330;11:33:21;48.62;154.75;2793;338;31.8;46;;0;yes;2290
330;11:33:34;47.87;157.84;2713;348;29.2;44;;0;yes;2290
330;11:33:47;47.37;161.03;2660;359;22.7;35;;0;yes;2290
330;11:34:00;46.95;164.4;2617;371;13.9;23;;0;yes;2290
330;11:34:13;46.58;168.1;2580;383;5.5;9;;0;yes;2290
330;11:34:26;46.33;171.66;2556;384;-3.1;-6;;0;yes;2291
330;11:34:39;46.08;175.29;2532;370;-11.3;-21;;0;yes;2291
330;11:34:52;46.04;178.76;2528;360;-17.5;-33;;0;yes;2291
330;11:35:05;46.15;182.34;2542;354;-20.8;-40;;0;yes;2293
330;11:35:18;46.32;185.68;2558;339;-25.8;-49;;0;yes;2293
330;11:35:31;46.63;189.02;2596;326;-31.8;-60;;0;yes;2300
330;11:35:46;47.13;192.08;2670;316;-37.7;-70;;0;yes;2320
330;11:35:59;47.84;195.57;2744;308;-45.1;-83;;0;yes;2320
330;11:36:11;48.52;198.56;2818;283;-49.9;-90;;0;yes;2320
330;11:36:24;49.25;201.7;2909;256;-56.4;-100;;0;yes;2327
330;11:36:37;50.04;204.8;3017;233;-67.0;-116;;0;yes;2341
330;11:36:51;50.89;207.91;3120;201;-79.2;-133;;0;yes;2341
330;11:37:03;51.8;210.6;3255;190;-84.1;-134;;0;yes;2355
330;11:37:16;52.77;212.61;3440;160;-86.1;-127;;0;yes;2396
330;11:37:29;53.76;214.99;3611;112;-88.2;-129;;0;yes;2417
330;11:37:43;54.24;217.22;3693;65;-90.0;-129;;0;yes;2425
330;11:37:56;54.83;218.84;3801;56;-91.6;-131;117;0;yes;2437
330;11:38:09;55.22;220.42;3863;44;;;74;0;yes;2437
331;11:31:36;76.35;154.22;10605;57;;;;0;no;2300
331;11:31:49;76.52;155.66;10714;183;81.2;67;161;0;yes;2293
331;11:32:02;76.35;156.2;10576;200;82.4;70;160;0;yes;2293
331;11:32:16;76.22;156.85;10464;222;81.3;71;174;0;yes;2291
331;11:32:29;76.15;157.6;10404;244;78.2;70;171;0;yes;2291
331;11:32:42;76.08;158.27;10349;266;75.6;72;187;0;yes;2290
331;11:32:55;76.01;159.1;10295;279;70.8;72;196;0;yes;2290
331;11:33:08;75.96;159.84;10255;295;62.6;69;208;0;yes;2290
331;11:33:21;75.91;160.68;10221;307;49.7;60;220;0;yes;2290
331;11:33:34;75.86;161.49;10177;318;40.8;53;240;0;yes;2290
331;11:33:47;75.81;162.32;10146;335;35.3;49;257;0;yes;2290
331;11:34:00;75.76;163.18;10104;344;30.5;44;265;0;yes;2290
331;11:34:13;75.72;164.01;10079;347;27.2;41;268;0;yes;2290
331;11:34:26;75.68;164.9;10054;356;23.4;37;268;0;yes;2291
331;11:34:39;75.64;165.77;10020;365;19.0;32;268;0;yes;2291
331;11:34:52;75.59;166.64;9985;373;15.6;27;276;0;yes;2291
331;11:35:05;75.56;167.57;9978;382;11.2;19;294;0;yes;2293
331;11:35:18;75.55;168.44;9966;385;5.5;10;312;0;yes;2293
331;11:35:31;75.52;169.36;9975;389;-2.9;-5;322;0;yes;2300
331;11:35:46;75.52;170.21;10056;391;-12.8;-24;329;0;yes;2320
331;11:35:59;75.51;171.19;10051;378;-36.2;-69;332;0;yes;2320
331;11:36:11;75.5;172.0;10045;373;-50.3;-103;331;0;yes;2320
331;11:36:24;75.49;172.71;10071;349;-59.0;-128;319;0;yes;2327
331;11:36:37;75.44;173.56;10097;325;-65.0;-148;297;0;yes;2341
331;11:36:51;75.7;173.68;10282;219;-70.1;-168;159;0;yes;2341
331;11:37:03;75.67;174.67;10330;195;-74.7;-188;150;0;yes;2355
331;11:37:16;75.66;175.54;10498;154;;;120;0;yes;2396
332;11:31:49;13.2;4.34;538;61;;;;0;yes;2293
332;11:32:02;12.5;350.19;509;89;456.5;117;;0;yes;2293
332;11:32:16;13.21;333.7;538;92;418.4;117;;0;yes;2291
332;11:32:29;14.38;317.18;587;126;339.6;107;;0;yes;2291
332;11:32:42;15.74;305.37;645;173;269.1;96;;0;yes;2290
332;11:32:55;17.6;295.21;726;213;211.8;86;;0;yes;2290
332;11:33:08;20.3;288.29;847;220;118.2;59;;0;yes;2290
332;11:33:21;23.19;283.21;981;223;32.2;22;;0;yes;2290
332;11:33:34;26.11;279.57;1122;224;-10.9;-12;;0;yes;2290
332;11:33:47;28.89;276.96;1263;215;-27.5;-31;;0;yes;2290
332;11:34:00;31.54;275.23;1414;193;-31.1;-36;;0;yes;2290
332;11:34:13;34.09;273.34;1575;181;-33.2;-38;;0;yes;2290
332;11:34:26;36.51;271.72;1740;173;-40.1;-45;;0;yes;2291
332;11:34:39;38.77;270.36;1905;172;-47.7;-51;;0;yes;2291
332;11:34:52;40.98;269.35;2077;170;-56.1;-57;;0;yes;2291
332;11:35:05;43.06;268.85;2255;159;-59.9;-61;;0;yes;2293
332;11:35:18;44.88;268.29;2420;130;-65.4;-69;;0;yes;2293
332;11:35:31;46.24;268.47;2558;87;-72.2;-82;;0;yes;2300
332;11:35:46;47.91;268.02;2752;68;;;;0;yes;2320
333;11:31:49;72.77;81.24;8280;454;;;416;0;yes;2293
333;11:32:02;72.53;81.17;8163;438;-21.6;-50;405;0;yes;2293
333;11:32:16;72.29;81.12;8034;428;-24.5;-57;351;0;yes;2291
333;11:32:29;72.03;81.07;7913;421;-25.5;-59;360;0;yes;2291
333;11:32:42;71.8;81.05;7800;401;-25.6;-58;378;0;yes;2290
333;11:32:55;71.57;81.0;7696;382;-27.1;-61;324;0;yes;2290
333;11:33:08;71.27;81.03;7564;365;-27.0;-59;315;0;yes;2290
333;11:33:21;70.97;81.0;7436;356;-27.2;-58;296;0;yes;2290
333;11:33:34;70.66;80.94;7309;348;-28.9;-58;290;0;yes;2290
333;11:33:47;70.35;80.95;7183;337;-37.4;-73;288;0;yes;2290
333;11:34:00;70.0;80.91;7046;332;-46.1;-89;286;0;yes;2290
333;11:34:13;69.61;80.91;6901;312;-54.5;-105;264;0;yes;2290
333;11:34:26;69.27;80.93;6780;285;-64.0;-124;267;0;yes;2291
333;11:34:39;68.84;80.74;6629;232;-68.2;-136;210;0;yes;2291
333;11:34:52;68.39;80.57;6478;183;-72.6;-149;181;0;yes;2291
333;11:35:05;67.86;80.27;6314;103;-75.6;-155;120;0;yes;2293
333;11:35:18;67.22;80.24;6118;51;;;;0;no;2293
334;11:31:49;15.08;250.12;618;28;;;;0;no;2293
334;11:32:02;17.17;255.7;708;97;;;;1;no;2293
334;11:32:16;20.47;255.67;855;100;;;;1;no;2291
334;11:32:29;23.53;254.93;998;97;240.8;70;;1;no;2291
334;11:32:42;26.93;252.69;1163;85;201.6;65;;0;yes;2290
334;11:32:55;29.45;253.74;1293;125;227.8;80;;1;no;2290
334;11:33:08;32.41;254.06;1468;140;229.0;86;;0;yes;2290
334;11:33:21;34.88;254.5;1628;163;212.6;90;;0;yes;2290
334;11:33:34;36.72;252.98;1754;220;156.5;84;;1;no;2290
334;11:33:47;38.66;253.67;1895;227;125.3;77;;1;no;2290
334;11:34:00;40.43;256.06;2032;219;113.7;75;;0;yes;2290
334;11:34:13;42.22;256.3;2179;235;85.7;64;;0;yes;2290
334;11:34:26;43.9;256.12;2327;245;55.1;48;;0;yes;2291
334;11:34:39;45.42;255.92;2468;251;25.4;28;;0;yes;2291
334;11:34:52;46.92;255.79;2615;269;17.6;20;;0;yes;2291
334;11:35:05;48.27;255.88;2759;263;19.4;23;;0;yes;2293
334;11:35:18;49.54;255.78;2899;267;19.4;24;;0;yes;2293
334;11:35:31;50.76;255.76;3051;267;17.9;23;;0;yes;2300
334;11:35:46;51.92;255.76;3220;267;15.1;20;;0;yes;2320
334;11:35:59;52.88;256.3;3345;300;9.1;12;;0;yes;2320
334;11:36:11;53.85;256.38;3477;298;3.2;4;493;0;yes;2320
334;11:36:24;54.83;256.28;3631;292;-5.8;-8;470;0;yes;2327
334;11:36:37;55.73;256.37;3789;291;-13.9;-20;414;0;yes;2341
334;11:36:51;56.58;256.48;3924;271;-23.1;-35;362;0;yes;2341
334;11:37:03;57.32;256.63;4073;266;-25.1;-38;345;0;yes;2355
334;11:37:16;58.03;256.78;4269;250;-25.4;-38;297;0;yes;2396
334;11:37:29;58.75;256.9;4443;252;-23.3;-34;277;0;yes;2417
334;11:37:43;59.49;257.11;4601;235;-20.2;-28;250;0;yes;2425
334;11:37:56;60.23;257.22;4772;230;-18.7;-25;239;0;yes;2437
334;11:38:09;60.95;257.28;4913;235;-16.5;-21;235;0;yes;2437
334;11:38:22;61.59;257.37;5052;231;-17.7;-22;224;0;yes;2440
334;11:38:34;62.24;257.45;5191;222;-17.2;-21;212;0;yes;2440
334;11:38:47;62.88;257.6;5344;219;-20.7;-25;206;0;yes;2443
334;11:39:00;63.51;257.66;5526;215;-27.7;-33;194;0;yes;2458
334;11:39:13;64.06;257.69;5660;203;-33.1;-39;178;0;yes;2458
334;11:39:26;64.62;257.7;5803;204;-36.4;-42;177;0;yes;2458
334;11:39:39;65.1;257.82;5933;191;-39.2;-46;163;0;yes;2459
334;11:39:52;65.6;257.82;6089;168;-42.0;-50;135;0;yes;2466
334;11:40:06;66.06;257.79;6239;154;-44.1;-52;120;0;yes;2473
334;11:40:19;66.55;257.77;6387;114;;;92;0;yes;2473
335;11:32:02;77.94;7.15;12024;523;;;;0;yes;2293
335;11:32:16;77.87;6.64;11934;533;3.2;9;;0;yes;2291
335;11:32:29;77.78;6.12;11848;541;2.6;7;;0;yes;2291
335;11:32:42;77.72;5.58;11785;542;-0.3;-1;;0;yes;2290
335;11:32:55;77.62;5.05;11685;543;-2.0;-5;;0;yes;2290
335;11:33:08;77.56;4.4;11626;551;-7.2;-20;;0;yes;2290
335;11:33:21;77.48;3.83;11554;546;-13.0;-36;;0;yes;2290
335;11:33:34;77.41;3.25;11479;526;-19.7;-55;;0;yes;2290
335;11:33:47;77.35;2.6;11429;523;-30.2;-85;;0;yes;2290
335;11:34:00;77.29;2.07;11375;495;-39.6;-114;476;0;yes;2290
335;11:34:13;77.22;1.44;11307;474;-51.9;-150;459;0;yes;2290
335;11:34:26;77.17;0.86;11270;444;-60.2;-175;450;0;yes;2291
335;11:34:39;77.0;0.42;11115;383;-64.2;-185;396;0;yes;2291
335;11:34:52;76.96;359.8;11075;347;-65.2;-178;382;0;yes;2291
335;11:35:05;77.12;359.79;11232;272;-64.8;-164;243;0;yes;2293
335;11:35:18;77.01;359.25;11132;243;-62.9;-142;237;0;yes;2293
335;11:35:31;76.94;358.55;11102;236;-57.7;-112;216;0;yes;2300
335;11:35:46;76.88;357.89;11143;217;-54.4;-95;210;0;yes;2320
335;11:35:59;76.8;357.05;11073;183;-47.4;-70;187;0;yes;2320
335;11:36:11;76.76;356.31;11039;175;-45.9;-64;156;0;yes;2320
335;11:36:24;76.91;355.95;11214;107;;;;0;no;2327
336;11:32:02;23.64;21.47;1004;41;;;;0;no;2293
336;11:32:16;22.81;11.56;963;95;243.9;97;;0;yes;2291
336;11:32:29;21.88;2.83;920;126;248.8;104;;0;yes;2291
336;11:32:42;21.68;352.63;911;142;259.1;116;;0;yes;2290
336;11:32:55;21.1;340.76;883;195;251.0;120;;0;yes;2290
336;11:33:08;21.74;331.69;913;217;267.2;142;;0;yes;2290
336;11:33:21;22.92;324.12;968;243;261.8;154;;0;yes;2290
336;11:33:34;24.54;318.23;1045;287;216.0;151;;0;yes;2290
336;11:33:47;25.99;312.11;1116;310;149.5;135;;0;yes;2290
336;11:34:00;27.31;310.92;1182;370;114.3;120;;0;yes;2290
336;11:34:13;28.86;307.94;1262;394;78.0;96;;0;yes;2290
336;11:34:26;30.3;305.11;1340;390;46.2;67;;0;yes;2291
336;11:34:39;31.94;301.8;1440;408;26.0;42;;0;yes;2291
336;11:34:52;33.47;298.57;1536;411;9.2;17;;0;yes;2291
336;11:35:05;35.06;295.62;1642;410;5.4;10;;0;yes;2293
336;11:35:18;36.68;292.73;1754;406;5.3;10;;0;yes;2293
336;11:35:31;38.2;290.27;1870;407;3.9;8;;0;yes;2300
336;11:35:46;39.77;287.86;2006;407;5.0;10;;0;yes;2320
336;11:35:59;41.69;285.17;2162;424;6.6;13;;0;yes;2320
336;11:36:11;43.29;283.07;2302;438;;;;0;yes;2320
337;11:32:16;52.36;55.31;2605;29;;;;0;no;2291
337;11:32:29;51.71;54.61;2495;68;;;;0;no;2291
337;11:32:42;50.95;53.14;2387;91;;;;0;no;2290
337;11:32:55;50.03;51.35;2284;117;;;;0;no;2290
337;11:33:08;49.09;50.32;2184;166;;;;0;no;2290
337;11:33:21;48.13;48.71;2086;205;68.3;132;;0;no;2290
337;11:33:34;41.16;45.61;2091;443;72.6;144;;0;yes;2290
337;11:33:47;39.87;43.46;1988;481;74.1;150;;0;yes;2290
337;11:34:00;37.7;42.11;1824;546;74.6;156;;0;yes;2290
337;11:34:13;36.0;39.56;1703;587;74.1;162;;0;yes;2290
337;11:34:26;34.49;36.44;1602;628;72.0;166;;0;yes;2291
337;11:34:39;33.11;33.12;1512;665;67.0;166;;0;yes;2291
337;11:34:52;32.43;29.46;1470;706;67.8;181;;0;yes;2291
337;11:35:05;31.17;25.5;1394;723;71.6;205;;0;yes;2293
337;11:35:18;30.59;21.01;1359;765;77.1;232;;0;yes;2293
337;11:35:31;30.21;16.39;1340;803;82.3;258;;0;yes;2300
337;11:35:46;30.33;10.07;1359;896;84.8;277;;0;yes;2320
337;11:35:59;30.53;4.19;1371;980;83.5;286;;0;yes;2320
337;11:36:11;30.99;359.59;1399;1044;75.3;277;;0;yes;2320
337;11:36:24;30.84;354.23;1394;1103;62.0;248;;0;yes;2327
337;11:36:37;31.33;349.55;1433;1151;44.4;199;;0;yes;2341
337;11:36:51;31.36;345.76;1434;1189;30.9;152;;0;yes;2341
337;11:37:03;32.05;341.76;1486;1223;21.2;111;;0;yes;2355
337;11:37:16;32.93;337.78;1570;1233;13.6;76;;0;yes;2396
337;11:37:29;33.95;333.76;1653;1255;8.2;47;;0;yes;2417
337;11:37:43;35.03;329.5;1734;1237;4.1;25;;0;yes;2425
337;11:37:56;36.03;325.86;1815;1247;1.1;7;;0;yes;2437
337;11:38:09;37.46;322.74;1923;1248;-0.4;-3;;0;yes;2437
337;11:38:22;38.68;319.58;2021;1292;-1.5;-9;;0;yes;2440
337;11:38:34;38.92;317.01;2040;1273;-2.8;-18;;1;no;2440
337;11:38:47;42.07;315.7;2312;1229;-4.3;-27;;0;yes;2443
337;11:39:00;43.28;313.71;2438;1238;-4.9;-31;;0;yes;2458
337;11:39:13;44.27;312.32;2533;1197;-5.5;-34;;0;yes;2458
337;11:39:26;53.97;301.97;2484;2357;-5.9;-37;;1;no;2458
337;11:39:39;43.5;300.84;2459;95;;;;1;no;2459
338;11:32:16;51.21;269.21;3093;190;;;;0;yes;2291
338;11:32:29;51.8;269.43;3165;137;-21.7;-17;;0;yes;2291
338;11:32:42;53.18;268.28;3342;146;-15.8;-12;;0;yes;2290
338;11:32:55;53.77;268.77;3423;102;-12.0;-9;;0;yes;2290
338;11:33:08;54.48;268.45;3523;91;-9.4;-7;;0;yes;2290
338;11:33:21;55.92;267.27;3735;129;-5.5;-4;246;0;yes;2290
338;11:33:34;56.91;267.14;3892;140;-4.0;-3;241;0;yes;2290
338;11:33:47;57.79;267.09;4039;133;-4.4;-3;235;0;yes;2290
338;11:34:00;58.68;267.09;4194;133;-9.7;-6;215;0;yes;2290
338;11:34:13;59.48;267.04;4343;130;-14.7;-10;179;0;yes;2290
338;11:34:26;60.16;266.87;4474;126;-19.2;-13;159;0;yes;2291
338;11:34:39;60.81;266.67;4593;123;-26.6;-18;150;0;yes;2291
338;11:34:52;61.54;266.38;4734;118;-29.2;-20;150;0;yes;2291
338;11:35:05;62.24;266.11;4879;112;-31.1;-21;147;0;yes;2293
338;11:35:18;62.76;265.73;4989;84;-33.0;-22;112;0;yes;2293
338;11:35:31;63.34;265.4;5130;48;;;;0;no;2300
339;11:32:29;72.41;138.69;8095;70;;;;0;no;2291
339;11:32:42;72.13;139.44;7955;125;149.3;85;87;0;yes;2290
339;11:32:55;71.82;140.2;7809;160;152.9;91;116;0;yes;2290
339;11:33:08;71.5;140.97;7664;192;154.7;97;155;0;yes;2290
339;11:33:21;71.23;141.73;7548;207;150.4;100;155;0;yes;2290
339;11:33:34;70.97;142.48;7437;239;135.0;100;185;0;yes;2290
339;11:33:47;70.77;143.2;7351;263;115.0;95;220;0;yes;2290
339;11:34:00;70.58;143.95;7277;292;90.1;84;256;0;yes;2290
339;11:34:13;70.39;144.79;7198;312;63.9;67;280;0;yes;2290
339;11:34:26;70.2;145.67;7128;319;37.9;46;278;0;yes;2291
339;11:34:39;70.04;146.58;7065;326;21.1;28;273;0;yes;2291
339;11:34:52;69.86;147.53;6996;325;8.5;13;282;0;yes;2291
339;11:35:05;69.69;148.5;6940;324;1.8;3;282;0;yes;2293
339;11:35:18;69.53;149.49;6881;322;-3.5;-6;269;0;yes;2293
339;11:35:31;69.38;150.61;6846;320;-10.6;-17;264;0;yes;2300
339;11:35:46;69.25;151.72;6859;328;-27.2;-44;282;0;yes;2320
339;11:35:59;69.16;152.97;6826;326;-32.1;-54;268;0;yes;2320
339;11:36:11;69.19;154.0;6834;284;-38.4;-67;272;0;yes;2320
339;11:36:24;69.41;155.15;6937;153;-46.4;-86;148;0;yes;2327
339;11:36:37;69.41;156.46;6698;112;;;;0;no;2341
340;11:32:29;75.67;198.44;10046;124;;;;0;no;2291
340;11:32:42;75.12;199.02;9941;259;1.3;2;;0;no;2290
340;11:32:55;75.39;199.5;9841;229;7.6;9;250;0;yes;2290
340;11:33:08;75.45;200.27;9882;231;12.9;14;235;0;yes;2290
340;11:33:21;75.63;201.05;10009;220;15.9;18;165;0;yes;2290
340;11:33:34;75.67;201.71;10038;231;19.3;22;177;0;yes;2290
340;11:33:47;75.72;202.37;10080;246;20.7;23;192;0;yes;2290
340;11:34:00;75.75;203.07;10098;255;17.9;20;194;0;yes;2290
340;11:34:13;75.79;203.78;10126;260;13.5;16;207;0;yes;2290
340;11:34:26;75.82;204.46;10157;261;6.2;7;204;0;yes;2291
340;11:34:39;75.87;205.14;10194;265;-0.1;0;207;0;yes;2291
340;11:34:52;75.86;205.9;10188;242;-3.7;-5;194;0;yes;2291
340;11:35:05;75.92;206.56;10243;231;-5.9;-8;194;0;yes;2293
340;11:35:18;75.99;207.04;10296;255;-6.5;-8;205;0;yes;2293
340;11:35:31;76.07;207.46;10382;273;;;211;0;yes;2300
341;11:32:55;34.69;330.71;1615;28;;;;0;no;2290
341;11:33:08;35.75;325.54;1686;73;141.6;45;;0;yes;2290
341;11:33:21;36.84;321.08;1762;89;115.4;40;;0;yes;2290
341;11:33:34;37.93;316.63;1841;115;95.3;36;;0;yes;2290
341;11:33:47;39.09;312.48;1928;127;95.3;36;;0;yes;2290
341;11:34:00;40.31;308.61;2023;132;80.2;33;;0;yes;2290
341;11:34:13;41.32;302.42;2104;184;44.9;23;;1;no;2290
341;11:34:26;42.93;299.31;2241;202;19.4;11;;1;no;2291
341;11:34:39;44.38;296.57;2371;213;-0.4;0;;1;no;2291
341;11:34:52;44.37;290.27;2370;303;-12.1;-8;;1;no;2291
341;11:35:05;45.92;288.98;2520;272;-19.2;-13;;1;no;2293
341;11:35:18;48.46;289.49;2780;173;-27.9;-20;;1;no;2293
341;11:35:31;49.78;287.33;2936;146;-40.8;-31;;0;yes;2300
341;11:35:46;51.03;285.27;3109;113;-40.8;-31;;0;yes;2320
341;11:35:59;52.47;283.69;3291;111;-40.8;-31;;0;yes;2320
341;11:36:11;53.7;282.35;3456;98;-34.3;-24;;0;yes;2320
341;11:36:24;54.76;280.95;3620;68;;;91;0;yes;2327
342;11:33:34;72.85;155.87;8310;84;;;63;0;yes;2290
342;11:33:47;72.74;156.86;8254;101;139.6;58;77;0;yes;2290
342;11:34:00;72.45;158.27;8112;152;112.6;52;132;0;yes;2290
342;11:34:13;72.33;159.56;8052;165;101.6;50;142;0;yes;2290
342;11:34:26;72.19;161.01;7989;162;101.6;50;143;0;yes;2291
342;11:34:39;71.92;162.22;7861;190;66.5;40;207;0;yes;2291
342;11:34:52;71.43;162.46;7638;264;77.2;57;;1;no;2291
342;11:35:05;71.29;163.69;7585;275;81.1;61;;1;no;2293
342;11:35:18;71.11;164.76;7507;261;78.1;60;;1;no;2293
342;11:35:31;70.97;165.98;7469;257;63.8;51;;1;no;2300
342;11:35:46;70.88;167.21;7492;257;39.5;34;;1;no;2320
342;11:35:59;70.8;168.53;7459;258;-11.4;-11;;1;no;2320
342;11:36:11;70.74;169.77;7437;258;-65.2;-101;202;0;yes;2320
342;11:36:24;70.69;170.98;7440;246;-71.7;-111;186;0;yes;2327
342;11:36:37;70.67;172.22;7473;225;-73.8;-112;164;0;yes;2341
342;11:36:51;70.6;174.32;7443;159;-77.8;-117;146;0;yes;2341
342;11:37:03;70.55;175.41;7468;126;-80.8;-124;109;0;yes;2355
342;11:37:16;70.56;176.62;7603;101;-83.2;-129;87;0;yes;2396
342;11:37:29;70.62;177.86;7696;81;-83.9;-124;69;0;yes;2417
342;11:37:43;70.63;179.0;7724;54;;;51;0;yes;2425
343;11:34:13;72.76;14.35;8267;131;;;88;0;yes;2290
343;11:34:26;72.59;13.1;8184;160;178.8;115;148;0;yes;2291
343;11:34:39;72.66;12.01;8220;260;137.1;100;243;0;yes;2291
343;11:34:52;72.5;10.84;8137;266;121.8;97;261;0;yes;2291
343;11:35:05;72.38;9.81;8088;279;113.5;97;270;0;yes;2293
343;11:35:18;72.27;8.8;8035;292;80.6;87;272;0;yes;2293
343;11:35:31;72.25;7.79;8047;300;64.4;79;267;0;yes;2300
343;11:35:46;72.22;6.72;8102;335;60.5;77;312;0;yes;2320
343;11:35:59;72.07;5.54;8027;360;49.2;67;343;0;yes;2320
343;11:36:11;72.0;4.5;7997;385;35.4;51;370;0;yes;2320
343;11:36:24;71.94;3.46;7995;382;20.2;31;389;0;yes;2327
343;11:36:37;71.91;2.38;8025;386;2.9;5;401;0;yes;2341
343;11:36:51;71.86;1.31;8004;378;-7.3;-14;401;0;yes;2341
343;11:37:03;71.81;0.29;8028;372;-14.3;-28;436;0;yes;2355
343;11:37:16;71.84;359.19;8180;365;-26.7;-52;459;0;yes;2396
343;11:37:29;71.93;358.13;8300;354;-43.4;-85;489;0;yes;2417
343;11:37:43;71.93;357.13;8325;342;-55.2;-113;481;0;yes;2425
343;11:37:56;71.99;356.07;8392;327;-63.5;-133;449;0;yes;2437
343;11:38:09;72.58;354.88;8514;220;-70.7;-149;;0;no;2437
343;11:38:22;72.47;353.8;8651;208;-76.8;-159;151;0;yes;2440
343;11:38:34;72.4;352.8;8615;208;-80.0;-168;159;0;yes;2440
343;11:38:47;72.28;351.98;8567;165;-81.6;-167;147;0;yes;2443
343;11:39:00;72.27;351.15;8611;106;-80.3;-141;116;0;yes;2458
343;11:39:13;72.33;350.43;8642;94;;;77;0;yes;2458
344;11:34:13;64.28;66.69;5325;54;;;;0;no;2290
344;11:34:26;63.49;66.29;5144;90;78.2;36;91;0;yes;2291
344;11:34:39;62.66;65.89;4963;116;61.0;30;126;0;yes;2291
344;11:34:52;61.95;65.33;4816;131;47.2;24;151;0;yes;2291
344;11:35:05;61.3;64.49;4692;145;33.6;18;178;0;yes;2293
344;11:35:18;60.6;63.68;4559;147;7.8;5;188;0;yes;2293
344;11:35:31;59.92;62.85;4446;141;-17.9;-11;167;0;yes;2300
344;11:35:46;59.21;62.02;4347;141;-36.9;-26;175;0;yes;2320
344;11:35:59;58.32;61.04;4184;134;-52.1;-40;168;0;yes;2320
344;11:36:11;57.59;60.05;4057;120;-66.9;-53;152;0;yes;2320
344;11:36:24;56.83;59.08;3943;98;-75.6;-62;107;0;yes;2327
344;11:36:37;55.94;58.13;3822;88;-80.6;-65;104;0;yes;2341
344;11:36:51;54.98;57.12;3674;74;-82.9;-67;100;0;yes;2341
344;11:37:03;53.9;55.88;3539;50;-84.2;-64;;0;yes;2355
344;11:37:16;52.77;54.74;3440;38;-85.0;-60;;0;yes;2396
344;11:37:29;51.63;53.42;3318;34;;;;0;yes;2417
345;11:34:26;52.16;22.75;3211;74;;;;0;yes;2291
345;11:34:39;51.65;20.34;3146;107;56.3;28;;0;yes;2291
345;11:34:52;51.22;17.86;3094;128;43.3;22;;0;yes;2291
345;11:35:05;50.89;15.27;3057;141;72.1;38;;0;yes;2293
345;11:35:18;50.62;12.78;3024;137;97.3;52;;0;yes;2293
345;11:35:31;50.28;10.49;2993;125;123.2;68;;0;yes;2300
345;11:35:46;49.83;8.03;2965;137;139.8;78;;0;yes;2320
345;11:35:59;49.14;4.49;2887;190;145.4;82;;0;yes;2320
345;11:36:11;48.98;1.72;2869;219;124.1;75;;0;yes;2320
345;11:36:24;48.98;358.9;2879;245;85.3;57;;0;yes;2327
345;11:36:37;49.24;356.08;2925;249;33.7;26;;0;yes;2341
345;11:36:51;49.5;353.41;2955;254;-16.6;-18;;0;yes;2341
345;11:37:03;50.14;351.5;3048;235;-41.1;-51;;0;yes;2355
345;11:37:16;50.72;349.4;3171;214;-55.7;-76;;0;yes;2396
345;11:37:29;50.97;347.5;3232;194;-61.1;-87;;0;yes;2417
345;11:37:43;50.78;344.44;3218;142;-66.3;-98;;0;yes;2425
345;11:37:56;51.1;341.95;3274;104;-69.8;-104;;0;yes;2437
345;11:38:09;50.82;339.47;3239;50;;;;0;no;2437
346;11:34:26;73.63;154.78;8706;117;;;;0;no;2291
346;11:34:39;73.62;156.31;8730;214;128.3;131;132;0;yes;2291
346;11:34:52;73.53;157.56;8678;284;122.7;133;178;0;yes;2291
346;11:35:05;73.45;158.57;8644;321;118.0;135;225;0;yes;2293
346;11:35:18;73.37;159.52;8600;364;118.2;141;267;0;yes;2293
346;11:35:31;73.31;160.48;8590;396;109.0;144;290;0;yes;2300
346;11:35:46;73.25;161.48;8633;427;104.3;149;308;0;yes;2320
346;11:35:59;73.17;162.38;8588;458;95.8;150;323;0;yes;2320
346;11:36:11;73.07;162.91;8532;504;81.5;143;321;0;yes;2320
346;11:36:24;72.97;163.63;8511;525;71.2;137;328;0;yes;2327
346;11:36:37;72.89;164.53;8515;555;62.5;130;373;0;yes;2341
346;11:36:51;72.72;165.37;8427;590;50.5;115;445;0;yes;2341
346;11:37:03;72.6;166.2;8420;607;38.7;96;462;0;yes;2355
346;11:37:16;72.49;167.1;8504;627;31.4;82;486;0;yes;2396
346;11:37:29;72.27;168.41;8470;657;25.4;71;493;0;yes;2417
346;11:37:43;72.13;169.33;8423;662;20.2;59;464;0;yes;2425
346;11:37:56;72.01;170.31;8405;653;16.8;51;439;0;yes;2437
346;11:38:09;71.91;171.23;8356;670;14.5;46;420;0;yes;2437
346;11:38:22;71.87;172.23;8347;692;13.3;43;425;0;yes;2440
346;11:38:34;71.85;173.17;8337;696;14.1;46;415;0;yes;2440
346;11:38:47;71.84;174.14;8342;699;14.4;47;423;0;yes;2443
346;11:39:00;71.85;175.23;8400;714;13.5;45;446;0;yes;2458
346;11:39:13;71.85;176.18;8398;724;10.9;37;445;0;yes;2458
346;11:39:26;71.84;176.89;8393;756;4.8;17;456;0;yes;2458
346;11:39:39;71.79;177.86;8369;745;-2.0;-7;424;0;yes;2459
346;11:39:52;71.75;178.86;8385;727;-8.9;-32;;0;no;2466
346;11:40:06;71.77;179.84;8403;741;-13.3;-50;;0;no;2473
346;11:40:19;71.78;180.74;8401;740;-15.7;-60;;0;no;2473
346;11:40:32;71.78;181.56;8396;749;-18.8;-72;;0;no;2473
346;11:40:45;71.73;182.03;8402;694;-29.8;-112;434;0;yes;2476
346;11:40:58;71.66;182.5;8368;661;-35.0;-130;356;0;yes;2476
346;11:41:11;71.66;183.26;8420;662;-36.1;-130;357;0;yes;2493
346;11:41:23;71.62;183.81;8420;627;-36.9;-132;338;0;yes;2498
346;11:41:38;71.67;182.65;8446;490;-36.0;-127;329;0;yes;2498
346;11:41:54;71.73;183.73;8475;491;-33.6;-115;348;0;yes;2498
346;11:42:07;71.79;184.75;8510;495;-35.5;-115;349;0;yes;2499
346;11:42:20;71.83;185.76;8529;486;-42.2;-122;343;0;yes;2499
346;11:42:32;71.91;186.81;8571;482;-49.0;-128;345;0;yes;2499
346;11:42:46;72.0;187.84;8617;471;-60.1;-166;337;0;yes;2500
346;11:42:58;71.79;187.57;8592;332;-66.1;-187;;0;no;2500
346;11:43:11;71.91;188.61;8569;316;-70.0;-197;242;0;yes;2500
346;11:43:26;72.03;189.71;8638;290;-73.1;-196;219;0;yes;2501
346;11:43:39;72.08;190.73;8662;235;-75.6;-182;174;0;yes;2501
346;11:43:51;72.18;191.76;8717;220;-74.0;-155;173;0;yes;2501
346;11:44:04;72.31;192.87;8784;192;-72.3;-130;148;0;yes;2501
346;11:44:17;72.47;193.68;8866;124;-74.5;-128;102;0;yes;2500
346;11:44:30;72.62;194.77;8941;89;;;64;0;yes;2499
347;11:34:39;76.08;272.79;10349;276;;;209;0;yes;2291
347;11:34:52;76.17;272.49;10425;272;43.9;55;215;0;yes;2291
347;11:35:05;76.33;272.29;10561;284;38.8;50;216;0;yes;2293
347;11:35:18;76.48;272.16;10683;302;33.7;44;236;0;yes;2293
347;11:35:31;76.65;271.97;10853;323;28.9;39;257;0;yes;2300
347;11:35:46;76.82;271.84;11094;333;33.0;46;254;0;yes;2320
347;11:35:59;77.05;271.73;11296;331;40.5;58;265;0;yes;2320
347;11:36:11;77.21;271.58;11441;332;46.1;69;256;0;yes;2320
347;11:36:24;77.41;271.52;11557;329;49.5;76;;0;no;2327
347;11:36:37;77.59;271.46;11711;319;56.9;87;;0;no;2341
347;11:36:51;77.47;271.72;11799;376;62.0;95;357;0;yes;2341
347;11:37:03;77.42;271.82;11818;415;62.2;99;;0;yes;2355
347;11:37:16;77.4;271.83;12000;459;60.7;99;;0;yes;2396
347;11:37:29;77.36;271.9;12072;499;47.2;85;;0;yes;2417
347;11:37:43;77.41;273.65;12163;724;38.5;74;;1;no;2425
347;11:37:56;77.43;273.67;12238;776;;;;1;no;2437
347;11:38:09;77.57;274.16;12380;919;;;;1;no;2437
347;11:38:22;77.63;273.95;12461;997;;;;1;no;2440
347;11:38:34;77.72;273.82;12556;1073;;;;1;no;2440
347;11:38:47;77.81;273.5;12668;1149;;;;1;no;2443
347;11:39:00;77.87;273.33;12805;1206;;;;1;no;2458
347;11:39:13;77.91;273.14;12855;1248;;;;1;no;2458
347;11:39:26;77.97;273.01;12916;1298;;;;0;yes;2458
347;11:39:39;78.02;272.95;12977;1330;;;;0;no;2459
347;11:39:52;78.07;272.77;13072;1373;;;;0;no;2466
347;11:40:06;78.13;272.61;13177;1404;;;;0;no;2473
347;11:40:19;78.22;272.44;13289;1456;;;;0;no;2473
347;11:40:32;78.31;272.29;13384;1496;;;;0;no;2473
347;11:40:45;78.39;272.19;13501;1537;;;;0;no;2476
347;11:40:58;78.47;272.1;13591;1572;;;;0;no;2476
347;11:41:11;78.56;271.98;13797;1601;;;;0;no;2493
347;11:41:23;78.64;271.9;13923;1634;;;;0;no;2498
347;11:41:38;79.38;273.12;14044;2416;;;;0;no;2498
347;11:41:54;79.47;273.03;14164;2439;;;;0;no;2498
347;11:42:07;78.9;271.72;14270;1693;;;;0;no;2499
347;11:42:20;78.98;271.75;14375;1697;;;;0;no;2499
347;11:42:32;79.06;271.7;14487;1708;;;;0;no;2499
347;11:42:46;77.81;287.42;14380;3973;;;;1;no;2500
347;11:42:58;77.88;287.23;14453;3996;;;;1;no;2500
347;11:43:11;77.96;287.13;14527;4013;;;;1;no;2500
347;11:43:26;78.04;287.13;14612;4065;;;;1;no;2501
347;11:43:39;78.14;286.93;14705;4069;;;;1;no;2501
347;11:43:51;75.61;285.4;14780;182;;;;0;no;2501
347;11:44:04;75.88;284.75;14853;143;;;;0;no;2501
347;11:44:17;76.2;284.13;14920;71;;;;0;no;2500
348;11:34:52;77.18;76.36;11279;2013;;;;0;yes;2291
348;11:35:05;77.04;76.26;11161;2015;1.5;15;;0;yes;2293
348;11:35:18;76.93;76.33;11062;2014;1.6;16;;0;yes;2293
348;11:35:31;76.79;76.35;10976;2016;1.6;16;;0;yes;2300
348;11:35:46;76.65;76.43;10948;2033;2.2;22;;0;yes;2320
348;11:35:59;76.45;76.49;10779;2037;2.7;27;;0;yes;2320
348;11:36:11;76.25;76.51;10617;2023;3.6;36;;0;yes;2320
348;11:36:24;76.07;76.63;10506;2032;5.7;58;1488;0;yes;2327
348;11:36:37;75.86;76.68;10409;2057;8.0;80;1512;0;yes;2341
348;11:36:51;75.67;76.72;10263;2059;9.9;100;1542;0;yes;2341
348;11:37:03;75.5;76.77;10202;2085;11.4;115;1556;0;yes;2355
348;11:37:16;75.31;76.71;10235;2138;12.7;127;1604;0;yes;2396
348;11:37:29;75.14;76.62;10201;2172;12.4;126;1631;0;yes;2417
348;11:37:43;74.95;76.55;10103;2194;11.6;119;1629;0;yes;2425
348;11:37:56;74.77;76.49;10026;2214;9.5;99;1625;0;yes;2437
348;11:38:09;74.67;76.39;9956;2248;7.1;76;1651;0;yes;2437
348;11:38:22;74.47;76.38;9836;2251;6.1;66;1688;0;yes;2440
348;11:38:34;74.27;76.41;9699;2256;5.3;58;1723;0;yes;2440
348;11:38:47;74.06;76.32;9584;2273;4.3;47;1745;0;yes;2443
348;11:39:00;73.88;76.14;9528;2301;;;1780;0;yes;2458
349;11:34:52;67.04;212.49;6056;57;;;48;0;yes;2291
349;11:35:05;67.21;213.74;6113;73;;;69;0;yes;2293
349;11:35:18;67.36;214.88;6160;81;;;79;0;yes;2293
349;11:35:31;68.14;215.79;6422;135;264.4;82;;1;no;2300
349;11:35:46;68.37;216.54;6552;180;290.8;87;;1;no;2320
349;11:35:59;68.6;217.7;6628;199;331.0;94;;1;no;2320
349;11:36:11;68.81;218.66;6701;209;322.9;93;;1;no;2320
349;11:36:24;69.03;219.67;6801;206;261.4;84;;1;no;2327
349;11:36:37;69.26;220.57;6924;205;155.0;62;;1;no;2341
349;11:36:51;69.55;221.47;7029;204;0.7;1;195;0;yes;2341
349;11:37:03;69.81;222.26;7175;201;-2.3;-2;187;0;yes;2355
349;11:37:16;70.1;223.03;7412;205;-10.1;-10;182;0;yes;2396
349;11:37:29;70.4;223.82;7602;206;-17.4;-18;154;0;yes;2417
349;11:37:43;70.68;224.61;7747;206;-24.4;-26;144;0;yes;2425
349;11:37:56;70.96;225.37;7908;197;-29.8;-32;135;0;yes;2437
349;11:38:09;71.23;226.05;8031;175;-34.7;-38;139;0;yes;2437
349;11:38:22;71.49;226.73;8162;169;-38.0;-42;130;0;yes;2440
349;11:38:34;71.77;227.36;8295;156;-40.6;-45;129;0;yes;2440
349;11:38:47;72.05;227.92;8446;137;-39.8;-43;108;0;yes;2443
349;11:39:00;72.23;228.48;8590;64;;;;0;no;2458
350;11:35:05;77.98;45.25;12064;1504;;;;0;yes;2293
350;11:35:18;77.9;44.63;11981;1478;-21.9;-168;;0;yes;2293
350;11:35:31;77.75;43.96;11862;1282;-17.7;-132;;0;yes;2300
350;11:35:46;77.67;43.27;11886;1293;-13.9;-102;;0;yes;2320
350;11:35:59;77.57;42.31;11788;1274;-11.0;-80;;0;yes;2320
350;11:36:11;77.47;41.68;11690;1273;-2.9;-20;;0;yes;2320
350;11:36:24;77.4;41.0;11658;1280;4.4;28;;0;yes;2327
350;11:36:37;77.31;40.34;11641;1291;8.3;52;;0;yes;2341
350;11:36:51;77.24;39.76;11573;1294;11.2;71;;0;yes;2341
350;11:37:03;77.14;39.31;11558;1316;13.2;83;;0;yes;2355
350;11:37:16;77.02;38.82;11643;1350;17.6;111;;0;yes;2396
350;11:37:29;76.9;38.42;11631;1379;20.2;128;930;0;yes;2417
350;11:37:43;76.78;38.04;11559;1395;21.7;138;962;0;yes;2425
350;11:37:56;76.64;37.57;11487;1408;21.5;140;977;0;yes;2437
350;11:38:09;76.6;37.25;11454;1491;20.2;134;1042;0;yes;2437
350;11:38:22;76.5;36.73;11380;1506;18.8;127;1063;0;yes;2440
350;11:38:34;76.38;36.27;11275;1525;16.5;114;1077;0;yes;2440
350;11:38:47;76.27;35.73;11204;1552;12.6;90;1111;0;yes;2443
350;11:39:00;76.19;35.18;11203;1585;8.9;66;1138;0;yes;2458
350;11:39:13;76.06;34.54;11090;1580;8.2;61;1133;0;yes;2458
350;11:39:26;67.18;19.66;11046;3743;6.7;51;;1;no;2458
350;11:39:39;66.97;18.68;10968;3802;;;;1;no;2459
350;11:39:52;66.77;17.64;10920;3826;;;;1;no;2466
350;11:40:06;76.87;29.88;10879;130;;;;0;no;2473
351;11:35:05;74.71;165.27;9394;89;;;74;0;yes;2293
351;11:35:18;74.65;166.09;9355;126;143.7;72;98;0;yes;2293
351;11:35:31;74.54;166.89;9313;154;144.7;77;110;0;yes;2300
351;11:35:46;74.44;167.7;9329;170;132.3;74;127;0;yes;2320
351;11:35:59;74.38;168.62;9295;188;113.7;68;148;0;yes;2320
351;11:36:11;74.32;169.47;9256;207;88.3;60;178;0;yes;2320
351;11:36:24;74.28;170.39;9258;228;63.5;49;201;0;yes;2327
351;11:36:37;74.22;171.31;9275;234;33.7;29;208;0;yes;2341
351;11:36:51;74.15;172.21;9235;236;9.0;9;213;0;yes;2341
351;11:37:03;74.1;173.13;9258;241;-8.0;-9;215;0;yes;2355
351;11:37:16;74.04;174.06;9384;234;-19.5;-23;193;0;yes;2396
351;11:37:29;73.95;174.96;9414;215;-27.5;-34;169;0;yes;2417
351;11:37:43;73.95;175.84;9439;207;-31.1;-38;163;0;yes;2425
351;11:37:56;73.95;176.7;9487;202;-34.7;-42;160;0;yes;2437
351;11:38:09;73.97;177.58;9499;193;-37.0;-44;150;0;yes;2437
351;11:38:22;73.97;178.52;9513;176;-37.5;-42;130;0;yes;2440
351;11:38:34;73.99;179.43;9525;177;-39.1;-43;141;0;yes;2440
351;11:38:47;74.04;180.36;9569;162;-40.8;-45;122;0;yes;2443
351;11:39:00;74.12;181.31;9677;144;-41.1;-44;103;0;yes;2458
351;11:39:13;74.18;182.15;9718;131;;;85;0;yes;2458
352;11:35:18;45.33;249.24;2462;75;;;;0;yes;2293
352;11:35:31;46.79;249.04;2613;107;272.2;99;;0;yes;2300
352;11:35:46;48.22;249.18;2785;126;237.0;96;;0;yes;2320
352;11:35:59;49.96;249.45;2981;174;209.8;93;;0;yes;2320
352;11:36:11;50.97;249.46;3101;191;184.8;89;;0;yes;2320
352;11:36:24;51.99;249.53;3239;207;148.2;82;;0;yes;2327
352;11:36:37;52.96;249.69;3386;221;101.7;68;;0;yes;2341
352;11:36:51;53.91;249.93;3518;241;51.7;45;;0;yes;2341
352;11:37:03;54.82;250.19;3673;252;30.5;30;318;0;yes;2355
352;11:37:16;55.72;250.41;3875;251;11.9;13;315;0;yes;2396
352;11:37:29;56.6;250.72;4056;257;-6.1;-7;318;0;yes;2417
352;11:37:43;57.4;250.9;4208;247;-26.6;-33;320;0;yes;2425
352;11:37:56;58.23;251.12;4379;241;-44.1;-58;302;0;yes;2437
352;11:38:09;58.99;251.36;4525;231;-55.0;-76;286;0;yes;2437
352;11:38:22;59.66;251.52;4663;211;-65.2;-93;273;0;yes;2440
352;11:38:34;60.31;251.73;4791;174;-74.3;-106;261;0;yes;2440
352;11:38:47;60.81;252.37;4900;141;-78.1;-115;260;0;yes;2443
352;11:39:00;61.47;252.52;5064;129;-81.1;-120;235;0;yes;2458
352;11:39:13;61.8;252.5;5134;78;-82.9;-118;130;0;yes;2458
352;11:39:26;62.14;253.0;5208;51;;;72;0;yes;2458
353;11:35:31;65.93;355.74;5768;42;;;47;0;yes;2300
353;11:35:46;65.86;354.78;5798;39;727.1;134;;0;no;2320
353;11:35:59;65.43;353.97;5681;107;643.8;133;131;0;yes;2320
353;11:36:11;65.23;351.08;5631;234;503.6;121;;1;no;2320
353;11:36:24;65.08;349.95;5610;261;380.0;106;;1;no;2327
353;11:36:37;64.83;348.91;5580;265;293.0;93;;1;no;2341
353;11:36:51;64.79;348.96;5568;220;149.6;62;248;0;yes;2341
353;11:37:03;64.68;347.96;5575;220;39.9;23;260;0;yes;2355
353;11:37:16;64.47;346.79;5617;213;-13.9;-15;261;0;yes;2396
353;11:37:29;64.31;345.68;5628;204;-31.8;-37;254;0;yes;2417
353;11:37:43;64.16;344.6;5608;182;-39.1;-45;223;0;yes;2425
353;11:37:56;64.08;343.42;5616;181;-45.8;-52;220;0;yes;2437
353;11:38:09;64.07;342.32;5612;165;-55.6;-62;216;0;yes;2437
353;11:38:22;64.08;341.16;5623;166;-61.3;-66;227;0;yes;2440
353;11:38:34;64.29;340.28;5675;140;-64.3;-66;151;0;yes;2440
353;11:38:47;64.41;339.28;5714;124;-68.1;-72;107;0;yes;2443
353;11:39:00;64.44;338.31;5757;96;-70.7;-74;84;0;yes;2458
353;11:39:13;64.51;337.31;5774;83;-73.6;-78;72;0;yes;2458
353;11:39:26;64.57;336.47;5790;61;;;55;0;yes;2458
354;11:35:59;66.18;335.81;5883;91;;;;0;no;2320
354;11:36:11;66.11;335.0;5867;151;65.9;46;150;0;yes;2320
354;11:36:24;66.28;333.84;5933;166;69.6;50;163;0;yes;2327
354;11:36:37;66.44;332.62;6013;185;63.8;47;185;0;yes;2341
354;11:36:51;66.54;331.49;6042;199;55.4;42;214;0;yes;2341
354;11:37:03;66.61;330.43;6097;206;44.8;36;242;0;yes;2355
354;11:37:16;66.7;329.24;6229;224;28.7;25;276;0;yes;2396
354;11:37:29;66.85;328.07;6331;232;13.3;13;292;0;yes;2417
354;11:37:43;67.01;326.9;6403;227;0.4;0;280;0;yes;2425
354;11:37:56;67.21;325.78;6495;223;-15.5;-17;289;0;yes;2437
354;11:38:09;67.4;324.67;6556;212;-30.2;-35;281;0;yes;2437
354;11:38:22;67.64;323.62;6641;207;-38.8;-46;274;0;yes;2440
354;11:38:34;67.81;322.49;6700;205;-46.5;-56;253;0;yes;2440
354;11:38:47;67.89;321.3;6735;175;-52.5;-63;191;0;yes;2443
354;11:39:00;68.09;320.18;6846;159;-55.2;-66;166;0;yes;2458
354;11:39:13;68.3;319.02;6918;149;-58.6;-71;152;0;yes;2458
354;11:39:26;68.54;318.01;7004;120;-60.7;-73;120;0;yes;2458
354;11:39:39;68.79;316.94;7096;85;;;90;0;yes;2459
355;11:36:11;43.07;249.5;2281;84;;;;0;yes;2320
355;11:36:24;44.7;249.99;2439;109;44.7;22;;0;yes;2327
355;11:36:37;46.28;250.53;2607;112;37.8;19;;0;yes;2341
355;11:36:51;47.56;251.14;2740;123;30.4;16;;0;yes;2341
355;11:37:03;48.69;251.71;2881;137;19.8;11;;0;yes;2355
355;11:37:16;49.93;252.55;3075;130;3.7;2;;0;yes;2396
355;11:37:29;51.18;253.22;3259;129;-10.5;-6;;0;yes;2417
355;11:37:43;52.23;253.5;3408;130;-34.0;-22;;0;yes;2425
355;11:37:56;53.35;253.93;3580;120;-45.5;-32;;0;yes;2437
355;11:38:09;54.56;254.92;3760;108;-54.4;-39;;0;yes;2437
355;11:38:22;55.57;255.41;3923;106;-64.1;-46;145;0;yes;2440
355;11:38:34;56.36;255.79;4054;80;-68.6;-48;100;0;yes;2440
355;11:38:47;57.29;256.08;4220;79;-69.0;-45;92;0;yes;2443
355;11:39:00;58.14;256.15;4400;69;-69.9;-44;65;0;yes;2458
355;11:39:13;59.02;256.29;4569;48;-70.8;-43;48;0;yes;2458
355;11:39:26;59.76;256.45;4720;53;-66.7;-35;57;0;yes;2458
355;11:39:39;60.46;256.52;4859;39;;;36;0;yes;2459
356;11:36:51;56.8;211.94;3961;46;;;;0;no;2341
356;11:37:03;57.01;213.21;4020;91;158.8;61;122;0;yes;2355
356;11:37:16;57.38;214.58;4153;107;131.6;55;131;0;yes;2396
356;11:37:29;57.41;216.75;4195;146;107.3;49;189;0;yes;2417
356;11:37:43;57.71;218.36;4263;154;92.9;45;198;0;yes;2425
356;11:37:56;58.1;219.84;4355;161;66.3;37;203;0;yes;2437
356;11:38:09;58.54;221.25;4438;168;37.0;24;215;0;yes;2437
356;11:38:22;58.98;222.69;4527;175;19.1;14;234;0;yes;2440
356;11:38:34;59.45;223.89;4620;181;13.8;11;258;0;yes;2440
356;11:38:47;59.7;225.48;4679;169;6.7;6;293;0;yes;2443
356;11:39:00;60.0;226.83;4768;182;3.2;3;316;0;yes;2458
356;11:39:13;59.93;228.04;4755;143;3.5;3;203;0;yes;2458
356;11:39:26;60.32;228.96;4830;170;1.4;1;232;0;yes;2458
356;11:39:39;60.78;230.01;4923;185;-0.1;0;247;0;yes;2459
356;11:39:52;61.27;230.79;5038;179;0.9;1;245;0;yes;2466
356;11:40:06;61.74;231.39;5154;169;-0.9;-1;242;0;yes;2473
356;11:40:19;58.31;235.55;5283;631;-5.0;-4;;1;no;2473
356;11:40:32;58.84;236.46;5393;706;;;;1;no;2473
356;11:40:45;59.34;237.32;5508;710;;;;1;no;2476
356;11:40:58;59.89;238.46;5620;771;;;;1;no;2476
356;11:41:11;60.45;239.32;5771;779;;;;1;no;2493
356;11:41:23;64.62;235.99;5899;138;;;;1;no;2498
356;11:41:38;65.01;236.51;5895;87;;;;0;no;2498
356;11:41:54;65.34;237.09;6009;37;;;;0;no;2498
357;11:37:56;45.29;217.51;2612;32;;;;0;yes;2437
357;11:38:09;46.03;219.82;2688;48;193.3;35;;0;yes;2437
357;11:38:22;46.81;221.82;2773;55;193.7;36;;0;yes;2440
357;11:38:34;47.54;223.43;2853;64;188.9;37;;0;yes;2440
357;11:38:47;48.34;225.09;2948;63;198.0;41;;0;yes;2443
357;11:39:00;49.52;226.29;3105;90;210.5;47;;0;yes;2458
357;11:39:13;50.39;227.84;3213;91;215.3;53;;0;yes;2458
357;11:39:26;51.31;229.2;3331;109;207.5;59;;0;yes;2458
357;11:39:39;52.36;230.21;3474;129;184.7;60;;0;yes;2459
357;11:39:52;53.43;229.86;3635;173;154.3;58;;1;no;2466
357;11:40:06;54.17;232.06;3757;167;657.3;304;273;0;yes;2473
357;11:40:19;58.31;235.55;3994;631;1114.8;432;;1;no;2473
357;11:40:32;58.84;236.46;4214;706;1336.3;496;;1;no;2473
357;11:40:45;59.34;237.32;4440;710;1285.2;509;;1;no;2476
357;11:40:58;59.89;238.46;4665;771;943.9;472;;1;no;2476
357;11:41:11;60.45;239.32;4925;779;571.4;395;;1;no;2493
357;11:41:23;60.87;240.37;5021;806;245.6;263;1007;0;yes;2498
357;11:41:38;61.52;241.32;5157;812;6.6;26;1017;0;yes;2498
357;11:41:54;62.12;242.12;5289;827;6.2;25;1025;0;yes;2498
357;11:42:07;62.65;242.82;5411;839;5.8;23;1029;0;yes;2499
357;11:42:20;63.17;243.47;5534;840;4.9;20;1029;0;yes;2499
357;11:42:32;63.69;244.03;5662;843;3.6;15;1003;0;yes;2499
357;11:42:46;64.25;244.74;5805;846;1.9;8;1008;0;yes;2500
357;11:42:58;64.75;245.32;5936;849;0.2;1;999;0;yes;2500
357;11:43:11;65.25;245.83;6074;851;-0.8;-4;995;0;yes;2500
357;11:43:26;65.76;246.3;6222;848;-1.9;-8;986;0;yes;2501
357;11:43:39;66.26;246.75;6371;837;-2.6;-11;959;0;yes;2501
357;11:43:51;66.71;247.16;6507;832;-3.2;-14;936;0;yes;2501
357;11:44:04;67.11;247.56;6710;813;-3.8;-16;;0;no;2501
357;11:44:17;67.54;247.9;6911;799;;;;0;no;2500
357;11:44:30;67.9;248.36;7113;757;;;;0;no;2499
357;11:44:43;68.27;248.73;7315;733;;;;0;no;2498
357;11:44:55;68.67;249.06;7521;705;;;;0;no;2498
357;11:45:08;69.05;249.35;7724;671;;;;0;no;2498
357;11:45:21;69.55;249.67;7916;628;;;;0;no;2493
357;11:45:34;71.31;252.47;8122;383;;;;0;no;2493
357;11:45:47;71.61;252.61;8329;355;-42.9;-83;;0;no;2493
357;11:45:59;71.89;252.84;8537;347;-54.7;-110;307;0;yes;2493
357;11:46:12;72.17;253.07;8696;339;-57.3;-114;308;0;yes;2498
357;11:46:25;72.41;253.26;8808;315;-58.2;-114;303;0;yes;2493
357;11:46:38;72.53;253.0;8890;243;-62.0;-121;255;0;yes;2498
357;11:46:51;72.68;253.25;8970;204;-63.2;-118;213;0;yes;2498
357;11:47:04;72.98;253.5;9142;196;-61.1;-105;222;0;yes;2498
357;11:47:16;73.26;253.74;9303;182;-55.5;-83;221;0;yes;2498
357;11:47:29;73.64;254.41;9537;153;-48.0;-60;207;0;yes;2499
357;11:47:44;74.0;255.25;9759;144;-43.4;-49;176;0;yes;2499
357;11:47:57;74.44;256.82;9907;116;-43.5;-48;;0;no;2498
357;11:48:10;74.69;256.89;10080;100;;;;0;no;2499
357;11:48:23;74.85;256.96;10253;85;;;;0;no;2500
358;11:39:00;74.59;170.11;9990;123;;;;0;no;2458
358;11:39:13;74.48;171.05;9915;211;157.8;158;166;0;yes;2458
358;11:39:26;74.43;172.0;9884;288;214.9;218;221;0;yes;2458
358;11:39:39;74.37;172.84;9843;329;225.9;238;250;0;yes;2459
358;11:39:52;74.32;173.71;9839;373;207.1;233;285;0;yes;2466
358;11:40:06;74.34;174.43;9882;435;182.2;230;338;0;yes;2473
358;11:40:19;74.7;175.45;10123;575;154.9;217;564;0;yes;2473
358;11:40:32;74.62;176.34;10073;613;120.2;192;464;0;yes;2473
358;11:40:45;74.53;177.13;10020;611;80.0;154;448;0;yes;2476
358;11:40:58;74.49;177.9;9996;636;46.3;109;460;0;yes;2476
358;11:41:11;74.36;178.66;9973;623;25.2;73;435;0;yes;2493
358;11:41:23;74.41;179.45;10029;654;23.9;71;438;0;yes;2498
358;11:41:38;74.44;180.4;10049;679;26.2;79;449;0;yes;2498
358;11:41:54;74.47;181.26;10068;694;28.0;86;442;0;yes;2498
358;11:42:07;74.52;182.01;10105;716;29.6;93;470;0;yes;2499
358;11:42:20;74.55;182.71;10127;729;30.6;99;482;0;yes;2499
358;11:42:32;74.57;183.39;10140;751;32.1;107;487;0;yes;2499
358;11:42:46;74.55;183.98;10132;782;32.7;111;511;0;yes;2500
358;11:42:58;74.55;184.69;10130;810;32.2;112;557;0;yes;2500
358;11:43:11;74.54;185.45;10121;834;31.5;113;588;0;yes;2500
358;11:43:26;74.49;186.07;10098;866;28.8;107;630;0;yes;2501
358;11:43:39;74.44;186.67;10063;878;25.6;99;662;0;yes;2501
358;11:43:51;74.41;187.39;10041;901;24.1;97;696;0;yes;2501
358;11:44:04;74.4;188.15;10037;924;23.2;96;729;0;yes;2501
358;11:44:17;74.4;188.91;10027;939;22.9;97;759;0;yes;2500
358;11:44:30;74.37;189.43;10002;954;23.0;100;793;0;yes;2499
358;11:44:43;74.35;190.14;9986;987;21.2;94;820;0;yes;2498
358;11:44:55;74.32;190.82;9966;1005;19.1;87;838;0;yes;2498
358;11:45:08;74.3;191.51;9949;1031;16.5;77;860;0;yes;2498
358;11:45:21;74.29;192.2;9923;1046;13.1;63;868;0;yes;2493
358;11:45:34;74.28;192.91;9919;1060;10.5;51;866;0;yes;2493
358;11:45:47;74.27;193.6;9909;1053;8.5;43;842;0;yes;2493
358;11:45:59;74.29;194.29;9924;1064;5.8;30;842;0;yes;2493
358;11:46:12;74.32;194.97;9964;1091;;;855;0;yes;2498
359;11:39:52;70.93;166.68;7991;127;;;99;0;yes;2466
359;11:40:06;70.8;167.93;7956;169;206.4;133;117;0;yes;2473
359;11:40:19;70.7;168.88;7911;221;248.8;165;137;0;yes;2473
359;11:40:32;70.61;169.92;7872;240;250.4;175;155;0;yes;2473
359;11:40:45;70.5;170.86;7830;258;232.7;176;200;0;yes;2476
359;11:40:58;70.12;171.21;7670;331;209.6;183;291;0;yes;2476
359;11:41:11;70.01;172.03;7676;402;179.6;181;361;0;yes;2493
359;11:41:23;69.83;173.08;7617;427;147.2;170;409;0;yes;2498
359;11:41:38;69.57;174.18;7510;458;108.2;148;483;0;yes;2498
359;11:41:54;69.31;175.13;7409;498;82.1;141;524;0;yes;2498
359;11:42:07;69.05;176.03;7310;532;84.9;168;541;0;yes;2499
359;11:42:20;68.75;176.91;7197;544;95.0;195;522;0;yes;2499
359;11:42:32;68.59;177.91;7198;575;97.4;210;;0;no;2499
359;11:42:46;68.41;178.91;7200;588;92.8;211;;0;no;2500
359;11:42:58;68.31;179.9;7202;617;85.7;204;;0;no;2500
359;11:43:11;68.76;180.26;7205;745;72.9;186;799;0;yes;2500
359;11:43:26;68.74;181.21;7200;777;54.6;154;841;0;yes;2501
359;11:43:39;68.72;182.26;7192;803;30.2;101;893;0;yes;2501
359;11:43:51;68.64;183.19;7165;822;17.9;67;943;0;yes;2501
359;11:44:04;68.63;184.2;7160;844;17.5;67;970;0;yes;2501
359;11:44:17;68.66;185.04;7166;857;18.6;73;1007;0;yes;2500
359;11:44:30;68.66;185.97;7165;863;20.9;83;1033;0;yes;2499
359;11:44:43;68.71;186.9;7182;873;24.9;101;1045;0;yes;2498
359;11:44:55;68.75;187.83;7195;893;29.6;121;1047;0;yes;2498
359;11:45:08;68.83;188.75;7223;924;33.6;138;1063;0;yes;2498
359;11:45:21;68.92;189.64;7243;964;35.6;147;1064;0;yes;2493
359;11:45:34;69.04;190.4;7290;1014;34.5;146;1060;0;yes;2493
359;11:45:47;69.13;191.25;7323;1051;34.0;146;1060;0;yes;2493
359;11:45:59;69.26;191.91;7372;1068;31.5;139;1072;0;yes;2493
359;11:46:12;69.33;192.82;7415;1102;27.0;124;1081;0;yes;2498
359;11:46:25;69.44;193.71;7442;1105;;;1073;0;yes;2493
360;11:39:52;70.94;265.41;7993;156;;;128;0;yes;2466
360;11:40:06;71.1;265.34;8093;231;281.4;231;182;0;yes;2473
360;11:40:19;71.4;264.61;8231;343;240.8;223;262;0;yes;2473
360;11:40:32;71.57;264.59;8311;400;207.6;213;308;0;yes;2473
360;11:40:45;71.73;264.59;8399;441;174.9;198;347;0;yes;2476
360;11:40:58;71.91;264.61;8492;481;121.7;175;367;0;yes;2476
360;11:41:11;72.09;264.62;8639;523;90.1;156;409;0;yes;2493
360;11:41:23;72.27;264.6;8752;549;69.6;139;433;0;yes;2498
360;11:41:38;72.49;264.61;8870;572;59.2;130;462;0;yes;2498
360;11:41:54;72.71;264.65;8992;604;52.2;125;491;0;yes;2498
360;11:42:07;72.92;264.76;9111;636;48.1;123;506;0;yes;2499
360;11:42:20;73.11;264.84;9219;655;46.1;124;516;0;yes;2499
360;11:42:32;73.29;264.92;9327;685;44.3;124;527;0;yes;2499
360;11:42:46;73.48;265.04;9438;717;40.8;121;555;0;yes;2500
360;11:42:58;73.66;265.12;9548;744;37.4;116;579;0;yes;2500
360;11:43:11;73.84;265.22;9661;764;34.6;112;597;0;yes;2500
360;11:43:26;74.03;265.31;9786;792;31.2;106;625;0;yes;2501
360;11:43:39;74.22;265.38;9915;814;27.6;98;627;0;yes;2501
360;11:43:51;74.41;265.45;10038;833;25.5;94;637;0;yes;2501
360;11:44:04;74.56;265.5;10145;852;23.6;89;650;0;yes;2501
360;11:44:17;74.73;265.47;10254;874;20.7;81;661;0;yes;2500
360;11:44:30;74.87;265.48;10354;884;17.8;72;649;0;yes;2499
360;11:44:43;75.03;265.48;10464;910;19.6;81;676;0;yes;2498
360;11:44:55;75.19;265.48;10583;925;21.8;92;689;0;yes;2498
360;11:45:08;75.32;265.43;10676;931;25.2;108;684;0;yes;2498
360;11:45:21;75.41;265.3;10728;919;28.4;123;666;0;yes;2493
360;11:45:34;75.46;264.1;10763;1000;29.1;127;646;0;yes;2493
360;11:45:47;75.57;263.82;10847;1025;28.8;128;649;0;yes;2493
360;11:45:59;75.69;263.67;10947;1065;30.1;134;681;0;yes;2493
360;11:46:12;75.8;263.58;11055;1087;29.0;131;690;0;yes;2498
360;11:46:25;75.87;263.5;11088;1106;21.5;103;695;0;yes;2493
360;11:46:38;75.95;263.35;11181;1134;;;693;0;yes;2498
361;11:40:32;22.8;185.49;1040;42;;;;0;yes;2473
361;11:40:45;24.39;190.95;1123;37;415.5;47;;0;yes;2476
361;11:40:58;26.1;195.71;1213;38;302.7;41;;0;yes;2476
361;11:41:11;26.95;200.01;1267;78;227.8;35;;0;yes;2493
361;11:41:23;28.87;203.6;1377;95;178.1;31;;0;yes;2498
361;11:41:38;30.76;207.71;1491;69;131.1;26;;0;yes;2498
361;11:41:54;32.91;210.91;1636;82;76.1;19;;0;yes;2498
361;11:42:07;34.81;213.51;1771;85;23.2;8;;0;yes;2499
361;11:42:20;36.5;215.79;1898;88;11.8;5;;0;yes;2499
361;11:42:32;38.29;217.48;2039;85;7.1;3;;0;yes;2499
361;11:42:46;39.93;219.45;2175;87;4.9;2;;0;yes;2500
361;11:42:58;41.43;221.2;2307;88;3.6;2;;0;yes;2500
361;11:43:11;40.54;223.59;2228;156;1.2;0;;1;no;2500
361;11:43:26;41.97;225.22;2358;165;-8.9;-4;;1;no;2501
361;11:43:39;45.99;225.97;2755;96;-29.3;-13;;0;yes;2501
361;11:43:51;47.27;227.46;2894;86;-41.7;-19;;0;yes;2501
361;11:44:04;48.53;228.77;3040;88;-49.8;-24;;0;yes;2501
361;11:44:17;49.78;229.9;3190;75;-55.9;-29;;0;yes;2500
361;11:44:30;50.95;230.49;3339;56;-61.6;-33;;0;yes;2499
361;11:44:43;52.15;231.51;3500;54;-66.4;-38;;0;yes;2498
361;11:44:55;53.25;232.52;3657;38;;;;0;yes;2498
362;11:40:45;59.28;204.04;4654;67;;;;0;no;2476
362;11:40:58;59.85;205.0;4772;170;;;;1;no;2476
362;11:41:11;60.18;206.65;4871;209;;;;1;no;2493
362;11:41:23;60.6;208.39;4967;245;;;;1;no;2498
362;11:41:38;61.13;210.39;5074;274;;;;1;no;2498
362;11:41:54;61.74;212.3;5204;314;;;;1;no;2498
362;11:42:07;62.04;213.77;5226;361;;;;1;no;2499
362;11:42:20;62.4;215.15;5242;391;;;;0;no;2499
362;11:42:32;61.98;212.84;5259;634;;;;1;no;2499
362;11:42:46;62.34;213.84;5342;721;;;;1;no;2500
362;11:42:58;62.66;214.86;5414;784;;;;1;no;2500
362;11:43:11;62.93;215.83;5478;827;;;;1;no;2500
362;11:43:26;63.24;216.88;5557;874;;;;1;no;2501
362;11:43:39;63.59;218.01;5642;922;;;;1;no;2501
362;11:43:51;63.91;219.03;5721;968;;;1000;0;yes;2501
362;11:44:04;64.22;220.02;5800;1003;;;1044;0;yes;2501
363;11:41:38;71.75;189.4;8488;350;;;244;0;yes;2498
363;11:41:54;71.83;190.82;8526;334;-48.2;-92;228;0;yes;2498
363;11:42:07;71.87;192.3;8550;296;-48.3;-90;204;0;yes;2499
363;11:42:20;71.91;193.48;8568;273;-47.5;-86;191;0;yes;2499
363;11:42:32;71.98;194.79;8607;248;-44.8;-78;185;0;yes;2499
363;11:42:46;72.07;195.96;8653;234;-45.0;-73;177;0;yes;2500
363;11:42:58;72.17;196.95;8707;219;-46.4;-70;171;0;yes;2500
363;11:43:11;72.29;198.05;8767;209;-47.2;-66;161;0;yes;2500
363;11:43:26;72.41;198.94;8839;206;-48.2;-62;150;0;yes;2501
363;11:43:39;72.56;200.07;8920;183;-49.7;-61;138;0;yes;2501
363;11:43:51;72.68;200.99;8982;162;-50.3;-59;124;0;yes;2501
363;11:44:04;72.84;201.87;9074;151;-52.1;-60;115;0;yes;2501
363;11:44:17;72.99;202.77;9154;140;-53.7;-62;104;0;yes;2500
363;11:44:30;73.16;203.59;9246;125;-50.1;-52;97;0;yes;2499
363;11:44:43;73.32;204.45;9339;113;;;98;0;yes;2498
364;11:41:54;54.8;137.22;3893;3261;;;;0;no;2498
364;11:42:07;54.13;139.05;3790;3272;;;;0;no;2499
364;11:42:20;53.48;140.71;3692;2122;;;;0;yes;2499
364;11:42:32;52.82;142.57;3596;2115;;;;0;no;2499
364;11:42:46;52.08;144.36;3498;2094;;;;0;no;2500
364;11:42:58;51.41;146.15;3402;2073;;;;0;no;2500
364;11:43:11;50.78;147.88;3307;2054;;;;0;no;2500
364;11:43:26;50.26;149.51;3215;2033;;;;0;no;2501
364;11:43:39;47.55;153.34;3117;2052;;;;0;no;2501
364;11:43:51;46.93;155.31;3029;2028;;;;0;no;2501
364;11:44:04;46.47;157.4;2946;2010;;;;0;no;2501
364;11:44:17;46.05;159.52;2864;1972;;;;0;no;2500
364;11:44:30;50.17;146.98;2784;1562;;;;0;no;2499
364;11:44:43;49.55;147.65;2704;1545;;;;0;no;2498
364;11:44:55;48.81;149.25;2630;1526;;;;0;no;2498
364;11:45:08;47.91;150.69;2558;1493;;;;0;no;2498
364;11:45:21;46.93;152.28;2487;1452;;;;0;no;2493
364;11:45:34;45.58;154.3;2426;1397;;;;0;no;2493
364;11:45:47;44.42;157.02;2370;1360;;;;0;no;2493
364;11:45:59;43.29;159.81;2318;1311;;;;0;no;2493
364;11:46:12;42.44;160.35;2274;1341;;;;0;no;2498
364;11:46:25;41.23;162.94;2230;1283;;;;0;no;2493
364;11:46:38;40.07;165.94;2198;1261;;;;0;no;2498
364;11:46:51;39.04;169.63;2166;1248;;;;0;no;2498
364;11:47:04;38.36;173.58;2141;1249;;;;0;no;2498
364;11:47:16;38.05;177.44;2122;1254;;;;0;no;2498
364;11:47:29;37.97;186.61;2110;1152;;;;0;no;2499
364;11:47:44;38.37;191.09;2103;1159;-0.4;-2;;0;no;2499
364;11:47:57;39.19;197.6;2111;1205;-2.2;-13;;0;yes;2498
364;11:48:10;39.98;201.43;2179;1215;-2.8;-17;;0;yes;2499
364;11:48:23;40.92;204.86;2261;1204;-3.8;-23;;0;yes;2500
364;11:48:36;41.93;207.96;2353;1207;-6.1;-37;;0;yes;2500
364;11:48:49;42.96;210.87;2449;1181;-9.1;-55;;0;yes;2501
364;11:49:02;44.06;213.71;2556;1181;-10.9;-67;;0;yes;2501
364;11:49:15;45.08;216.43;2661;1140;-11.5;-70;;0;yes;2502
364;11:49:28;46.2;218.41;2780;1164;-6.0;-36;;0;yes;2503
364;11:49:41;47.31;220.94;2900;1102;-0.4;-1;;0;yes;2502
364;11:49:55;48.33;223.22;3019;1067;4.2;24;;0;yes;2503
364;11:50:08;49.42;225.08;3148;1028;8.6;48;;0;yes;2502
364;11:50:21;50.73;226.45;3311;1203;10.9;60;2561;0;yes;2500
364;11:50:34;51.8;227.58;3456;1215;10.3;56;2472;0;yes;2502
364;11:50:47;52.77;228.69;3594;1201;9.1;50;2341;0;yes;2503
364;11:51:00;53.75;229.81;3737;1171;5.3;29;2210;0;yes;2503
364;11:51:13;56.82;231.29;3462;1001;-4.3;-26;;0;no;2500
364;11:51:26;57.69;232.32;3556;996;;;;0;no;2503
364;11:51:39;58.48;233.0;3647;976;;;;0;no;2500
364;11:51:53;59.22;233.64;3746;951;;;;0;no;2503
364;11:52:07;60.01;234.37;3847;925;;;;0;no;2506
364;11:52:21;60.83;235.14;3964;881;;;;0;no;2503
364;11:52:34;61.3;235.68;4059;844;;;;0;no;2506
365;11:42:07;71.53;77.27;8383;1865;;;1722;0;yes;2499
365;11:42:20;71.38;77.66;8306;1798;-17.3;-162;1651;0;yes;2499
365;11:42:32;71.29;78.01;8267;1726;-15.8;-146;1652;0;yes;2499
365;11:42:46;71.2;77.99;8222;1674;-22.1;-202;1665;0;yes;2500
365;11:42:58;71.04;77.89;8148;1646;-40.7;-362;1641;0;yes;2500
365;11:43:11;70.83;77.86;8053;1623;-65.0;-593;1195;0;yes;2500
365;11:43:26;70.58;77.76;7945;1601;-78.1;-768;1183;0;yes;2501
365;11:43:39;70.27;77.43;7760;1560;-85.4;-888;;0;no;2501
365;11:43:51;69.76;80.14;7597;1236;-89.0;-937;1064;0;yes;2501
365;11:44:04;68.47;87.2;7100;632;-91.0;-923;576;0;yes;2501
365;11:44:17;68.15;85.93;6983;451;-91.6;-821;544;0;yes;2500
365;11:44:30;67.71;86.23;6827;374;-91.1;-704;479;0;yes;2499
365;11:44:43;67.03;86.4;6602;263;-88.0;-482;391;0;yes;2498
365;11:44:55;66.33;87.43;6384;148;-83.2;-309;191;0;yes;2498
365;11:45:08;66.55;88.63;6450;56;;;;0;no;2498
366;11:42:20;77.96;56.89;13422;1166;;;;0;no;2499
366;11:42:32;77.8;56.53;13196;1163;-3.6;-21;;0;no;2499
366;11:42:46;77.66;56.13;12800;1152;-3.8;-22;;0;yes;2500
366;11:42:58;77.53;55.84;12656;1148;-4.6;-26;;0;yes;2500
366;11:43:11;77.38;55.6;12508;1135;-5.4;-31;;0;yes;2500
366;11:43:26;77.24;55.34;12371;1124;-5.9;-34;;0;yes;2501
366;11:43:39;77.11;54.9;12247;1094;-6.6;-38;;0;yes;2501
366;11:43:51;77.0;54.5;12019;1066;-49.2;-283;;0;no;2501
366;11:44:04;76.92;54.0;11790;981;-59.3;-372;;0;no;2501
366;11:44:17;76.79;52.21;11555;765;-62.7;-406;;0;no;2500
366;11:44:30;76.52;51.96;11326;711;-62.2;-398;;0;no;2499
366;11:44:43;76.15;51.64;11099;643;-58.2;-355;;0;no;2498
366;11:44:55;75.84;51.08;10877;635;-73.1;-386;;0;no;2498
366;11:45:08;75.29;50.67;10654;583;-83.7;-322;824;0;yes;2498
366;11:45:21;74.33;50.63;10345;436;-84.8;-330;;0;no;2493
366;11:45:34;73.89;50.32;10059;395;-83.4;-311;;0;no;2493
366;11:45:47;73.59;49.82;9772;321;-83.8;-313;;0;no;2493
366;11:45:59;73.3;49.53;9485;276;-86.1;-338;;0;no;2493
366;11:46:12;73.11;49.29;9210;225;-86.8;-343;340;0;yes;2498
366;11:46:25;72.92;49.09;9088;138;-82.3;-286;304;0;yes;2493
366;11:46:38;73.19;48.69;8925;86;;;;0;no;2498
367;11:42:20;32.95;216.23;1639;34;;;;0;no;2499
367;11:42:32;34.53;218.23;1751;64;136.6;45;;0;yes;2499
367;11:42:46;36.32;220.38;1884;94;125.3;43;;0;yes;2500
367;11:42:58;37.98;222.24;2014;117;109.0;40;;0;yes;2500
367;11:43:11;40.54;223.59;2228;156;93.2;36;;1;no;2500
367;11:43:26;41.97;225.22;2358;165;69.1;30;;1;no;2501
367;11:43:39;42.42;227.39;2399;140;62.3;28;;0;yes;2501
367;11:43:51;43.55;228.86;2507;134;45.5;23;;0;yes;2501
367;11:44:04;44.68;230.28;2619;131;22.0;13;;0;yes;2501
367;11:44:17;45.94;231.71;2748;136;9.5;6;;0;yes;2500
367;11:44:30;47.15;233.02;2879;145;6.0;4;;0;yes;2499
367;11:44:43;48.27;234.07;3006;146;0.7;0;;0;yes;2498
367;11:44:55;49.43;235.01;3145;150;-7.5;-5;;0;yes;2498
367;11:45:08;50.45;235.89;3272;138;-18.5;-13;;0;yes;2498
367;11:45:21;51.48;236.58;3401;137;-26.7;-20;;0;yes;2493
367;11:45:34;52.54;237.38;3546;134;-34.2;-26;;0;yes;2493
367;11:45:47;53.59;238.26;3699;126;-39.3;-30;;0;yes;2493
367;11:45:59;54.58;238.91;3850;114;-42.9;-32;;0;yes;2493
367;11:46:12;55.76;239.92;4047;114;-45.1;-33;139;0;yes;2498
367;11:46:25;56.5;240.3;4165;100;-45.7;-32;113;0;yes;2493
367;11:46:38;57.31;240.84;4318;95;-47.8;-31;105;0;yes;2498
367;11:46:51;58.12;241.45;4467;88;-46.5;-28;99;0;yes;2498
367;11:47:04;58.88;241.99;4617;86;-51.4;-29;98;0;yes;2498
367;11:47:16;59.64;242.55;4770;80;-53.7;-28;96;0;yes;2498
367;11:47:29;60.33;243.0;4914;69;-55.5;-28;88;0;yes;2499
367;11:47:44;61.03;243.44;5056;69;-55.2;-26;99;0;yes;2499
367;11:47:57;61.9;244.01;5240;55;-56.7;-26;67;0;yes;2498
367;11:48:10;62.57;244.46;5393;50;-56.3;-25;61;0;yes;2499
367;11:48:23;63.18;244.89;5537;47;-53.9;-22;49;0;yes;2500
367;11:48:36;63.72;245.33;5670;38;;;44;0;yes;2500
368;11:42:32;66.59;22.22;5887;1640;;;;0;no;2499
368;11:42:46;66.39;21.13;5878;1578;;;;0;no;2500
368;11:42:58;66.13;20.1;5872;1500;;;;0;no;2500
368;11:43:11;65.97;18.92;5867;1458;;;;0;no;2500
368;11:43:26;64.3;9.91;5821;1880;5.6;52;;1;no;2501
368;11:43:39;64.3;8.37;5821;1884;5.6;52;2306;0;yes;2501
368;11:43:51;64.32;7.21;5826;1906;5.3;50;2334;0;yes;2501
368;11:44:04;64.36;6.22;5836;1918;4.9;46;2311;0;yes;2501
368;11:44:17;64.45;4.94;5857;1948;4.2;40;2176;0;yes;2500
368;11:44:30;64.44;3.57;5853;1950;3.3;31;2222;0;yes;2499
368;11:44:43;64.44;2.02;5851;1956;2.1;20;2277;0;yes;2498
368;11:44:55;64.43;0.7;5848;1963;0.1;1;2334;0;yes;2498
368;11:45:08;64.48;359.59;5860;1958;-2.1;-20;2415;0;yes;2498
368;11:45:21;64.59;358.64;5877;1952;-3.0;-30;2436;0;yes;2493
368;11:45:34;64.78;357.79;5927;1945;-4.2;-41;2325;0;yes;2493
368;11:45:47;64.86;356.92;5950;1923;-4.6;-46;2400;0;yes;2493
368;11:45:59;64.94;355.77;5970;1909;-4.6;-45;2509;0;yes;2493
368;11:46:12;64.96;354.54;5987;1909;-3.3;-32;2612;0;yes;2498
368;11:46:25;65.07;353.46;6007;1882;-1.1;-11;2682;0;yes;2493
368;11:46:38;65.38;352.07;6105;1871;1.6;15;1895;0;yes;2498
368;11:46:51;65.38;350.89;6104;1890;3.9;36;1937;0;yes;2498
368;11:47:04;65.39;349.7;6107;1911;5.3;50;1993;0;yes;2498
368;11:47:16;65.41;348.51;6114;1933;6.7;63;1987;0;yes;2498
368;11:47:29;65.43;347.37;6123;1952;6.7;63;2023;0;yes;2499
368;11:47:44;65.5;346.28;6143;1969;5.9;56;2045;0;yes;2499
368;11:47:57;65.7;345.3;6197;1968;3.6;34;2022;0;yes;2498
368;11:48:10;65.86;344.42;6247;1987;1.2;11;2039;0;yes;2499
368;11:48:23;66.04;343.52;6300;1993;-1.0;-9;2073;0;yes;2500
368;11:48:36;66.19;342.65;6346;1987;-2.8;-27;2085;0;yes;2500
368;11:48:49;66.36;341.74;6398;1961;-4.0;-40;2072;0;yes;2501
368;11:49:02;66.53;340.75;6452;1949;-5.2;-52;2090;0;yes;2501
368;11:49:15;66.73;340.11;6517;1928;-5.2;-52;2099;0;yes;2502
368;11:49:28;66.87;339.39;6562;1939;-4.9;-48;2084;0;yes;2503
368;11:49:41;67.12;338.79;6640;1918;-3.9;-38;2043;0;yes;2502
368;11:49:55;67.42;338.2;6742;1897;-3.6;-35;1967;0;yes;2503
368;11:50:08;67.61;337.48;6801;1904;-3.4;-33;1984;0;yes;2502
368;11:50:21;67.69;336.76;6825;1898;-3.4;-33;2017;0;yes;2500
368;11:50:34;67.73;335.98;6842;1910;-3.8;-37;2060;0;yes;2502
368;11:50:47;67.82;335.46;6878;1884;-4.5;-44;2091;0;yes;2503
368;11:51:00;67.94;334.76;6916;1863;-6.0;-57;1924;0;yes;2503
368;11:51:13;68.01;333.85;6932;1876;-7.7;-74;1770;0;yes;2500
368;11:51:26;68.03;333.06;6947;1846;-9.1;-87;1769;0;yes;2503
368;11:51:39;68.09;332.21;6962;1829;-9.9;-94;1785;0;yes;2500
368;11:51:53;68.19;331.46;7006;1800;-10.6;-101;1797;0;yes;2503
368;11:52:07;68.28;330.81;7043;1763;-11.2;-107;1773;0;yes;2506
368;11:52:21;68.42;329.96;7086;1727;-11.7;-111;1714;0;yes;2503
368;11:52:34;68.41;329.36;7092;1716;;;1727;0;yes;2506
369;11:42:46;74.76;29.44;10280;1597;;;1024;0;yes;2500
369;11:42:58;74.63;28.97;10187;1649;21.2;167;1033;0;yes;2500
369;11:43:11;74.49;28.49;10090;1699;21.9;174;1031;0;yes;2500
369;11:43:26;74.33;28.1;9987;1740;22.4;179;1065;0;yes;2501
369;11:43:39;74.17;27.59;9882;1782;22.3;181;1103;0;yes;2501
369;11:43:51;74.05;27.07;9801;1833;22.5;185;1138;0;yes;2501
369;11:44:04;73.91;26.55;9715;1871;21.8;182;1169;0;yes;2501
369;11:44:17;73.8;25.95;9636;1914;19.8;170;1210;0;yes;2500
369;11:44:30;73.68;25.37;9562;1950;18.6;164;1235;0;yes;2499
369;11:44:43;73.58;24.78;9493;1980;17.0;154;1289;0;yes;2498
369;11:44:55;73.45;24.17;9415;2004;15.4;144;1317;0;yes;2498
369;11:45:08;73.33;23.54;9342;2025;14.0;132;1332;0;yes;2498
369;11:45:21;73.28;22.77;9293;2081;12.9;124;1322;0;yes;2493
369;11:45:34;73.2;22.09;9246;2102;11.8;115;1346;0;yes;2493
369;11:45:47;73.11;21.53;9194;2114;10.6;106;1377;0;yes;2493
369;11:45:59;73.02;20.99;9141;2135;9.2;94;1386;0;yes;2493
369;11:46:12;72.91;20.39;9096;2157;8.6;89;1401;0;yes;2498
369;11:46:25;72.8;19.77;9017;2171;8.6;90;1427;0;yes;2493
369;11:46:38;72.69;19.09;8976;2187;8.1;85;1469;0;yes;2498
369;11:46:51;72.6;18.55;8924;2201;6.5;69;1512;0;yes;2498
369;11:47:04;72.38;18.82;8809;2249;4.2;46;1562;0;yes;2498
369;11:47:16;72.27;18.29;8752;2254;1.7;18;1611;0;yes;2498
369;11:47:29;72.17;17.78;8700;2248;-1.1;-13;1657;0;yes;2499
369;11:47:44;72.08;16.99;8654;2239;-3.8;-42;1676;0;yes;2499
369;11:47:57;72.03;16.25;8625;2214;-5.6;-64;1690;0;yes;2498
369;11:48:10;71.99;15.59;8610;2192;-5.7;-65;1734;0;yes;2499
369;11:48:23;71.98;15.18;8606;2172;-4.7;-53;1776;0;yes;2500
369;11:48:36;71.92;14.62;8575;2153;-2.8;-31;1841;0;yes;2500
369;11:48:49;71.85;14.11;8545;2142;-0.4;-4;1915;0;yes;2501
369;11:49:02;71.76;13.34;8502;2155;2.1;23;1971;0;yes;2501
369;11:49:15;71.67;12.57;8460;2176;4.7;51;2027;0;yes;2502
369;11:49:28;71.5;11.68;8380;2188;6.6;71;2048;0;yes;2503
369;11:49:41;71.36;10.76;8310;2202;8.9;95;2081;0;yes;2502
369;11:49:55;71.23;9.83;8252;2223;11.2;120;2177;0;yes;2503
369;11:50:08;71.15;8.85;8207;2255;13.7;147;2278;0;yes;2502
369;11:50:21;71.06;7.83;8159;2270;16.2;174;2365;0;yes;2500
369;11:50:34;71.0;6.93;8137;2334;17.6;190;2461;0;yes;2502
369;11:50:47;70.94;6.04;8116;2377;17.7;193;2514;0;yes;2503
369;11:51:00;70.93;5.04;8108;2442;15.9;177;2624;0;yes;2503
369;11:51:13;70.86;4.04;8068;2483;13.2;149;2692;0;yes;2500
369;11:51:26;70.94;2.93;8111;2509;8.8;103;2776;0;yes;2503
369;11:51:39;70.94;1.86;8102;2533;4.9;59;2858;0;yes;2500
369;11:51:53;70.95;0.79;8119;2537;2.5;31;2897;0;yes;2503
369;11:52:07;71.0;359.74;8151;2528;0.6;8;2930;0;yes;2506
369;11:52:21;70.99;358.77;8138;2498;-1.0;-13;2979;0;yes;2503
369;11:52:34;70.96;358.07;8130;2475;;;;0;yes;2506
370;11:42:46;59.49;47.16;4742;168;;;200;0;yes;2500
370;11:42:58;58.54;46.61;4553;212;455.6;282;247;0;yes;2500
370;11:43:11;57.84;45.59;4418;236;485.3;319;319;0;yes;2500
370;11:43:26;57.78;44.72;4409;307;483.6;348;584;0;yes;2501
370;11:43:39;57.58;42.44;4374;439;448.9;361;716;0;yes;2501
370;11:43:51;57.02;41.14;4272;503;436.6;393;798;0;yes;2501
370;11:44:04;56.38;38.61;4160;611;367.7;403;862;0;yes;2501
370;11:44:17;55.28;36.05;3973;716;249.3;379;929;0;yes;2500
370;11:44:30;54.69;34.26;3877;786;160.9;335;1018;0;yes;2499
370;11:44:43;54.06;32.55;3779;851;120.6;303;1047;0;yes;2498
370;11:44:55;53.36;31.05;3673;903;87.3;266;1104;0;yes;2498
370;11:45:08;52.73;29.39;3581;950;69.5;244;1192;0;yes;2498
370;11:45:21;52.12;27.72;3487;995;61.5;236;;0;yes;2493
370;11:45:34;51.4;26.0;3390;1041;52.4;217;;0;yes;2493
370;11:45:47;50.69;24.16;3296;1093;43.2;191;;0;yes;2493
370;11:45:59;49.96;22.1;3203;1148;33.4;157;;0;yes;2493
370;11:46:12;49.26;20.06;3124;1199;23.7;118;;0;yes;2498
370;11:46:25;48.58;18.11;3035;1231;15.0;79;;0;yes;2493
370;11:46:38;48.1;15.64;2985;1308;7.5;41;;0;yes;2498
370;11:46:51;47.39;13.22;2905;1178;2.1;12;;0;yes;2498
370;11:47:04;46.74;10.89;2833;1190;-1.3;-8;;0;yes;2498
370;11:47:16;46.13;8.51;2767;1194;-1.9;-12;;0;yes;2498
370;11:47:29;45.52;6.23;2703;1198;-2.4;-14;;0;yes;2499
370;11:47:44;45.06;3.68;2656;1204;-2.8;-17;;0;yes;2499
370;11:47:57;44.68;0.56;2615;1180;-4.2;-25;;0;yes;2498
370;11:48:10;44.58;357.81;2607;1176;-5.0;-30;;0;yes;2499
370;11:48:23;44.39;355.4;2587;1174;-5.3;-32;;0;yes;2500
370;11:48:36;44.07;353.12;2556;1167;-4.1;-25;;0;yes;2500
370;11:48:49;43.75;350.8;2526;1146;-2.5;-15;;0;yes;2501
370;11:49:02;43.5;348.71;2502;1138;0.1;0;;0;yes;2501
370;11:49:15;43.26;346.23;2479;1132;2.9;16;;0;yes;2502
370;11:49:28;43.24;343.44;2479;1162;6.7;38;;0;yes;2503
370;11:49:41;43.24;340.31;2478;1162;12.2;69;;0;yes;2502
370;11:49:55;43.68;337.38;2521;1188;14.8;83;;0;yes;2503
370;11:50:08;43.98;334.56;2549;1199;15.5;88;;0;yes;2502
370;11:50:21;44.55;332.1;2604;1228;14.7;84;;0;yes;2500
370;11:50:34;45.25;330.19;2677;1278;21.0;122;;0;yes;2502
370;11:50:47;45.86;327.88;2744;1285;23.7;139;;0;yes;2503
370;11:51:00;46.61;325.95;2823;1278;24.3;144;;0;yes;2503
370;11:51:13;47.42;324.15;2910;1244;21.6;131;;0;yes;2500
370;11:51:26;48.2;323.12;3002;1462;17.4;108;;0;yes;2503
370;11:51:39;48.88;321.86;3080;1440;13.4;84;;0;yes;2500
370;11:51:53;49.61;321.07;3172;1435;11.6;74;;0;yes;2503
370;11:52:07;50.31;320.27;3264;1416;6.5;42;2074;0;yes;2506
370;11:52:21;51.13;319.1;3368;1367;-4.9;-36;2008;0;yes;2503
370;11:52:34;51.59;318.32;3359;1359;;;;0;no;2506
371;11:42:58;76.84;340.17;11534;507;;;;0;no;2500
371;11:43:11;76.24;334.35;11562;375;11.2;22;;0;no;2500
371;11:43:26;76.33;333.72;11516;395;9.7;19;411;0;yes;2501
371;11:43:39;76.38;332.84;11565;405;8.4;16;418;0;yes;2501
371;11:43:51;76.47;332.19;11645;416;7.1;14;419;0;yes;2501
371;11:44:04;76.52;331.55;11688;423;5.0;10;416;0;yes;2501
371;11:44:17;76.6;330.85;11751;420;2.8;6;425;0;yes;2500
371;11:44:30;76.67;330.21;11810;418;1.4;3;439;0;yes;2499
371;11:44:43;76.73;329.56;11869;417;0.1;0;437;0;yes;2498
371;11:44:55;77.07;329.44;11892;355;-0.7;-1;;0;no;2498
371;11:45:08;77.15;328.86;11912;341;;;;0;no;2498
371;11:45:21;77.21;328.16;11911;340;;;;0;no;2493
371;11:45:34;77.28;327.57;11932;326;;;;0;no;2493
371;11:45:47;77.33;326.92;11953;322;;;;0;no;2493
371;11:45:59;77.22;327.69;11975;447;;;;1;no;2493
371;11:46:12;77.28;327.19;12025;479;;;;1;no;2498
371;11:46:25;77.29;326.77;12022;474;;;;1;no;2493
371;11:46:38;76.95;326.96;12067;556;;;;1;no;2498
371;11:46:51;76.92;326.38;12038;560;;;;1;no;2498
371;11:47:04;76.91;325.8;12035;586;;;;1;no;2498
371;11:47:16;76.85;325.63;12141;658;;;;1;no;2498
371;11:47:29;76.86;325.16;12183;676;;;;1;no;2499
371;11:47:44;76.88;324.72;12219;710;;;;1;no;2499
371;11:47:57;76.87;324.35;12260;732;;;;0;no;2498
371;11:48:10;77.51;322.16;12301;514;;;;0;no;2499
371;11:48:23;77.64;321.48;12342;495;;;;0;no;2500
371;11:48:36;76.91;323.08;12383;793;;;;1;no;2500
371;11:48:49;76.91;322.56;12426;808;;;;1;no;2501
371;11:49:02;77.67;318.31;12472;207;;;;0;no;2501
371;11:49:15;77.96;317.59;12518;119;;;;0;no;2502
372;11:43:26;58.17;50.15;4483;95;;;104;0;yes;2501
372;11:43:39;57.1;49.63;4285;126;419.5;171;162;0;yes;2501
372;11:43:51;56.62;48.23;4200;209;302.5;149;310;0;yes;2501
372;11:44:04;55.61;47.54;4030;253;231.9;131;370;0;yes;2501
372;11:44:17;54.58;46.83;3862;284;186.9;119;433;0;yes;2500
372;11:44:30;53.56;46.26;3703;302;106.3;91;;0;yes;2499
372;11:44:43;52.44;45.62;3541;308;59.4;64;;0;yes;2498
372;11:44:55;51.39;44.85;3397;316;29.3;38;;0;yes;2498
372;11:45:08;50.4;43.83;3265;330;11.1;16;;0;yes;2498
372;11:45:21;49.39;42.76;3133;345;-1.7;-2;;0;yes;2493
372;11:45:34;48.47;41.79;3023;331;-12.5;-20;;0;yes;2493
372;11:45:47;47.57;40.76;2918;321;-41.7;-68;;0;yes;2493
372;11:45:59;46.47;39.67;2797;307;-67.7;-121;;0;yes;2493
372;11:46:12;45.23;38.4;2671;293;-78.8;-153;;0;yes;2498
372;11:46:25;43.89;36.94;2531;277;-83.8;-170;;0;yes;2493
372;11:46:38;40.86;33.76;2255;165;-86.4;-172;;0;yes;2498
372;11:46:51;39.07;32.6;2101;102;-88.6;-181;;0;yes;2498
372;11:47:04;37.65;29.77;1986;89;-90.1;-184;;0;yes;2498
372;11:47:16;36.29;26.66;1881;59;-89.8;-168;;0;yes;2498
372;11:47:29;35.22;23.53;1801;25;;;;0;no;2499
373;11:43:39;61.54;173.15;5169;61;;;;0;no;2501
373;11:43:51;61.74;174.47;5213;128;75.4;45;118;0;yes;2501
373;11:44:04;61.85;176.23;5236;145;75.9;46;134;0;yes;2501
373;11:44:17;61.94;177.74;5254;159;73.7;46;168;0;yes;2500
373;11:44:30;62.1;179.45;5286;186;73.7;46;205;0;yes;2499
373;11:44:43;62.12;181.33;5289;203;74.2;48;273;0;yes;2498
373;11:44:55;62.06;184.5;5275;299;151.7;108;;1;no;2498
373;11:45:08;62.23;186.41;5313;329;179.5;129;;1;no;2498
373;11:45:21;62.42;188.26;5344;343;180.4;136;;1;no;2493
373;11:45:34;62.58;189.95;5380;346;169.2;135;;1;no;2493
373;11:45:47;62.77;191.54;5426;345;147.3;127;;1;no;2493
373;11:45:59;62.91;193.18;5458;341;119.3;119;;1;no;2493
373;11:46:12;63.11;194.68;5517;350;63.5;101;336;0;yes;2498
373;11:46:25;63.29;196.18;5548;372;69.1;111;383;0;yes;2493
373;11:46:38;63.45;197.6;5599;392;67.5;111;396;0;yes;2498
373;11:46:51;63.5;199.37;5610;437;66.2;112;385;0;yes;2498
373;11:47:04;63.69;200.21;5658;496;70.3;119;414;0;yes;2498
373;11:47:16;63.87;201.71;5704;509;72.8;124;443;0;yes;2498
373;11:47:29;64.06;203.12;5753;525;68.7;121;459;0;yes;2499
373;11:47:44;64.23;204.53;5799;536;;;468;0;yes;2499
374;11:43:51;70.58;70.44;8129;846;;;;0;no;2501
374;11:44:04;70.23;70.2;7986;822;;;;0;no;2501
374;11:44:17;69.77;69.82;7838;759;;;;0;no;2500
374;11:44:30;69.44;69.33;7694;707;;;;0;no;2499
374;11:44:43;69.34;65.56;7550;825;;;;1;no;2498
374;11:44:55;69.06;64.56;7313;789;;;;1;no;2498
374;11:45:08;68.7;63.56;7176;772;;;;1;no;2498
374;11:45:21;68.38;62.45;7045;763;;;;1;no;2493
374;11:45:34;68.0;61.58;6910;760;;;;1;no;2493
374;11:45:47;67.65;60.56;6791;744;13.5;49;;1;no;2493
374;11:45:59;67.29;59.8;6671;742;15.2;55;636;0;yes;2493
374;11:46:12;66.86;59.1;6546;754;16.2;58;680;0;yes;2498
374;11:46:25;66.44;58.63;6402;774;15.5;57;711;0;yes;2493
374;11:46:38;65.99;58.18;6280;796;14.8;55;731;0;yes;2498
374;11:46:51;65.51;57.73;6142;812;12.0;45;760;0;yes;2498
374;11:47:04;65.06;57.37;6018;835;8.0;31;807;0;yes;2498
374;11:47:16;64.6;57.0;5893;839;3.3;13;831;0;yes;2498
374;11:47:29;64.09;56.57;5762;827;-2.6;-11;875;0;yes;2499
374;11:47:44;63.55;56.01;5628;818;-6.3;-26;906;0;yes;2499
374;11:47:57;62.94;55.28;5478;813;-8.2;-34;919;0;yes;2498
374;11:48:10;62.39;54.71;5353;802;-7.8;-32;944;0;yes;2499
374;11:48:23;61.88;54.29;5239;776;-6.6;-28;950;0;yes;2500
374;11:48:36;61.37;53.8;5130;778;-4.7;-19;973;0;yes;2500
374;11:48:49;60.86;53.16;5024;776;-2.6;-11;959;0;yes;2501
374;11:49:02;60.19;52.57;4889;785;-2.4;-9;933;0;yes;2501
374;11:49:15;59.5;52.04;4749;789;-3.8;-15;863;0;yes;2502
374;11:49:28;58.76;51.41;4602;794;-7.2;-28;912;0;yes;2503
374;11:49:41;58.03;50.77;4459;785;-10.6;-42;841;0;yes;2502
374;11:49:55;57.29;50.53;4324;761;-18.3;-73;865;0;yes;2503
374;11:50:08;56.34;49.79;4152;740;-27.5;-112;861;0;yes;2502
374;11:50:21;55.34;48.75;3983;726;-35.5;-146;856;0;yes;2500
374;11:50:34;54.35;47.85;3828;712;-39.1;-161;851;0;yes;2502
374;11:50:47;53.22;46.66;3659;639;-39.2;-158;;0;yes;2503
374;11:51:00;52.15;45.62;3506;573;-35.1;-136;;0;yes;2503
374;11:51:13;50.78;44.2;3318;492;-25.6;-93;;0;yes;2500
374;11:51:26;49.97;42.48;3217;519;-12.1;-42;;0;yes;2503
374;11:51:39;49.34;40.54;3136;534;5.7;16;;0;yes;2500
374;11:51:53;48.71;38.29;3063;555;19.1;51;;0;yes;2503
374;11:52:07;48.04;36.04;2988;595;30.7;77;;0;yes;2506
374;11:52:21;47.11;33.35;2879;624;36.9;90;;0;yes;2503
374;11:52:34;46.25;31.04;2787;678;;;;0;yes;2506
375;11:44:04;24.56;146.95;878;115;;;;0;no;2501
375;11:44:17;22.84;153.93;1053;229;252.6;246;;0;yes;2500
375;11:44:30;21.63;160.64;991;317;241.2;253;;0;yes;2499
375;11:44:43;20.91;168.06;955;383;216.3;247;;0;yes;2498
375;11:44:55;19.84;176.6;902;463;189.2;235;;0;yes;2498
375;11:45:08;19.64;187.79;891;546;153.9;223;;0;yes;2498
375;11:45:21;20.49;196.29;932;586;121.1;202;;0;yes;2493
375;11:45:34;21.85;203.85;1000;618;84.6;166;;0;yes;2493
375;11:45:47;23.49;210.39;1084;642;50.2;119;;0;yes;2493
375;11:45:59;25.29;215.89;1178;661;29.4;81;;0;yes;2493
375;11:46:12;27.19;220.46;1283;678;19.3;57;;0;yes;2498
375;11:46:25;29.08;224.39;1387;680;12.1;38;;0;yes;2493
375;11:46:38;30.95;228.14;1504;692;7.1;23;;0;yes;2498
375;11:46:51;32.85;230.78;1631;688;3.4;11;;0;yes;2498
375;11:47:04;34.72;233.09;1764;687;1.1;4;;0;yes;2498
375;11:47:16;36.53;235.2;1899;691;-0.5;-2;;0;yes;2498
375;11:47:29;38.35;237.2;2044;689;-2.4;-8;;0;yes;2499
375;11:47:44;40.22;238.7;2200;686;-4.5;-16;;0;yes;2499
375;11:47:57;42.09;239.99;2366;670;-6.2;-22;;0;yes;2498
375;11:48:10;43.68;240.93;2517;656;-8.5;-30;;0;yes;2499
375;11:48:23;45.33;241.68;2684;686;-14.2;-50;;0;yes;2500
375;11:48:36;46.93;242.4;2855;678;-19.6;-69;;0;yes;2500
375;11:48:49;48.49;243.04;3034;652;-41.3;-142;;0;yes;2501
375;11:49:02;49.96;243.6;3214;635;-56.1;-203;;0;yes;2501
375;11:49:15;51.29;244.23;3389;585;-63.8;-240;;0;yes;2502
375;11:49:28;52.51;244.51;3558;564;-66.9;-253;;0;yes;2503
375;11:49:41;52.79;240.71;3597;357;-66.8;-245;;0;yes;2502
375;11:49:55;53.59;240.91;3715;314;-62.6;-212;563;0;yes;2503
375;11:50:08;54.2;241.4;3804;274;-53.6;-159;499;0;yes;2502
375;11:50:21;54.9;242.26;3912;269;-40.9;-103;476;0;yes;2500
375;11:50:34;55.81;242.97;4063;307;-22.6;-39;455;0;yes;2502
375;11:50:47;56.56;243.71;4193;303;-22.7;-36;428;0;yes;2503
375;11:51:00;57.45;244.29;4351;297;-31.3;-50;426;0;yes;2503
375;11:51:13;58.28;244.87;4501;285;-40.7;-65;402;0;yes;2500
375;11:51:26;59.0;245.4;4649;259;-47.2;-76;349;0;yes;2503
375;11:51:39;59.81;245.85;4810;242;-51.7;-83;318;0;yes;2500
375;11:51:53;60.52;246.54;4958;213;-54.7;-89;299;0;yes;2503
375;11:52:07;61.34;247.01;5135;189;-56.1;-90;286;0;yes;2506
375;11:52:21;62.27;247.33;5332;166;-55.7;-85;261;0;yes;2503
375;11:52:34;62.79;247.47;5457;142;;;226;0;yes;2506
376;11:44:30;43.03;181.47;2455;1251;;;;0;yes;2499
376;11:44:43;43.47;184.7;2496;1254;-22.4;-151;;0;yes;2498
376;11:44:55;44.08;187.62;2556;1258;-18.2;-120;;0;yes;2498
376;11:45:08;50.15;181.45;3233;1090;-15.0;-97;;0;yes;2498
376;11:45:21;50.17;183.71;3230;1119;-11.8;-75;;0;yes;2493
376;11:45:34;50.71;185.87;3299;1128;-7.6;-48;;0;yes;2493
376;11:45:47;51.31;187.93;3378;1138;-2.1;-14;;0;yes;2493
376;11:45:59;51.93;189.88;3461;1140;4.9;27;;0;yes;2493
376;11:46:12;52.32;191.77;3523;1154;4.8;27;;0;yes;2498
376;11:46:25;53.47;192.99;3681;1166;4.5;25;;0;yes;2493
376;11:46:38;54.11;194.46;3784;1167;4.6;26;;0;yes;2498
376;11:46:51;56.68;190.97;4205;1164;5.5;31;;0;yes;2498
376;11:47:04;56.78;192.64;4224;1161;7.0;40;;0;yes;2498
376;11:47:16;57.24;194.11;4306;1173;9.5;55;;0;yes;2498
376;11:47:29;57.48;195.83;4351;1190;11.2;64;;0;yes;2499
376;11:47:44;57.8;197.53;4409;1209;13.2;75;;0;yes;2499
376;11:47:57;61.45;197.4;5143;1262;15.6;88;1313;0;yes;2498
376;11:48:10;61.78;198.75;5216;1275;;;1317;0;yes;2499
377;11:45:08;77.66;50.92;12787;296;;;225;0;yes;2498
377;11:45:21;77.51;50.53;12599;340;84.2;123;267;0;yes;2493
377;11:45:34;77.34;50.09;12428;382;109.2;155;299;0;yes;2493
377;11:45:47;77.09;48.97;12184;495;118.4;169;;1;no;2493
377;11:45:59;76.95;48.61;12047;518;107.3;159;;1;no;2493
377;11:46:12;76.79;48.23;11919;522;108.9;164;;1;no;2498
377;11:46:25;76.68;47.87;11788;534;96.0;153;;1;no;2493
377;11:46:38;76.67;47.86;11810;495;73.8;132;384;0;yes;2498
377;11:46:51;76.37;47.14;11539;568;47.0;96;463;0;yes;2498
377;11:47:04;76.16;46.91;11360;601;25.4;64;476;0;yes;2498
377;11:47:16;76.05;47.5;11261;534;22.3;59;467;0;yes;2498
377;11:47:29;75.81;47.12;11067;573;21.3;58;504;0;yes;2499
377;11:47:44;75.59;46.73;10893;598;22.8;62;522;0;yes;2499
377;11:47:57;75.34;46.28;10693;633;19.2;54;563;0;yes;2498
377;11:48:10;75.11;45.89;10529;646;15.5;44;593;0;yes;2499
377;11:48:23;74.91;45.47;10383;672;10.0;30;661;0;yes;2500
377;11:48:36;74.72;44.95;10249;678;4.4;13;681;0;yes;2500
377;11:48:49;74.65;44.19;10204;649;-7.8;-25;692;0;yes;2501
377;11:49:02;74.5;43.55;10103;647;-20.7;-68;681;0;yes;2501
377;11:49:15;74.4;42.84;10038;650;-28.0;-95;577;0;yes;2502
377;11:49:28;74.11;42.06;9850;629;-31.7;-109;585;0;yes;2503
377;11:49:41;73.76;41.09;9624;568;-31.5;-108;530;0;yes;2502
377;11:49:55;73.45;40.17;9434;495;-28.2;-95;502;0;yes;2503
377;11:50:08;73.21;39.4;9286;499;-21.9;-71;565;0;yes;2502
377;11:50:21;72.92;38.72;9111;499;-11.9;-36;588;0;yes;2500
377;11:50:34;72.6;38.0;8939;513;0.6;1;605;0;yes;2502
377;11:50:47;72.26;37.37;8766;520;9.3;23;617;0;yes;2503
377;11:51:00;72.13;36.85;8695;524;10.8;27;607;0;yes;2503
377;11:51:13;71.85;36.31;8543;532;12.0;30;595;0;yes;2500
377;11:51:26;71.72;35.85;8486;531;12.5;32;619;0;yes;2503
377;11:51:39;71.59;35.31;8411;530;14.1;36;531;0;yes;2500
377;11:51:53;71.3;34.64;8282;551;15.4;39;544;0;yes;2503
377;11:52:07;71.04;33.96;8167;573;17.0;44;580;0;yes;2506
377;11:52:21;70.73;33.08;8019;593;19.6;50;632;0;yes;2503
377;11:52:34;72.03;34.4;7860;985;;;;1;no;2506
378;11:45:08;38.54;207.37;2057;718;;;;0;yes;2498
378;11:45:21;39.8;211.01;2158;702;-20.9;-78;;0;yes;2493
378;11:45:34;41.1;214.4;2271;680;-20.2;-74;;0;yes;2493
378;11:45:47;42.43;217.36;2391;657;-21.7;-79;;0;yes;2493
378;11:45:59;43.68;220.39;2511;615;-25.0;-90;;0;yes;2493
378;11:46:12;45.03;223.04;2650;648;-30.8;-110;;0;yes;2498
378;11:46:25;46.38;225.38;2787;616;-38.1;-135;;0;yes;2493
378;11:46:38;47.6;227.45;2928;582;-45.4;-159;;0;yes;2498
378;11:46:51;48.75;229.44;3062;537;-51.9;-180;;0;yes;2498
378;11:47:04;49.91;231.09;3205;492;-61.5;-209;;0;yes;2498
378;11:47:16;50.92;232.72;3333;436;-70.7;-237;;0;yes;2498
378;11:47:29;52.07;234.03;3490;388;-77.7;-250;;0;yes;2499
378;11:47:44;53.23;235.08;3655;346;-81.1;-244;;0;yes;2499
378;11:47:57;54.4;236.14;3830;259;-82.7;-228;330;0;yes;2498
378;11:48:10;55.44;236.77;3997;200;-82.9;-202;266;0;yes;2499
378;11:48:23;56.44;237.2;4166;151;-83.8;-193;195;0;yes;2500
378;11:48:36;57.39;237.95;4335;119;-84.0;-177;134;0;yes;2500
378;11:48:49;58.35;238.83;4518;89;-80.7;-136;88;0;yes;2501
378;11:49:02;59.42;239.69;4730;55;;;;0;no;2501
379;11:45:34;67.49;115.11;6735;637;;;612;0;yes;2493
379;11:45:47;67.16;115.73;6627;599;-48.6;-169;600;0;yes;2493
379;11:45:59;66.85;116.43;6528;549;-49.7;-169;514;0;yes;2493
379;11:46:12;66.51;117.23;6436;518;-50.4;-166;499;0;yes;2498
379;11:46:25;66.22;117.95;6336;462;-52.9;-170;490;0;yes;2493
379;11:46:38;65.87;118.65;6243;420;-57.1;-176;460;0;yes;2498
379;11:46:51;65.49;119.57;6135;394;-60.9;-178;422;0;yes;2498
379;11:47:04;65.05;120.47;6015;363;-66.7;-181;352;0;yes;2498
379;11:47:16;64.54;121.52;5876;314;-69.6;-174;306;0;yes;2498
379;11:47:29;64.1;122.6;5765;279;-71.4;-165;270;0;yes;2499
379;11:47:44;63.6;123.53;5639;239;-73.5;-158;243;0;yes;2499
379;11:47:57;62.89;124.52;5466;183;-74.5;-153;193;0;yes;2498
379;11:48:10;62.37;125.78;5348;153;-74.5;-142;152;0;yes;2499
379;11:48:23;61.72;126.79;5204;102;-74.8;-134;80;0;yes;2500
379;11:48:36;61.24;127.53;5102;46;;;;0;no;2500
380;11:45:47;54.13;246.75;3780;51;;;;0;no;2493
380;11:45:59;54.9;247.01;3901;83;111.3;43;91;0;yes;2493
380;11:46:12;55.7;247.41;4038;103;88.2;37;109;0;yes;2498
380;11:46:25;56.52;247.76;4168;125;70.9;31;124;0;yes;2493
380;11:46:38;57.28;247.99;4312;132;54.7;26;135;0;yes;2498
380;11:46:51;58.04;248.26;4452;137;29.6;16;141;0;yes;2498
380;11:47:04;58.74;248.55;4589;138;8.9;5;143;0;yes;2498
380;11:47:16;59.41;248.79;4724;139;-4.8;-3;140;0;yes;2498
380;11:47:29;60.12;249.1;4871;132;-14.6;-10;142;0;yes;2499
380;11:47:44;60.72;249.38;4993;134;-21.5;-15;142;0;yes;2499
380;11:47:57;61.45;249.75;5143;126;-26.9;-19;127;0;yes;2498
380;11:48:10;62.07;250.0;5279;124;-32.3;-23;124;0;yes;2499
380;11:48:23;62.67;250.25;5417;117;-34.4;-24;114;0;yes;2500
380;11:48:36;63.25;250.48;5555;111;-37.5;-27;107;0;yes;2500
380;11:48:49;63.85;250.64;5705;96;-39.5;-28;85;0;yes;2501
380;11:49:02;64.49;250.87;5871;85;;;73;0;yes;2501
381;11:45:59;41.92;127.73;2345;52;;;;0;no;2493
381;11:46:12;41.37;128.7;2300;167;;;;0;yes;2498
381;11:46:25;39.36;133.67;2121;267;;;;1;no;2493
381;11:46:38;38.36;135.89;2042;337;;;;1;no;2498
381;11:46:51;37.79;137.86;1997;417;;;;1;no;2498
381;11:47:04;36.92;140.58;1929;484;;;;1;no;2498
381;11:47:16;36.05;143.75;1862;528;;;;1;no;2498
381;11:47:29;38.2;150.89;2031;768;;;;1;no;2499
381;11:47:44;37.35;154.31;1963;790;;;;1;no;2499
381;11:47:57;36.56;158.41;1902;797;7.8;31;;1;no;2498
381;11:48:10;36.07;162.13;1865;803;8.4;33;;0;yes;2499
381;11:48:23;35.71;165.38;1838;822;7.9;32;;0;yes;2500
381;11:48:36;35.51;169.08;1823;833;7.1;29;;0;yes;2500
381;11:48:49;35.43;172.69;1818;836;5.1;21;;0;yes;2501
381;11:49:02;35.65;176.71;1835;856;2.2;9;;0;yes;2501
381;11:49:15;35.86;180.22;1851;850;-1.4;-6;;0;yes;2502
381;11:49:28;36.2;183.66;1878;863;-5.3;-22;;0;yes;2503
381;11:49:41;36.5;186.7;1900;842;-8.7;-37;;0;yes;2502
381;11:49:55;36.7;189.22;1916;827;-25.3;-107;;0;yes;2503
381;11:50:08;36.93;191.81;1932;793;-38.6;-170;;0;yes;2502
381;11:50:21;37.45;195.0;1972;783;-46.4;-212;;0;yes;2500
381;11:50:34;37.88;197.7;2085;795;-50.2;-231;;0;no;2502
381;11:50:47;38.07;200.2;2211;786;-52.8;-240;;0;no;2503
381;11:51:00;41.83;208.06;2346;585;-55.2;-242;;0;yes;2503
381;11:51:13;42.72;210.85;2426;528;-58.7;-241;;0;yes;2500
381;11:51:26;43.95;213.43;2547;510;-58.7;-217;;0;yes;2503
381;11:51:39;45.18;216.21;2669;472;-55.1;-169;;0;yes;2500
381;11:51:53;46.43;218.69;2804;411;-57.0;-171;;0;yes;2503
381;11:52:07;47.94;217.57;2976;295;-61.2;-189;;0;yes;2506
381;11:52:21;48.97;222.88;3095;336;-64.6;-203;;0;yes;2503
381;11:52:34;50.49;220.78;3288;236;;;;0;yes;2506
382;11:45:59;73.43;138.49;9384;113;;;112;0;yes;2493
382;11:46:12;73.18;139.45;9254;139;49.6;31;119;0;yes;2498
382;11:46:25;72.97;140.32;9116;151;39.9;26;113;0;yes;2493
382;11:46:38;72.76;141.14;9015;165;30.2;20;117;0;yes;2498
382;11:46:51;72.54;142.09;8892;170;17.3;12;123;0;yes;2498
382;11:47:04;72.33;143.06;8785;169;-9.6;-7;135;0;yes;2498
382;11:47:16;72.11;144.09;8667;169;-29.0;-24;138;0;yes;2498
382;11:47:29;71.92;145.16;8574;166;-42.4;-38;135;0;yes;2499
382;11:47:44;71.69;146.23;8461;153;-51.5;-48;125;0;yes;2499
382;11:47:57;71.5;147.34;8364;122;-57.8;-54;112;0;yes;2498
382;11:48:10;71.43;148.48;8330;114;-62.3;-57;109;0;yes;2499
382;11:48:23;71.28;149.65;8261;108;-64.4;-59;105;0;yes;2500
382;11:48:36;71.17;150.85;8212;94;-64.5;-55;86;0;yes;2500
382;11:48:49;71.09;152.04;8177;74;-61.3;-46;75;0;yes;2501
382;11:49:02;71.06;153.36;8165;57;;;48;0;yes;2501
383;11:46:12;67.85;259.19;6873;147;;;;0;no;2498
383;11:46:25;68.49;258.95;7083;107;-19.9;-10;117;0;yes;2493
383;11:46:38;68.78;258.0;7205;78;-13.3;-6;64;0;yes;2498
383;11:46:51;69.07;258.15;7316;75;-5.4;-2;70;0;yes;2498
383;11:47:04;69.34;258.36;7421;78;2.1;1;73;0;yes;2498
383;11:47:16;69.61;258.56;7528;80;21.8;8;76;0;yes;2498
383;11:47:29;69.9;258.74;7647;73;32.0;12;67;0;yes;2499
383;11:47:44;70.18;258.9;7765;84;42.4;16;82;0;yes;2499
383;11:47:57;70.38;259.05;7849;94;49.5;18;109;0;yes;2498
383;11:48:10;70.57;259.19;7937;105;56.5;20;126;0;yes;2499
383;11:48:23;70.8;259.34;8039;106;61.6;22;;1;no;2500
383;11:48:36;71.04;259.49;8152;106;;;;1;no;2500
383;11:48:49;71.3;259.6;8275;104;;;;1;no;2501
383;11:49:02;71.58;259.72;8410;105;;;;1;no;2501
383;11:49:15;71.83;260.06;8539;48;;;;1;no;2502
384;11:46:25;72.17;336.92;8678;54;;;;0;no;2493
384;11:46:38;72.04;335.89;8631;117;233.0;123;117;0;yes;2498
384;11:46:51;72.05;335.01;8633;172;208.0;122;166;0;yes;2498
384;11:47:04;71.98;334.07;8599;212;185.6;118;206;0;yes;2498
384;11:47:16;71.91;333.21;8566;249;180.9;124;232;0;yes;2498
384;11:47:29;71.97;332.34;8601;278;150.6;121;287;0;yes;2499
384;11:47:44;72.04;331.49;8634;301;127.5;117;334;0;yes;2499
384;11:47:57;72.12;330.48;8674;321;98.9;105;365;0;yes;2498
384;11:48:10;72.31;329.67;8776;370;69.0;85;465;0;yes;2499
384;11:48:23;72.3;328.72;8774;372;42.9;60;430;0;yes;2500
384;11:48:36;72.31;327.87;8780;389;18.2;28;416;0;yes;2500
384;11:48:49;72.33;326.95;8792;392;-3.1;-6;398;0;yes;2501
384;11:49:02;72.46;326.15;8863;396;-24.9;-48;405;0;yes;2501
384;11:49:15;72.53;325.35;8907;369;-35.6;-72;384;0;yes;2502
384;11:49:28;72.72;324.87;9014;343;-43.6;-92;393;0;yes;2503
384;11:49:41;72.79;324.21;9050;324;-53.8;-113;340;0;yes;2502
384;11:49:55;72.82;323.35;9067;278;-57.6;-123;286;0;yes;2503
384;11:50:08;72.79;322.25;9047;249;-60.1;-127;214;0;yes;2502
384;11:50:21;72.83;321.42;9062;131;-62.5;-130;160;0;yes;2500
384;11:50:34;72.78;321.3;9038;54;;;;0;no;2502
385;11:46:38;68.8;102.82;7211;497;;;650;0;yes;2498
385;11:46:51;68.44;103.25;7080;477;-3.2;-8;627;0;yes;2498
385;11:47:04;68.1;103.66;6961;447;7.2;17;606;0;yes;2498
385;11:47:16;67.84;103.98;6869;421;16.0;36;559;0;yes;2498
385;11:47:29;67.66;103.99;6810;442;22.7;51;429;0;yes;2499
385;11:47:44;67.31;104.12;6694;474;37.8;82;466;0;yes;2499
385;11:47:57;66.84;104.45;6540;502;49.3;104;502;0;yes;2498
385;11:48:10;66.45;104.76;6421;532;54.0;114;528;0;yes;2499
385;11:48:23;66.06;104.81;6304;558;52.9;115;581;0;yes;2500
385;11:48:36;65.69;105.09;6197;592;43.6;102;632;0;yes;2500
385;11:48:49;65.28;105.3;6084;612;33.0;82;656;0;yes;2501
385;11:49:02;64.85;105.59;5968;630;20.8;56;681;0;yes;2501
385;11:49:15;64.42;105.85;5856;639;11.1;31;697;0;yes;2502
385;11:49:28;63.99;106.09;5746;652;3.5;11;712;0;yes;2503
385;11:49:41;63.57;106.28;5639;643;1.3;4;699;0;yes;2502
385;11:49:55;63.31;105.91;5576;603;1.1;3;678;0;yes;2503
385;11:50:08;62.84;106.17;5460;608;2.5;8;634;0;yes;2502
385;11:50:21;62.22;106.84;5314;622;4.7;15;653;0;yes;2500
385;11:50:34;61.59;107.64;5179;643;6.6;20;669;0;yes;2502
385;11:50:47;60.94;108.32;5046;655;7.4;23;687;0;yes;2503
385;11:51:00;60.3;109.1;4914;663;5.2;16;715;0;yes;2503
385;11:51:13;59.64;109.7;4774;651;1.5;5;747;0;yes;2500
385;11:51:26;58.99;110.65;4647;663;-3.0;-10;785;0;yes;2503
385;11:51:39;58.25;111.47;4497;657;-5.6;-18;789;0;yes;2500
385;11:51:53;57.53;112.41;4366;646;-7.0;-23;800;0;yes;2503
385;11:52:07;56.74;113.33;4229;636;-8.2;-28;799;0;yes;2506
385;11:52:21;55.87;114.48;4075;622;-9.3;-31;854;0;yes;2503
385;11:52:34;55.14;115.67;3959;622;;;876;0;yes;2506
386;11:46:38;60.27;150.32;4287;104;;;;0;no;2498
386;11:46:51;60.12;152.13;4220;161;;;;0;no;2498
386;11:47:04;59.8;153.67;4158;208;;;;0;no;2498
386;11:47:16;56.74;154.71;4216;404;;;;1;no;2498
386;11:47:29;56.51;156.74;4178;423;;;;1;no;2499
386;11:47:44;56.27;158.6;4137;440;-6.7;-11;;1;no;2499
386;11:47:57;54.46;160.51;3840;326;-6.2;-10;429;0;yes;2498
386;11:48:10;54.2;162.56;3800;319;-5.2;-9;415;0;yes;2499
386;11:48:23;53.96;164.72;3765;313;-4.4;-7;;0;yes;2500
386;11:48:36;53.91;166.86;3758;316;-3.1;-5;;0;yes;2500
386;11:48:49;53.9;169.05;3757;311;-3.6;-6;;0;yes;2501
386;11:49:02;53.92;171.29;3761;314;-5.1;-8;;0;yes;2501
386;11:49:15;54.01;173.38;3777;305;-9.4;-15;;0;yes;2502
386;11:49:28;52.96;173.99;3622;378;-14.0;-22;;0;yes;2503
386;11:49:41;53.08;176.2;3637;380;-18.8;-30;;0;yes;2502
386;11:49:55;54.54;179.76;3859;299;-22.6;-37;367;0;yes;2503
386;11:50:08;54.75;181.88;3890;263;-28.6;-46;310;0;yes;2502
386;11:50:21;54.17;183.4;3797;282;-31.0;-51;703;0;yes;2500
386;11:50:34;54.63;185.58;3871;231;-32.6;-53;662;0;yes;2502
386;11:50:47;56.41;188.48;3802;117;-34.7;-56;;0;no;2503
386;11:51:00;57.01;190.55;3824;52;;;;0;no;2503
387;11:47:29;57.18;61.0;4297;111;;;;0;no;2499
387;11:47:44;56.21;60.47;4126;185;;;268;0;yes;2499
387;11:47:57;54.74;58.93;3883;274;;;353;0;yes;2498
387;11:48:10;53.22;60.97;3654;458;319.9;299;;1;no;2499
387;11:48:23;52.03;60.07;3484;524;344.1;312;;1;no;2500
387;11:48:36;50.82;59.18;3322;589;396.3;336;;1;no;2500
387;11:48:49;49.52;58.33;3158;630;373.6;328;;1;no;2501
387;11:49:02;48.21;57.42;3003;664;285.7;288;;1;no;2501
387;11:49:15;46.74;56.21;2838;685;140.9;194;;1;no;2502
387;11:49:28;45.19;54.86;2673;707;-4.9;-17;;0;yes;2503
387;11:49:41;43.56;53.31;2508;669;-4.4;-16;;0;yes;2502
387;11:49:55;41.87;51.43;2350;679;-3.9;-14;;0;yes;2503
387;11:50:08;40.17;49.19;2198;677;-2.3;-8;;0;yes;2502
387;11:50:21;38.57;46.62;2062;681;-2.6;-9;;0;yes;2500
387;11:50:34;37.11;43.68;1946;673;-3.8;-13;;0;yes;2502
387;11:50:47;35.68;40.18;1838;660;-4.5;-15;;0;yes;2503
387;11:51:00;34.25;36.41;1733;649;-5.6;-19;;0;yes;2503
387;11:51:13;32.98;33.26;1641;674;-8.2;-28;;0;yes;2500
387;11:51:26;31.32;29.44;1531;669;-10.6;-36;;0;yes;2503
387;11:51:39;29.62;24.95;1421;655;-13.0;-44;;0;yes;2500
387;11:51:53;28.15;19.87;1339;644;-14.0;-48;;0;yes;2503
387;11:52:07;26.76;14.16;1263;621;-15.2;-52;;0;yes;2506
387;11:52:21;25.25;6.92;1181;594;-17.1;-59;;0;yes;2503
387;11:52:34;24.43;0.55;1138;571;;;;0;yes;2506
388;11:48:10;72.74;143.13;9595;60;;;;0;no;2499
388;11:48:23;73.66;141.09;9552;524;-23.5;-64;429;0;yes;2500
388;11:48:36;73.5;142.2;9452;510;-27.2;-74;424;0;yes;2500
388;11:48:49;73.39;143.31;9391;494;-34.6;-95;430;0;yes;2501
388;11:49:02;73.21;144.5;9283;485;-35.9;-98;445;0;yes;2501
388;11:49:15;72.92;146.04;9122;437;-37.5;-101;450;0;yes;2502
388;11:49:28;72.69;147.16;8999;421;-34.9;-92;478;0;yes;2503
388;11:49:41;72.07;148.49;8664;342;-29.9;-75;277;0;yes;2502
388;11:49:55;71.88;149.48;8570;344;-22.3;-53;304;0;yes;2503
388;11:50:08;71.71;150.5;8477;364;-11.6;-25;340;0;yes;2502
388;11:50:21;71.53;151.6;8384;377;-3.8;-8;351;0;yes;2500
388;11:50:34;71.37;152.75;8313;392;0.2;0;383;0;yes;2502
388;11:50:47;71.23;153.93;8248;404;-7.0;-13;397;0;yes;2503
388;11:51:00;71.06;154.87;8168;377;-13.6;-26;377;0;yes;2503
388;11:51:13;70.97;155.92;8118;374;-20.3;-40;382;0;yes;2500
388;11:51:26;70.78;157.14;8039;350;-24.8;-49;332;0;yes;2503
388;11:51:39;70.66;158.35;7980;334;-28.7;-56;302;0;yes;2500
388;11:51:53;70.61;159.55;7966;327;-30.8;-61;295;0;yes;2503
388;11:52:07;70.61;160.69;7974;314;-31.8;-62;294;0;yes;2506
388;11:52:21;70.58;162.0;7953;283;-30.1;-56;286;0;yes;2503
388;11:52:34;70.58;163.04;7961;232;;;252;0;yes;2506
389;11:48:23;58.79;160.02;4600;124;;;;0;no;2500
389;11:48:36;58.79;161.73;4602;200;42.9;42;237;0;yes;2500
389;11:48:49;58.63;163.41;4570;226;33.9;34;260;0;yes;2501
389;11:49:02;58.61;165.29;4568;249;20.0;21;292;0;yes;2501
389;11:49:15;58.62;167.12;4573;256;9.3;10;308;0;yes;2502
389;11:49:28;58.71;168.9;4593;273;-7.5;-9;336;0;yes;2503
389;11:49:41;58.74;170.7;4595;257;-22.1;-28;325;0;yes;2502
389;11:49:55;58.91;172.57;4631;238;-36.7;-49;295;0;yes;2503
389;11:50:08;59.1;174.37;4667;227;-46.2;-64;302;0;yes;2502
389;11:50:21;59.29;176.32;4703;211;-52.0;-72;297;0;yes;2500
389;11:50:34;59.37;178.26;4721;193;-55.5;-76;242;0;yes;2502
389;11:50:47;59.52;180.15;4755;165;-57.0;-76;183;0;yes;2503
389;11:51:00;59.79;181.9;4810;141;-58.7;-77;156;0;yes;2503
389;11:51:13;60.12;183.67;4874;120;-59.2;-75;140;0;yes;2500
389;11:51:26;60.29;185.38;4912;61;;;;0;no;2503
390;11:48:23;77.41;345.47;12536;112;;;74;0;yes;2500
390;11:48:36;77.39;344.74;12519;171;30.9;25;114;0;yes;2500
390;11:48:49;77.44;344.02;12575;203;31.9;26;152;0;yes;2501
390;11:49:02;77.45;343.45;12588;196;32.4;27;152;0;yes;2501
390;11:49:15;77.58;342.89;12722;166;38.0;32;138;0;yes;2502
390;11:49:28;77.54;342.22;12686;196;39.2;34;183;0;yes;2503
390;11:49:41;77.53;341.52;12676;207;41.2;36;205;0;yes;2502
390;11:49:55;77.52;340.8;12669;214;24.9;24;216;0;yes;2503
390;11:50:08;77.54;340.03;12675;241;7.3;8;241;0;yes;2502
390;11:50:21;77.57;339.3;12708;240;-12.0;-12;217;0;yes;2500
390;11:50:34;77.59;338.56;12737;235;-30.8;-35;201;0;yes;2502
390;11:50:47;77.65;337.77;12803;218;-40.4;-50;182;0;yes;2503
390;11:51:00;77.72;336.95;12878;186;-50.9;-70;163;0;yes;2503
390;11:51:13;77.88;336.05;13043;154;-57.6;-84;;0;yes;2500
390;11:51:26;77.95;335.25;13136;117;;;;0;yes;2503
391;11:48:49;54.28;157.62;3561;54;;;;0;no;2501
391;11:49:02;54.22;158.78;3527;134;;;;0;no;2501
391;11:49:15;53.35;159.61;3677;240;;;;1;no;2502
391;11:49:28;51.61;162.42;3433;372;86.0;130;;1;no;2503
391;11:49:41;52.03;162.85;3489;360;84.9;132;;0;yes;2502
391;11:49:55;50.69;166.27;3310;461;85.1;137;;1;no;2503
391;11:50:08;51.3;166.69;3389;432;84.7;141;;0;yes;2502
391;11:50:21;51.21;168.65;3374;473;83.8;146;;0;yes;2500
391;11:50:34;51.46;170.99;3410;521;71.8;138;;0;yes;2502
391;11:50:47;51.46;173.44;3412;560;59.8;125;;0;yes;2503
391;11:51:00;51.44;175.52;3409;596;47.7;108;;0;yes;2503
391;11:51:13;51.51;177.51;3414;609;34.2;85;;0;yes;2500
391;11:51:26;51.61;179.91;3432;627;24.2;64;;0;yes;2503
391;11:51:39;51.81;182.16;3456;633;14.9;42;;0;yes;2500
391;11:51:53;52.03;184.48;3489;638;10.3;31;;0;yes;2503
391;11:52:07;52.35;186.54;3538;650;8.0;24;;0;yes;2506
391;11:52:21;52.84;188.85;3604;645;5.3;16;900;0;yes;2503
391;11:52:34;53.15;190.57;3653;645;;;847;0;yes;2506
392;11:49:15;72.41;215.59;8843;78;;;;0;no;2502
392;11:49:28;72.57;216.45;8932;138;76.0;49;106;0;yes;2503
392;11:49:41;72.71;217.26;9004;157;72.5;48;115;0;yes;2502
392;11:49:55;72.86;218.08;9093;171;70.2;48;138;0;yes;2503
392;11:50:08;73.03;218.84;9181;193;68.2;48;155;0;yes;2502
392;11:50:21;73.21;219.64;9283;208;67.7;49;159;0;yes;2500
392;11:50:34;73.4;220.53;9396;231;68.5;51;180;0;yes;2502
392;11:50:47;73.54;221.75;9492;274;73.0;62;;1;no;2503
392;11:51:00;73.67;222.35;9567;286;59.6;56;;1;no;2503
392;11:51:13;73.82;222.94;9652;317;49.2;48;;1;no;2500
392;11:51:26;73.97;223.57;9757;298;38.3;39;;1;no;2503
392;11:51:39;74.14;223.97;9856;310;26.3;29;;1;no;2500
392;11:51:53;74.29;224.69;9968;297;17.2;20;;1;no;2503
392;11:52:07;74.46;225.36;10089;286;;;225;0;yes;2506
392;11:52:21;74.65;226.02;10209;269;;;215;0;yes;2503
392;11:52:34;74.61;226.71;10195;255;;;223;0;yes;2506
393;11:49:28;73.04;290.63;9195;137;;;118;0;yes;2503
393;11:49:41;73.24;290.23;9307;182;177.6;124;166;0;yes;2502
393;11:49:55;73.41;289.82;9409;224;175.7;130;206;0;yes;2503
393;11:50:08;73.55;289.43;9490;260;169.3;134;242;0;yes;2502
393;11:50:21;73.72;289.06;9588;288;161.5;136;271;0;yes;2500
393;11:50:34;73.88;288.71;9696;315;144.6;138;296;0;yes;2502
393;11:50:47;74.08;288.24;9827;353;124.9;135;326;0;yes;2503
393;11:51:00;74.25;287.83;9942;384;101.3;127;358;0;yes;2503
393;11:51:13;74.39;287.46;10019;415;83.7;118;385;0;yes;2500
393;11:51:26;74.55;287.1;10140;432;65.4;103;408;0;yes;2503
393;11:51:39;74.7;286.66;10238;454;48.0;85;424;0;yes;2500
393;11:51:53;74.87;286.3;10366;476;41.1;77;454;0;yes;2503
393;11:52:07;75.03;285.95;10494;495;34.8;69;462;0;yes;2506
393;11:52:21;75.22;285.51;10625;502;30.9;63;461;0;yes;2503
393;11:52:34;75.2;285.09;10620;509;;;458;0;yes;2506
